clusterNo,name,title
0,Relaxation and Study Music,Heavy Stormy Night with Torrential Rainstorm  Very Huge Thunder On Tin Roof for Deep Sleep  ASRM
0,Relaxation and Study Music,Morning Tea  Dopamine morning with Lofi Cafe  Lofi Deep Focus to study  relax  Lofi Hip Hop
0,Relaxation and Study Music,lofi hip hop radio  beats to relaxstudy to
0,Relaxation and Study Music,Less talk more action  Lofi for study work  with Rain sounds
0,Relaxation and Study Music,lofi hip hop radio  beats to relaxstudy to
0,Relaxation and Study Music,Flowing Peace  Restful Nights in Natures Arms  sleep  relax  enjoy life  ASMR
0,Relaxation and Study Music,lofi hip hop radio  beats to relaxstudy to
0,Relaxation and Study Music,Flowing Peace  Restful Nights in Natures Arms  sleep  relax  enjoy life  ASMR
0,Relaxation and Study Music,Inner Balance  432Hz  111Hz Healing Calm  Inner Peace  Release All Blockages Meditation  Sleep
0,Relaxation and Study Music,Morning Tea  Dopamine morning with Lofi Cafe  Lofi Deep Focus to study  relax  Lofi Hip Hop
0,Relaxation and Study Music,Chillhop Radio  jazzy  lofi hip hop beats
0,Relaxation and Study Music,Cozy Café Lofi with Waffle the Otter  Soft Beats lofihiphop chillmusic coffeemusic studymusic
0,Relaxation and Study Music,Flowing Peace  Restful Nights in Natures Arms  sleep  relax  enjoy life  ASMR
0,Relaxation and Study Music,Heavy Stormy Night with Torrential Rainstorm  Very Huge Thunder On Tin Roof for Deep Sleep  ASRM
0,Relaxation and Study Music,Inner Balance  432Hz  111Hz Healing Calm  Inner Peace  Release All Blockages Meditation  Sleep
0,Relaxation and Study Music,Less talk more action  Lofi for study work  with Rain sounds
0,Relaxation and Study Music,No More Insomnia  No Ads SoulResting Sleep Music Increase Deep Sleep  Melatonin Release
0,Relaxation and Study Music,fishing vibes relaxing video game music calms your mind to study sleep work
0,Relaxation and Study Music,lofi hip hop radio  beats to sleepchill to
0,Relaxation and Study Music,lofi hip hop radio  beats to relaxstudy to
0,Relaxation and Study Music,𝐏𝐥𝐚𝐲𝐥𝐢𝐬𝐭 80s Tokyo Vibes   Lofi hiphop mix  Chill  Study
0,Relaxation and Study Music,Otters Cozy Café Vibes  Calm Lofi for Work Relax lofihiphop chillmusic coffeemusic studymusic
0,Relaxation and Study Music,lofi hip hop radio  beats to relaxstudy to
0,Relaxation and Study Music,Let go of what you cant control  Lofi Rain  Study Beats  Cafe Music
0,Relaxation and Study Music,Why the rush  lofi beats for workstudy  cat jazz
0,Relaxation and Study Music,Otters Cozy Café Vibes  Calm Lofi for Work Relax lofihiphop chillmusic coffeemusic studymusic
0,Relaxation and Study Music,Waffles Forest Book Nook  Soft Lofi to Escape Withlofihiphop chillmusic coffeemusic studymusic
0,Relaxation and Study Music,10 Hours of Lofi Video Game Beats
0,Relaxation and Study Music,Waffles Forest Book Nook  Soft Lofi to Escape Withlofihiphop chillmusic coffeemusic studymusic
0,Relaxation and Study Music,Why the rush  lofi beats for workstudy  cat jazz
0,Relaxation and Study Music,lofi hip hop radio  beats to relaxstudy to
0,Relaxation and Study Music,synthwave radio  beats to chillgame to
0,Relaxation and Study Music,lofi hip hop radio  beats to relaxstudy to
0,Relaxation and Study Music,lofi hip hop radio  beats to sleepchill to
0,Relaxation and Study Music,lofi hip hop radio  beats to relaxstudy to
0,Relaxation and Study Music,Less talk more action  Lofi for study work  with Rain sounds
0,Relaxation and Study Music,Let go of what you cant control  Lofi Rain  Study Beats  Cafe Music
0,Relaxation and Study Music,Otters Cozy Café Vibes  Calm Lofi for Work Relax lofihiphop chillmusic coffeemusic studymusic
0,Relaxation and Study Music,Why the rush  lofi beats for workstudy  cat jazz
0,Relaxation and Study Music,Beautiful Relaxing Music  Stop Overthinking Stress Relief Music Sleep Music Calming Music 131
0,Relaxation and Study Music,Calming music heals the heart and calms the nervous system  Music for the soul and relaxation 4
0,Relaxation and Study Music,Cozy Café Lofi with Waffle the Otter  Soft Beats lofihiphop chillmusic coffeemusic studymusic
0,Relaxation and Study Music,Flowing Peace  Restful Nights in Natures Arms  sleep  relax  enjoy life  ASMR
0,Relaxation and Study Music,Less talk more action  Lofi for study work  with Rain sounds
0,Relaxation and Study Music,Morning Energy Playlist  Feel Good Vibes to Boost Your Mood
0,Relaxation and Study Music,sleep ambient radio  relaxing music to fall asleep to
0,Relaxation and Study Music,ANGEL FREQUENCY 777Hz  Attract Positivity  Luck  Healing Energy For Sleep  Black Screen
0,Relaxation and Study Music,RAIN Sounds for Sleeping BLACK SCREEN  Rain NO THUNDER  Calm Rain for Sleep Study
0,Relaxation and Study Music,The Talos Principle  ASMR  Sleep Aid  Relaxing beach ambience  music
0,Relaxation and Study Music,ANGEL FREQUENCY 777Hz  Attract Positivity  Luck  Healing Energy For Sleep  Black Screen
0,Relaxation and Study Music,Indepth analysis of the Nintendo Music app
0,Relaxation and Study Music,Lofi hip hop mix  Beats to RelaxStudy to 2018
0,Relaxation and Study Music,RAIN Sounds for Sleeping BLACK SCREEN  Rain NO THUNDER  Calm Rain for Sleep Study
0,Relaxation and Study Music,NINTENDO RADIO 247 Nintendo Music Live Stream
0,Relaxation and Study Music,New Age Music Relaxing Music Reiki Music Yoga Music Relaxation Music Spa Music
0,Relaxation and Study Music,Green Noise Sound To Get Enough Sleep Noise Blocking Effective With Black Screen  In 24H
0,Relaxation and Study Music,ANGEL FREQUENCY 777Hz  Attract Positivity  Luck  Healing Energy For Sleep  Black Screen
0,Relaxation and Study Music,8 HOURS Gentle Rain at Night Rain Raining Soothing Rain for Sleep Noise BlockHeadaches Study
0,Relaxation and Study Music,synthwave radio  beats to chillgame to
0,Relaxation and Study Music,RAIN Sounds for Sleeping BLACK SCREEN  Rain NO THUNDER  Calm Rain for Sleep Study
0,Relaxation and Study Music,Let go of what you cant control  Lofi Rain  Study Beats  Cafe Music
0,Relaxation and Study Music,The Talos Principle  ASMR  Sleep Aid  Relaxing beach ambience  music
0,Relaxation and Study Music,The Talos Principle  ASMR  Sleep Aid  Relaxing beach ambience  music
0,Relaxation and Study Music,lofi hip hop radio  beats to relaxstudy to
0,Relaxation and Study Music,Overthinking wont save you Action cures anxiety  Lofi Rain Beats for Study Focus
0,Relaxation and Study Music,asian lofi radio  beats to relaxstudy to
0,Relaxation and Study Music,lofi hip hop radio  beats to relaxstudy to
0,Relaxation and Study Music,peaceful piano radio  music to focusstudy to
0,Relaxation and Study Music,RAIN Sounds for Sleeping BLACK SCREEN  Rain NO THUNDER  Calm Rain for Sleep Study
0,Relaxation and Study Music,Smooth Jazz Instrumental Music  Cozy Coffee Shop Ambience with Jazz Relaxing Music to Study Work
0,Relaxation and Study Music,The Talos Principle  ASMR  Sleep Aid  Relaxing beach ambience  music
0,Relaxation and Study Music,Waffles Forest Book Nook  Soft Lofi to Escape Withlofihiphop chillmusic coffeemusic studymusic
1,"""The Witness"" Video Game",The Witness  100 11543  New World Record
1,"""The Witness"" Video Game",I Hate The Witness I Love The Witness
1,"""The Witness"" Video Game",The Witness  Full Game
1,"""The Witness"" Video Game",We Play The Witness with Jonathan Blow
1,"""The Witness"" Video Game",The Unbearable Now An Interpretation of The Witness
1,"""The Witness"" Video Game",We Play The Witness with Jonathan Blow
1,"""The Witness"" Video Game",Literary Analysis of The Witness
1,"""The Witness"" Video Game",The Witness  100 11543  New World Record
1,"""The Witness"" Video Game",The Witness  Full Game
1,"""The Witness"" Video Game",The Witness Documentary
1,"""The Witness"" Video Game",I Hate The Witness I Love The Witness
1,"""The Witness"" Video Game",We Play The Witness with Jonathan Blow
1,"""The Witness"" Video Game",The Witness  100 11543  New World Record
1,"""The Witness"" Video Game",100 Game Walkthrough  The Witness All 523 Puzzles  135 Environmental Puzzles  49 Audio Logs
1,"""The Witness"" Video Game",I Hate The Witness I Love The Witness
1,"""The Witness"" Video Game",Literary Analysis of The Witness
1,"""The Witness"" Video Game",Literary Analysis of The Witness
1,"""The Witness"" Video Game",The Witness  Part 1  Puzzle Memory  Lets Play  The Witness Gameplay Livestream
1,"""The Witness"" Video Game",The Witness Documentary
1,"""The Witness"" Video Game",The Witness  Part 1  Puzzle Memory  Lets Play  The Witness Gameplay Livestream
1,"""The Witness"" Video Game",We Play The Witness with Jonathan Blow
1,"""The Witness"" Video Game",Literary Analysis of The Witness
1,"""The Witness"" Video Game",Someone Made a Parody of The Witness And It Is HILARIOUS The Looker
1,"""The Witness"" Video Game",The Final Boss of The Witness  The Challenge
1,"""The Witness"" Video Game",What is a WitnessLike
1,"""The Witness"" Video Game",We Play The Witness with Jonathan Blow
1,"""The Witness"" Video Game",The Witness Documentary
1,"""The Witness"" Video Game",I Hate The Witness I Love The Witness
1,"""The Witness"" Video Game",Literary Analysis of The Witness
1,"""The Witness"" Video Game",The Unbearable Now An Interpretation of The Witness
1,"""The Witness"" Video Game",The Witness  Full Game
1,"""The Witness"" Video Game",What is a WitnessLike
1,"""The Witness"" Video Game",We Play The Witness with Jonathan Blow
1,"""The Witness"" Video Game",Literary Analysis of The Witness
1,"""The Witness"" Video Game",The Unbearable Now An Interpretation of The Witness
1,"""The Witness"" Video Game",The Witness Documentary
1,"""The Witness"" Video Game",The Unbearable Now An Interpretation of The Witness
1,"""The Witness"" Video Game",We Play The Witness with Jonathan Blow
1,"""The Witness"" Video Game",We Play The Witness with Jonathan Blow
1,"""The Witness"" Video Game",The Witness  100 11543  New World Record
1,"""The Witness"" Video Game",We Play The Witness with Jonathan Blow
1,"""The Witness"" Video Game",The Unbearable Now An Interpretation of The Witness
1,"""The Witness"" Video Game",I Hate The Witness I Love The Witness
1,"""The Witness"" Video Game",Literary Analysis of The Witness
1,"""The Witness"" Video Game",The Witness Any Speedrun in 449 Former World Record
1,"""The Witness"" Video Game",What is a WitnessLike
1,"""The Witness"" Video Game",100 Game Walkthrough  The Witness All 523 Puzzles  135 Environmental Puzzles  49 Audio Logs
1,"""The Witness"" Video Game",We Play The Witness with Jonathan Blow
1,"""The Witness"" Video Game",The Unbearable Now An Interpretation of The Witness
1,"""The Witness"" Video Game",The Witness  100 11543  New World Record
1,"""The Witness"" Video Game",The Witness Documentary
1,"""The Witness"" Video Game",I Hate The Witness I Love The Witness
1,"""The Witness"" Video Game",We Play The Witness with Jonathan Blow
1,"""The Witness"" Video Game",Literary Analysis of The Witness
1,"""The Witness"" Video Game",The Witness  100 11543  New World Record
1,"""The Witness"" Video Game",The Unbearable Now An Interpretation of The Witness
1,"""The Witness"" Video Game",I Hate The Witness I Love The Witness
1,"""The Witness"" Video Game",Literary Analysis of The Witness
1,"""The Witness"" Video Game",Someone Made a Parody of The Witness And It Is HILARIOUS The Looker
1,"""The Witness"" Video Game",We Play The Witness with Jonathan Blow
1,"""The Witness"" Video Game",What is a WitnessLike
1,"""The Witness"" Video Game",The Witness Any Speedrun in 449 Former World Record
1,"""The Witness"" Video Game",We Play The Witness with Jonathan Blow
1,"""The Witness"" Video Game",The Witness  100 11543  New World Record
1,"""The Witness"" Video Game",The Unbearable Now An Interpretation of The Witness
1,"""The Witness"" Video Game",100 Game Walkthrough  The Witness All 523 Puzzles  135 Environmental Puzzles  49 Audio Logs
1,"""The Witness"" Video Game",The Witness  Full Game
1,"""The Witness"" Video Game",The Witness Any Speedrun in 449 Former World Record
1,"""The Witness"" Video Game",The Witness  Part 1  Puzzle Memory  Lets Play  The Witness Gameplay Livestream
1,"""The Witness"" Video Game",The Witness 100 in 21245
1,"""The Witness"" Video Game",The Final Boss of The Witness  The Challenge
1,"""The Witness"" Video Game",The Witness  Part 1  Puzzle Memory  Lets Play  The Witness Gameplay Livestream
1,"""The Witness"" Video Game",The Witness 100 in 21245
1,"""The Witness"" Video Game",The Witness Documentary
1,"""The Witness"" Video Game",We Play The Witness with Jonathan Blow
1,"""The Witness"" Video Game",Literary Analysis of The Witness
1,"""The Witness"" Video Game",What is a WitnessLike
1,"""The Witness"" Video Game",The Unbearable Now An Interpretation of The Witness
1,"""The Witness"" Video Game",The Witness Documentary
1,"""The Witness"" Video Game",100 Game Walkthrough  The Witness All 523 Puzzles  135 Environmental Puzzles  49 Audio Logs
1,"""The Witness"" Video Game",Literary Analysis of The Witness
1,"""The Witness"" Video Game",Literary Analysis of The Witness
1,"""The Witness"" Video Game",Someone Made a Parody of The Witness And It Is HILARIOUS The Looker
1,"""The Witness"" Video Game",The Witness  100 11543  New World Record
1,"""The Witness"" Video Game",i dont think the witness is very good
2,Roguelike and Tower Defense Video Games,Monster Collection Tower Defense Roguelite  Rogue Monster Rush
2,Roguelike and Tower Defense Video Games,Monster Collection Tower Defense Roguelite  Rogue Monster Rush
2,Roguelike and Tower Defense Video Games,Can Roguelikes be Cozy Games
2,Roguelike and Tower Defense Video Games,Gnomes is the BEST Tower Defense Roguelike of 2025
2,Roguelike and Tower Defense Video Games,Monster Collection Tower Defense Roguelite  Rogue Monster Rush
2,Roguelike and Tower Defense Video Games,Monster Collection Tower Defense Roguelite  Rogue Monster Rush
2,Roguelike and Tower Defense Video Games,These are AWESOME Replacements for Your Favorite Roguelike Games
2,Roguelike and Tower Defense Video Games,Can Roguelikes be Cozy Games
2,Roguelike and Tower Defense Video Games,Tower Defense but YOU are the Bad Guys
2,Roguelike and Tower Defense Video Games,Engineering the ULTIMATE defensive tower to survive
2,Roguelike and Tower Defense Video Games,Incremental Tower Defense With Branching Builds  Outhold Demo
2,Roguelike and Tower Defense Video Games,This Mining Tower Defense Roguelike is SO GOOD
2,Roguelike and Tower Defense Video Games,Can Roguelikes be Cozy Games
2,Roguelike and Tower Defense Video Games,I finally got my hands on the sequel to one of the best roguelikes EVER  UnderMine 2
2,Roguelike and Tower Defense Video Games,Incremental Tower Defense With Branching Builds  Outhold Demo
2,Roguelike and Tower Defense Video Games,Can Roguelikes be Cozy Games
2,Roguelike and Tower Defense Video Games,This Mining Tower Defense Roguelike is SO GOOD
2,Roguelike and Tower Defense Video Games,Can Roguelikes be Cozy Games
2,Roguelike and Tower Defense Video Games,Incremental Tower Defense With Branching Builds  Outhold Demo
2,Roguelike and Tower Defense Video Games,Monster Collection Tower Defense Roguelite  Rogue Monster Rush
2,Roguelike and Tower Defense Video Games,Can Roguelikes be Cozy Games
2,Roguelike and Tower Defense Video Games,Incremental Tower Defense With Branching Builds  Outhold Demo
2,Roguelike and Tower Defense Video Games,Can Roguelikes be Cozy Games
2,Roguelike and Tower Defense Video Games,Monster Collection Tower Defense Roguelite  Rogue Monster Rush
2,Roguelike and Tower Defense Video Games,A Simplistic Yet Addicting Incremental Tower Defense  Outhold
2,Roguelike and Tower Defense Video Games,Can You Beat This Tetris Tower Defense Game  Emberward  First Look
2,Roguelike and Tower Defense Video Games,Gnomes is the BEST Tower Defense Roguelike of 2025
2,Roguelike and Tower Defense Video Games,Incremental Tower Defense With Branching Builds  Outhold Demo
2,Roguelike and Tower Defense Video Games,The MOST BREAKABLE Roguelite Ive Ever Played  9Kings
2,Roguelike and Tower Defense Video Games,These are AWESOME Replacements for Your Favorite Roguelike Games
2,Roguelike and Tower Defense Video Games,Tower Defense but YOU are the Bad Guys
2,Roguelike and Tower Defense Video Games,Incremental Tower Defense With Branching Builds  Outhold Demo
2,Roguelike and Tower Defense Video Games,Can Roguelikes be Cozy Games
2,Roguelike and Tower Defense Video Games,These are AWESOME Replacements for Your Favorite Roguelike Games
2,Roguelike and Tower Defense Video Games,This Mining Tower Defense Roguelike is SO GOOD
2,Roguelike and Tower Defense Video Games,Emberward is Still the BEST Tower Defense Roguelike
2,Roguelike and Tower Defense Video Games,This Massive Talent Tree Roguelike Just Added Overpowered Ninjas  Talented
2,Roguelike and Tower Defense Video Games,Incremental Tower Defense With Branching Builds  Outhold Demo
2,Roguelike and Tower Defense Video Games,Monster Collection Tower Defense Roguelite  Rogue Monster Rush
2,Roguelike and Tower Defense Video Games,My Favorite City Building Roguelike Got Even Better
2,Roguelike and Tower Defense Video Games,The Best Tower Defense Roguelike is Finally Here
2,Roguelike and Tower Defense Video Games,This Tower Defense  Citybuilder is Amazing
2,Roguelike and Tower Defense Video Games,Tower Defense but YOU are the Bad Guys
2,Roguelike and Tower Defense Video Games,Can Roguelikes be Cozy Games
2,Roguelike and Tower Defense Video Games,Incremental Tower Defense With Branching Builds  Outhold Demo
2,Roguelike and Tower Defense Video Games,Classic Mazing Tower Defense With NonTraditional Levels  No Creeps Were Harmed TD
2,Roguelike and Tower Defense Video Games,Incremental Tower Defense With Branching Builds  Outhold Demo
2,Roguelike and Tower Defense Video Games,These are AWESOME Replacements for Your Favorite Roguelike Games
2,Roguelike and Tower Defense Video Games,Monster Collection Tower Defense Roguelite  Rogue Monster Rush
2,Roguelike and Tower Defense Video Games,Incremental Tower Defense With Branching Builds  Outhold Demo
2,Roguelike and Tower Defense Video Games,Can Roguelikes be Cozy Games
2,Roguelike and Tower Defense Video Games,Can Roguelikes be Cozy Games
2,Roguelike and Tower Defense Video Games,These are AWESOME Replacements for Your Favorite Roguelike Games
3,"Puzzle Video Game Walkthroughs and Reviews: Death Squared 2, The Talos Principle, The Gardens Between",Death Squared  2  Offensive Cubism 4 Player Gameplay
3,"Puzzle Video Game Walkthroughs and Reviews: Death Squared 2, The Talos Principle, The Gardens Between",The Talos Principle  Full Game Walkthrough All Endings
3,"Puzzle Video Game Walkthroughs and Reviews: Death Squared 2, The Talos Principle, The Gardens Between",The Talos Principle 2 OST
3,"Puzzle Video Game Walkthroughs and Reviews: Death Squared 2, The Talos Principle, The Gardens Between",Death Squared  2  Offensive Cubism 4 Player Gameplay
3,"Puzzle Video Game Walkthroughs and Reviews: Death Squared 2, The Talos Principle, The Gardens Between",The Gardens Between 71  Walkthrough  Playthrough
3,"Puzzle Video Game Walkthroughs and Reviews: Death Squared 2, The Talos Principle, The Gardens Between",The Talos Principle 2  Full Game Walkthrough No Commentary  100 Achievements Part 12
3,"Puzzle Video Game Walkthroughs and Reviews: Death Squared 2, The Talos Principle, The Gardens Between",The Talos Principle 2 OST
3,"Puzzle Video Game Walkthroughs and Reviews: Death Squared 2, The Talos Principle, The Gardens Between",The Talos Principle Timeline  COMPLETE Talos Principle Story  Lore
3,"Puzzle Video Game Walkthroughs and Reviews: Death Squared 2, The Talos Principle, The Gardens Between",The Gardens Between 51  Walkthrough  Playthrough
3,"Puzzle Video Game Walkthroughs and Reviews: Death Squared 2, The Talos Principle, The Gardens Between",The Talos Principle 2 OST
3,"Puzzle Video Game Walkthroughs and Reviews: Death Squared 2, The Talos Principle, The Gardens Between",The Gardens Between 61  Walkthrough  Playthrough
3,"Puzzle Video Game Walkthroughs and Reviews: Death Squared 2, The Talos Principle, The Gardens Between",The Talos Principle  Full Game Walkthrough All Endings
3,"Puzzle Video Game Walkthroughs and Reviews: Death Squared 2, The Talos Principle, The Gardens Between",Baba Is You Full Game Walkthrough No Commentary  100 Achievements
3,"Puzzle Video Game Walkthroughs and Reviews: Death Squared 2, The Talos Principle, The Gardens Between",Exclusive Interview The Talos Principle 2
3,"Puzzle Video Game Walkthroughs and Reviews: Death Squared 2, The Talos Principle, The Gardens Between",The Gardens Between  Full Gameplay Walkthrough Video iOS Android
3,"Puzzle Video Game Walkthroughs and Reviews: Death Squared 2, The Talos Principle, The Gardens Between",The Gardens Between 100 Full Platinum Walkthrough  Trophy  Achievement Guide  Easy Platinum
3,"Puzzle Video Game Walkthroughs and Reviews: Death Squared 2, The Talos Principle, The Gardens Between",The Gardens Between 51  Walkthrough  Playthrough
3,"Puzzle Video Game Walkthroughs and Reviews: Death Squared 2, The Talos Principle, The Gardens Between",The Gardens Between 71  Walkthrough  Playthrough
3,"Puzzle Video Game Walkthroughs and Reviews: Death Squared 2, The Talos Principle, The Gardens Between",The Gardens Between Walkthrough 100 Achievements Guide
3,"Puzzle Video Game Walkthroughs and Reviews: Death Squared 2, The Talos Principle, The Gardens Between",The Talos Principle  Story Explanation and Analysis
3,"Puzzle Video Game Walkthroughs and Reviews: Death Squared 2, The Talos Principle, The Gardens Between",The Talos Principle Timeline  COMPLETE Talos Principle Story  Lore
3,"Puzzle Video Game Walkthroughs and Reviews: Death Squared 2, The Talos Principle, The Gardens Between",Webbed  Full Game Walkthrough All Achievements
3,"Puzzle Video Game Walkthroughs and Reviews: Death Squared 2, The Talos Principle, The Gardens Between",What Does It Mean To Be Human  The Talos Principle 1 Timeline
3,"Puzzle Video Game Walkthroughs and Reviews: Death Squared 2, The Talos Principle, The Gardens Between",Death Squared  2  Offensive Cubism 4 Player Gameplay
3,"Puzzle Video Game Walkthroughs and Reviews: Death Squared 2, The Talos Principle, The Gardens Between",Death Squared  3  Death Point 4 Player Gameplay
3,"Puzzle Video Game Walkthroughs and Reviews: Death Squared 2, The Talos Principle, The Gardens Between",Exclusive Interview The Talos Principle 2
3,"Puzzle Video Game Walkthroughs and Reviews: Death Squared 2, The Talos Principle, The Gardens Between",THE GARDENS BETWEEN PS4 PRO  Platinum Trophy Guide Walkthrough Easy 12 hr Platinum
3,"Puzzle Video Game Walkthroughs and Reviews: Death Squared 2, The Talos Principle, The Gardens Between",The Gardens Between  100 Full Game Walkthrough  All AchievementsTrophies  FREE with Game Pass
3,"Puzzle Video Game Walkthroughs and Reviews: Death Squared 2, The Talos Principle, The Gardens Between",The Gardens Between  Full Gameplay Walkthrough Video iOS Android
3,"Puzzle Video Game Walkthroughs and Reviews: Death Squared 2, The Talos Principle, The Gardens Between",Death Squared  Level 2130 Walkthrough Gameplay  ios
3,"Puzzle Video Game Walkthroughs and Reviews: Death Squared 2, The Talos Principle, The Gardens Between",Rob Riches World 1 Walkthrough  iOSAndroid Gameplay by Megapop
3,"Puzzle Video Game Walkthroughs and Reviews: Death Squared 2, The Talos Principle, The Gardens Between",The Gardens Between 51  Walkthrough  Playthrough
3,"Puzzle Video Game Walkthroughs and Reviews: Death Squared 2, The Talos Principle, The Gardens Between",The Talos Principle 2 OST
3,"Puzzle Video Game Walkthroughs and Reviews: Death Squared 2, The Talos Principle, The Gardens Between",The Talos Principle II  Full Soundtrack  Unreleased Tracks
3,"Puzzle Video Game Walkthroughs and Reviews: Death Squared 2, The Talos Principle, The Gardens Between",Exclusive Interview The Talos Principle 2
3,"Puzzle Video Game Walkthroughs and Reviews: Death Squared 2, The Talos Principle, The Gardens Between",Death Squared  2  Offensive Cubism 4 Player Gameplay
3,"Puzzle Video Game Walkthroughs and Reviews: Death Squared 2, The Talos Principle, The Gardens Between",THE GARDENS BETWEEN PS4 PRO  Platinum Trophy Guide Walkthrough Easy 12 hr Platinum
3,"Puzzle Video Game Walkthroughs and Reviews: Death Squared 2, The Talos Principle, The Gardens Between",The Gardens Between  100 Full Game Walkthrough  All AchievementsTrophies  FREE with Game Pass
3,"Puzzle Video Game Walkthroughs and Reviews: Death Squared 2, The Talos Principle, The Gardens Between",The Gardens Between 62  Walkthrough  Playthrough
3,"Puzzle Video Game Walkthroughs and Reviews: Death Squared 2, The Talos Principle, The Gardens Between",The Gardens Between 62  Walkthrough  Playthrough
3,"Puzzle Video Game Walkthroughs and Reviews: Death Squared 2, The Talos Principle, The Gardens Between",The Gardens Between 71  Walkthrough  Playthrough
3,"Puzzle Video Game Walkthroughs and Reviews: Death Squared 2, The Talos Principle, The Gardens Between",The Talos Principle  Full Game Walkthrough All Endings
3,"Puzzle Video Game Walkthroughs and Reviews: Death Squared 2, The Talos Principle, The Gardens Between",The Talos Principle Timeline  COMPLETE Talos Principle Story  Lore
3,"Puzzle Video Game Walkthroughs and Reviews: Death Squared 2, The Talos Principle, The Gardens Between",Ys Original I Mobile  Gameplay Walkthrough Part 2 Android iOS
3,"Puzzle Video Game Walkthroughs and Reviews: Death Squared 2, The Talos Principle, The Gardens Between",The Talos Principle 2 OST
3,"Puzzle Video Game Walkthroughs and Reviews: Death Squared 2, The Talos Principle, The Gardens Between",The Talos Principle 2  Fully Ramblomatic
3,"Puzzle Video Game Walkthroughs and Reviews: Death Squared 2, The Talos Principle, The Gardens Between",Death Squared Part 1  Funhaus Gameplay
3,"Puzzle Video Game Walkthroughs and Reviews: Death Squared 2, The Talos Principle, The Gardens Between",The Talos Principle 2 is BETTER than 1 Heres Why
3,"Puzzle Video Game Walkthroughs and Reviews: Death Squared 2, The Talos Principle, The Gardens Between",The Talos Principle 2 33 Minutes of Gameplay
3,"Puzzle Video Game Walkthroughs and Reviews: Death Squared 2, The Talos Principle, The Gardens Between",The Talos Principle 2 OST
3,"Puzzle Video Game Walkthroughs and Reviews: Death Squared 2, The Talos Principle, The Gardens Between",Death Squared Part 2  Funhaus Gameplay
3,"Puzzle Video Game Walkthroughs and Reviews: Death Squared 2, The Talos Principle, The Gardens Between",The Gardens Between 52  Walkthrough  Playthrough
3,"Puzzle Video Game Walkthroughs and Reviews: Death Squared 2, The Talos Principle, The Gardens Between",The Gardens Between 8  Ending  Credits  Walkthrough  Playthrough
3,"Puzzle Video Game Walkthroughs and Reviews: Death Squared 2, The Talos Principle, The Gardens Between",The Talos Principle 2 is BETTER than 1 Heres Why
3,"Puzzle Video Game Walkthroughs and Reviews: Death Squared 2, The Talos Principle, The Gardens Between",The Talos Principle 2  Fully Ramblomatic
3,"Puzzle Video Game Walkthroughs and Reviews: Death Squared 2, The Talos Principle, The Gardens Between",The Talos Principle 2  Launch Trailer
3,"Puzzle Video Game Walkthroughs and Reviews: Death Squared 2, The Talos Principle, The Gardens Between",The Talos Principle 2 OST
3,"Puzzle Video Game Walkthroughs and Reviews: Death Squared 2, The Talos Principle, The Gardens Between",The Talos Principle 2  Fully Ramblomatic
3,"Puzzle Video Game Walkthroughs and Reviews: Death Squared 2, The Talos Principle, The Gardens Between",The Talos Principle Timeline  COMPLETE Talos Principle Story  Lore
3,"Puzzle Video Game Walkthroughs and Reviews: Death Squared 2, The Talos Principle, The Gardens Between",The Talos Principle 2 OST
3,"Puzzle Video Game Walkthroughs and Reviews: Death Squared 2, The Talos Principle, The Gardens Between",The Talos Principle 2 OST
3,"Puzzle Video Game Walkthroughs and Reviews: Death Squared 2, The Talos Principle, The Gardens Between",The Talos Principle 2 is BETTER than 1 Heres Why
3,"Puzzle Video Game Walkthroughs and Reviews: Death Squared 2, The Talos Principle, The Gardens Between",The Talos Principle 2 33 Minutes of Gameplay
3,"Puzzle Video Game Walkthroughs and Reviews: Death Squared 2, The Talos Principle, The Gardens Between",The Talos Principle Timeline  COMPLETE Talos Principle Story  Lore
3,"Puzzle Video Game Walkthroughs and Reviews: Death Squared 2, The Talos Principle, The Gardens Between",The Gardens Between 61  Walkthrough  Playthrough
3,"Puzzle Video Game Walkthroughs and Reviews: Death Squared 2, The Talos Principle, The Gardens Between",The Gardens Between 71  Walkthrough  Playthrough
3,"Puzzle Video Game Walkthroughs and Reviews: Death Squared 2, The Talos Principle, The Gardens Between",The Talos Principle  Story Explanation and Analysis
3,"Puzzle Video Game Walkthroughs and Reviews: Death Squared 2, The Talos Principle, The Gardens Between",The Talos Principle 2 Review
3,"Puzzle Video Game Walkthroughs and Reviews: Death Squared 2, The Talos Principle, The Gardens Between",The Talos Principle 2  Gameplay Trailer
3,"Puzzle Video Game Walkthroughs and Reviews: Death Squared 2, The Talos Principle, The Gardens Between",The Talos Principle 2  Launch Trailer
3,"Puzzle Video Game Walkthroughs and Reviews: Death Squared 2, The Talos Principle, The Gardens Between",Death Squared  2  Offensive Cubism 4 Player Gameplay
3,"Puzzle Video Game Walkthroughs and Reviews: Death Squared 2, The Talos Principle, The Gardens Between",The Talos Principle 2 OST
3,"Puzzle Video Game Walkthroughs and Reviews: Death Squared 2, The Talos Principle, The Gardens Between",The Talos Principle II  Full Soundtrack  Unreleased Tracks
3,"Puzzle Video Game Walkthroughs and Reviews: Death Squared 2, The Talos Principle, The Gardens Between",Death Squared  2  Offensive Cubism 4 Player Gameplay
3,"Puzzle Video Game Walkthroughs and Reviews: Death Squared 2, The Talos Principle, The Gardens Between",Death Squared  Level 2130 Walkthrough Gameplay  ios
3,"Puzzle Video Game Walkthroughs and Reviews: Death Squared 2, The Talos Principle, The Gardens Between",I played 100 of The Talos Principle 2 and heres what I think
3,"Puzzle Video Game Walkthroughs and Reviews: Death Squared 2, The Talos Principle, The Gardens Between",THE GARDENS BETWEEN PS4 PRO  Platinum Trophy Guide Walkthrough Easy 12 hr Platinum
3,"Puzzle Video Game Walkthroughs and Reviews: Death Squared 2, The Talos Principle, The Gardens Between",The Gardens Between  100 Full Game Walkthrough  All AchievementsTrophies  FREE with Game Pass
3,"Puzzle Video Game Walkthroughs and Reviews: Death Squared 2, The Talos Principle, The Gardens Between",The Gardens Between  Full Gameplay Walkthrough Video iOS Android
3,"Puzzle Video Game Walkthroughs and Reviews: Death Squared 2, The Talos Principle, The Gardens Between",What Does It Mean To Be Human  The Talos Principle 1 Timeline
3,"Puzzle Video Game Walkthroughs and Reviews: Death Squared 2, The Talos Principle, The Gardens Between",Baba Is You Full Game Walkthrough No Commentary  100 Achievements
3,"Puzzle Video Game Walkthroughs and Reviews: Death Squared 2, The Talos Principle, The Gardens Between",Death Squared Part 2  Funhaus Gameplay
3,"Puzzle Video Game Walkthroughs and Reviews: Death Squared 2, The Talos Principle, The Gardens Between",The Gardens Between 52  Walkthrough  Playthrough
3,"Puzzle Video Game Walkthroughs and Reviews: Death Squared 2, The Talos Principle, The Gardens Between",The Gardens Between 71  Walkthrough  Playthrough
3,"Puzzle Video Game Walkthroughs and Reviews: Death Squared 2, The Talos Principle, The Gardens Between",The Gardens Between 72  Walkthrough  Playthrough
3,"Puzzle Video Game Walkthroughs and Reviews: Death Squared 2, The Talos Principle, The Gardens Between",The Talos Principle 2  All 3 Endings  Secret Scenes Bonuses Compilation
3,"Puzzle Video Game Walkthroughs and Reviews: Death Squared 2, The Talos Principle, The Gardens Between",The Talos Principle 2  Demo OST
3,"Puzzle Video Game Walkthroughs and Reviews: Death Squared 2, The Talos Principle, The Gardens Between",The Talos Principle 2 Review  Philosophical Portal Perfected
3,"Puzzle Video Game Walkthroughs and Reviews: Death Squared 2, The Talos Principle, The Gardens Between",The Talos Principle 2 33 Minutes of Gameplay
3,"Puzzle Video Game Walkthroughs and Reviews: Death Squared 2, The Talos Principle, The Gardens Between",The Talos Principle All Easter Eggs And Secrets  Part 1
3,"Puzzle Video Game Walkthroughs and Reviews: Death Squared 2, The Talos Principle, The Gardens Between",The Talos Principle Timeline  COMPLETE Talos Principle Story  Lore
3,"Puzzle Video Game Walkthroughs and Reviews: Death Squared 2, The Talos Principle, The Gardens Between",The Talos Principle II  Full Soundtrack  Unreleased Tracks
3,"Puzzle Video Game Walkthroughs and Reviews: Death Squared 2, The Talos Principle, The Gardens Between",The Talos Principle 2 OST
3,"Puzzle Video Game Walkthroughs and Reviews: Death Squared 2, The Talos Principle, The Gardens Between",The Talos Principle Timeline  COMPLETE Talos Principle Story  Lore
3,"Puzzle Video Game Walkthroughs and Reviews: Death Squared 2, The Talos Principle, The Gardens Between",Death Squared  Level 2130 Walkthrough Gameplay  ios
3,"Puzzle Video Game Walkthroughs and Reviews: Death Squared 2, The Talos Principle, The Gardens Between",THE GARDENS BETWEEN PS4 PRO  Platinum Trophy Guide Walkthrough Easy 12 hr Platinum
3,"Puzzle Video Game Walkthroughs and Reviews: Death Squared 2, The Talos Principle, The Gardens Between",The Gardens Between  Easy Platinum Trophy Walkthrough
3,"Puzzle Video Game Walkthroughs and Reviews: Death Squared 2, The Talos Principle, The Gardens Between",The Talos Principle Making Of
3,"Puzzle Video Game Walkthroughs and Reviews: Death Squared 2, The Talos Principle, The Gardens Between",Baba Is You Full Game Walkthrough No Commentary  100 Achievements
3,"Puzzle Video Game Walkthroughs and Reviews: Death Squared 2, The Talos Principle, The Gardens Between",Death Squared Part 2  Funhaus Gameplay
3,"Puzzle Video Game Walkthroughs and Reviews: Death Squared 2, The Talos Principle, The Gardens Between",The Gardens Between 61  Walkthrough  Playthrough
3,"Puzzle Video Game Walkthroughs and Reviews: Death Squared 2, The Talos Principle, The Gardens Between",The Talos Principle 2  Full Game Walkthrough No Commentary  100 Achievements Part 12
3,"Puzzle Video Game Walkthroughs and Reviews: Death Squared 2, The Talos Principle, The Gardens Between",What Does It Mean To Be Human  The Talos Principle 1 Timeline
3,"Puzzle Video Game Walkthroughs and Reviews: Death Squared 2, The Talos Principle, The Gardens Between",Analyzing The Philosophy of The Talos Principle
3,"Puzzle Video Game Walkthroughs and Reviews: Death Squared 2, The Talos Principle, The Gardens Between",Analyzing The Philosophy of The Talos Principle
3,"Puzzle Video Game Walkthroughs and Reviews: Death Squared 2, The Talos Principle, The Gardens Between",Baba Is You Full Game Walkthrough No Commentary  100 Achievements
3,"Puzzle Video Game Walkthroughs and Reviews: Death Squared 2, The Talos Principle, The Gardens Between",Behind the Schemes  The Talos Principle 2 with Croteam
3,"Puzzle Video Game Walkthroughs and Reviews: Death Squared 2, The Talos Principle, The Gardens Between",Day9s Day Off  The Talos Principle P1
3,"Puzzle Video Game Walkthroughs and Reviews: Death Squared 2, The Talos Principle, The Gardens Between",Death Squared  3  Death Point 4 Player Gameplay
3,"Puzzle Video Game Walkthroughs and Reviews: Death Squared 2, The Talos Principle, The Gardens Between",Death Squared Part 2  Funhaus Gameplay
3,"Puzzle Video Game Walkthroughs and Reviews: Death Squared 2, The Talos Principle, The Gardens Between",I played 100 of The Talos Principle 2 and heres what I think
3,"Puzzle Video Game Walkthroughs and Reviews: Death Squared 2, The Talos Principle, The Gardens Between",Lab Rat  Full Game Walkthrough No Commentary  100 Achievements
3,"Puzzle Video Game Walkthroughs and Reviews: Death Squared 2, The Talos Principle, The Gardens Between",The Gardens Between  Full Gameplay Walkthrough Video iOS Android
3,"Puzzle Video Game Walkthroughs and Reviews: Death Squared 2, The Talos Principle, The Gardens Between",The Gardens Between 73  Walkthrough  Playthrough
3,"Puzzle Video Game Walkthroughs and Reviews: Death Squared 2, The Talos Principle, The Gardens Between",The Gardens Between Walkthrough 100 Achievements Guide
3,"Puzzle Video Game Walkthroughs and Reviews: Death Squared 2, The Talos Principle, The Gardens Between",The Talos Principle  FULL GAME WALKTHROUGH GAMEPLAY  ALL ENDINGS
3,"Puzzle Video Game Walkthroughs and Reviews: Death Squared 2, The Talos Principle, The Gardens Between",The Talos Principle  Full Game Walkthrough All Endings
3,"Puzzle Video Game Walkthroughs and Reviews: Death Squared 2, The Talos Principle, The Gardens Between",The Talos Principle  Story Explanation and Analysis
3,"Puzzle Video Game Walkthroughs and Reviews: Death Squared 2, The Talos Principle, The Gardens Between",The Talos Principle 2 OST
3,"Puzzle Video Game Walkthroughs and Reviews: Death Squared 2, The Talos Principle, The Gardens Between",The Talos Principle 2 Review  Philosophical Portal Perfected
3,"Puzzle Video Game Walkthroughs and Reviews: Death Squared 2, The Talos Principle, The Gardens Between",The Talos Principle 2 33 Minutes of Gameplay
3,"Puzzle Video Game Walkthroughs and Reviews: Death Squared 2, The Talos Principle, The Gardens Between",What Does It Mean To Be Human  The Talos Principle 1 Timeline
3,"Puzzle Video Game Walkthroughs and Reviews: Death Squared 2, The Talos Principle, The Gardens Between",The Talos Principle II  Full Soundtrack  Unreleased Tracks
3,"Puzzle Video Game Walkthroughs and Reviews: Death Squared 2, The Talos Principle, The Gardens Between",The Talos Principle 2 OST
3,"Puzzle Video Game Walkthroughs and Reviews: Death Squared 2, The Talos Principle, The Gardens Between",Analyzing The Philosophy of The Talos Principle
3,"Puzzle Video Game Walkthroughs and Reviews: Death Squared 2, The Talos Principle, The Gardens Between",The Gardens Between  100 Full Game Walkthrough  All AchievementsTrophies  FREE with Game Pass
3,"Puzzle Video Game Walkthroughs and Reviews: Death Squared 2, The Talos Principle, The Gardens Between",What Does It Mean To Be Human  The Talos Principle 1 Timeline
3,"Puzzle Video Game Walkthroughs and Reviews: Death Squared 2, The Talos Principle, The Gardens Between",How NOT to pick a multiplayer game  Death Squared
3,"Puzzle Video Game Walkthroughs and Reviews: Death Squared 2, The Talos Principle, The Gardens Between",I played 100 of The Talos Principle 2 and heres what I think
3,"Puzzle Video Game Walkthroughs and Reviews: Death Squared 2, The Talos Principle, The Gardens Between",Moving In AchievementTrophy  The Gardens Between
3,"Puzzle Video Game Walkthroughs and Reviews: Death Squared 2, The Talos Principle, The Gardens Between",The Game of Finding Your Purpose  The Talos Principle
3,"Puzzle Video Game Walkthroughs and Reviews: Death Squared 2, The Talos Principle, The Gardens Between",The Gardens Between  Easy Platinum Trophy Walkthrough
3,"Puzzle Video Game Walkthroughs and Reviews: Death Squared 2, The Talos Principle, The Gardens Between",The Gardens Between  Full Gameplay Walkthrough Video iOS Android
3,"Puzzle Video Game Walkthroughs and Reviews: Death Squared 2, The Talos Principle, The Gardens Between",The Gardens Between 52  Walkthrough  Playthrough
3,"Puzzle Video Game Walkthroughs and Reviews: Death Squared 2, The Talos Principle, The Gardens Between",The Talos Principle 2  All 3 Endings  Secret Scenes Bonuses Compilation
3,"Puzzle Video Game Walkthroughs and Reviews: Death Squared 2, The Talos Principle, The Gardens Between",The Talos Principle 2  Easter Eggs Secrets  References
3,"Puzzle Video Game Walkthroughs and Reviews: Death Squared 2, The Talos Principle, The Gardens Between",The Talos Principle 2 Review  Philosophical Portal Perfected
3,"Puzzle Video Game Walkthroughs and Reviews: Death Squared 2, The Talos Principle, The Gardens Between",The Talos Principle 2 33 Minutes of Gameplay
3,"Puzzle Video Game Walkthroughs and Reviews: Death Squared 2, The Talos Principle, The Gardens Between",The Talos Principle Timeline  COMPLETE Talos Principle Story  Lore
3,"Puzzle Video Game Walkthroughs and Reviews: Death Squared 2, The Talos Principle, The Gardens Between",The Talos Principle Making Of
4,"""Lumines Video Game Gameplay and Soundtrack""",LUMINES REMASTERED  VS CPU Complete
4,"""Lumines Video Game Gameplay and Soundtrack""",Lumines Remastered  Basic Challenge Mode  Score 1731929
4,"""Lumines Video Game Gameplay and Soundtrack""",LUMINES REMASTERED Gameplay All 50 Mission
4,"""Lumines Video Game Gameplay and Soundtrack""",Lumines Review for the PlayStation Portable
4,"""Lumines Video Game Gameplay and Soundtrack""",Lumines Remastered Basic Challenge Complete
4,"""Lumines Video Game Gameplay and Soundtrack""",Lumines Remastered  Endless Challenge Mode  Score 5262301
4,"""Lumines Video Game Gameplay and Soundtrack""",Lumines Remastered  Basic Challenge Mode  Score 1731929
4,"""Lumines Video Game Gameplay and Soundtrack""",Combo Tutorial for LUMINES REMASTERED
4,"""Lumines Video Game Gameplay and Soundtrack""",LUMINES Challange Mode Score 999999 in 5809
4,"""Lumines Video Game Gameplay and Soundtrack""",Lumines Live  VS CPU No Hit
4,"""Lumines Video Game Gameplay and Soundtrack""",Lumines Block Challenge  Challenge Mode Full Playthrough
4,"""Lumines Video Game Gameplay and Soundtrack""",Combo Tutorial for LUMINES REMASTERED
4,"""Lumines Video Game Gameplay and Soundtrack""",LUMINES Electronic Symphony VOYAGE100 Gameplay
4,"""Lumines Video Game Gameplay and Soundtrack""",LUMINES PLUSPS2 playthrough
4,"""Lumines Video Game Gameplay and Soundtrack""",Lumines Live  VS CPU No Hit
4,"""Lumines Video Game Gameplay and Soundtrack""",Lumines Live  VS CPU No Hit
4,"""Lumines Video Game Gameplay and Soundtrack""",Lumines Remastered  Basic Challenge Mode  Score 1731929
4,"""Lumines Video Game Gameplay and Soundtrack""",Lumines Remastered  Shuffle Challenge Mode  Score 2665538
4,"""Lumines Video Game Gameplay and Soundtrack""",Lumines Remastered  VS CPU Mode 4m48sIngame Time
4,"""Lumines Video Game Gameplay and Soundtrack""",Lumines Remastered  Announce Trailer  PS4
4,"""Lumines Video Game Gameplay and Soundtrack""",Lumines Soundtrack I hear the music in my Soul
4,"""Lumines Video Game Gameplay and Soundtrack""",Lumines Block Challenge  Challenge Mode Full Playthrough
4,"""Lumines Video Game Gameplay and Soundtrack""",Lumines Electronic Symphony  Embracing The Future 60FPS Hack
4,"""Lumines Video Game Gameplay and Soundtrack""",Lumines Remastered  Basic Challenge Mode  Score 1731929
4,"""Lumines Video Game Gameplay and Soundtrack""",Lumines Soundtrack I hear the music in my Soul
4,"""Lumines Video Game Gameplay and Soundtrack""",LUMINES REMASTERED Gameplay All 50 Mission
4,"""Lumines Video Game Gameplay and Soundtrack""",LUMINES REMASTERED Mission 17
4,"""Lumines Video Game Gameplay and Soundtrack""",Lumines Block Challenge  Mystic Pulse  Sony Ericsson SF2
4,"""Lumines Video Game Gameplay and Soundtrack""",Lumines Remastered Feels Better Than Ever On Switch
4,"""Lumines Video Game Gameplay and Soundtrack""",Lumines Soundtrack Automobile Industry
4,"""Lumines Video Game Gameplay and Soundtrack""",Lumines Soundtrack DARKSIDE BESIDE THE RIVER
4,"""Lumines Video Game Gameplay and Soundtrack""",Lumines Soundtrack Shake Ya Body
4,"""Lumines Video Game Gameplay and Soundtrack""",Lumines Remastered  Basic Challenge Mode  Score 1731929
4,"""Lumines Video Game Gameplay and Soundtrack""",LUMINES REMASTERED Gameplay All 50 Mission
4,"""Lumines Video Game Gameplay and Soundtrack""",Lumines Remastered  Challenge Basic IN ONE 326 COMBO
4,"""Lumines Video Game Gameplay and Soundtrack""",Lumines Remastered  Shuffle Challenge Mode  Score 2665538
4,"""Lumines Video Game Gameplay and Soundtrack""",LUMINES LIVE gameplay Tokyo Club Mix
4,"""Lumines Video Game Gameplay and Soundtrack""",Lumines Block Challenge  Mystic Pulse  Sony Ericsson SF2
4,"""Lumines Video Game Gameplay and Soundtrack""",Lumines Live  VS CPU No Hit
4,"""Lumines Video Game Gameplay and Soundtrack""",Lumines Live  VS CPU No Hit
4,"""Lumines Video Game Gameplay and Soundtrack""",Lumines Remastered  Basic Challenge 1623697pts w Commentary
4,"""Lumines Video Game Gameplay and Soundtrack""",Lumines Review for the PlayStation Portable
4,"""Lumines Video Game Gameplay and Soundtrack""",Lumines Soundtrack Get up and Go
4,"""Lumines Video Game Gameplay and Soundtrack""",Lumines Soundtrack TAKE A DOG OUT A WALK
4,"""Lumines Video Game Gameplay and Soundtrack""",Lumines Soundtrack Talk 2 You
4,"""Lumines Video Game Gameplay and Soundtrack""",Lumines puzzle fusion Getting 999999 score on challenge mode Actual PSP gameplay
4,"""Lumines Video Game Gameplay and Soundtrack""",Lumines puzzle fusion Getting 999999 score on challenge mode Actual PSP gameplay
4,"""Lumines Video Game Gameplay and Soundtrack""",Lumines Block Challenge  Challenge Mode Full Playthrough
4,"""Lumines Video Game Gameplay and Soundtrack""",Lumines Remastered  Skin Edit
4,"""Lumines Video Game Gameplay and Soundtrack""",Lumines Remastered Feels Better Than Ever On Switch
4,"""Lumines Video Game Gameplay and Soundtrack""",Lumines Remastered  Shuffle Challenge Mode  Score 2665538
4,"""Lumines Video Game Gameplay and Soundtrack""",LUMINES REMASTERED Gameplay All 50 Mission
4,"""Lumines Video Game Gameplay and Soundtrack""",Lumines Puzzle Fusion Mobile Java Track 1 OST 1 SHININ on Sony Ericsson sf2
4,"""Lumines Video Game Gameplay and Soundtrack""",Lumines Remastered  Basic Challenge Mode  Score 1731929
4,"""Lumines Video Game Gameplay and Soundtrack""",Lumines Review for the PlayStation Portable
4,"""Lumines Video Game Gameplay and Soundtrack""",Lumines Soundtrack I hear the music in my Soul
4,"""Lumines Video Game Gameplay and Soundtrack""",LUMINES LIVE gameplay Tokyo Club Mix
4,"""Lumines Video Game Gameplay and Soundtrack""",LUMINES REMASTERED Gameplay All 50 Mission
4,"""Lumines Video Game Gameplay and Soundtrack""",Lumines Live  VS CPU No Hit
4,"""Lumines Video Game Gameplay and Soundtrack""",Lumines Remastered  Basic Challenge Mode  Score 1731929
4,"""Lumines Video Game Gameplay and Soundtrack""",Lumines Remastered  Challenge Basic IN ONE 326 COMBO
4,"""Lumines Video Game Gameplay and Soundtrack""",Lumines Remastered  Endless Challenge Mode  Score 5262301
4,"""Lumines Video Game Gameplay and Soundtrack""",Lumines Soundtrack Automobile Industry
4,"""Lumines Video Game Gameplay and Soundtrack""",Lumines Soundtrack Shake Ya Body
4,"""Lumines Video Game Gameplay and Soundtrack""",Lumines Soundtrack Talk 2 You
4,"""Lumines Video Game Gameplay and Soundtrack""",Lumines Block Challenge  Challenge Mode Full Playthrough
5,Tetris Video Games,Nintendo Switch Has So Many Tetris Games
5,Tetris Video Games,10 Minutes of TETRIS EFFECT Music and Gameplay
5,Tetris Video Games,The First Perfect Game of Tetris Just Happened
5,Tetris Video Games,Tetris Effect Connected Journey Mode Gameplay Performance Preview  Nintendo Switch
5,Tetris Video Games,Evolution of Tetris Games 19892023
5,Tetris Video Games,The History of Tetris World Records
5,Tetris Video Games,A 1989 TETRIS Expert Plays TETRIS EFFECT for the First Time
5,Tetris Video Games,The Story of Tetris
5,Tetris Video Games,10 Minutes of TETRIS EFFECT Music and Gameplay
5,Tetris Video Games,A 1989 TETRIS Expert Plays TETRIS EFFECT for the First Time
5,Tetris Video Games,Tetris Effect Connected Longplay  Journey Mode Full Playthrough
5,Tetris Video Games,10 Minutes of TETRIS EFFECT Music and Gameplay
5,Tetris Video Games,Evolution of Tetris Games 19892023
5,Tetris Video Games,Tetris Effect Connected ZONE BATTLE ROAD to10k for TECWC 2025 06  01
5,Tetris Video Games,The First Perfect Game of Tetris Just Happened
5,Tetris Video Games,Puyo Puyo Tetris 2 Nintendo Switch Review  Is It Worth It
5,Tetris Video Games,Tetris Effect  E3 2018 Announce Trailer  PS4
5,Tetris Video Games,Tetris Effect Connected Journey Mode Gameplay Performance Preview  Nintendo Switch
5,Tetris Video Games,The First Perfect Game of Tetris Just Happened
5,Tetris Video Games,The History of Tetris World Records
5,Tetris Video Games,Tetris Effect Connected Longplay  Journey Mode Full Playthrough
5,Tetris Video Games,Tetris Effect Connected Longplay  Journey Mode Full Playthrough
5,Tetris Video Games,10 Minutes of TETRIS EFFECT Music and Gameplay
5,Tetris Video Games,Evolution of Tetris Games 19892023
5,Tetris Video Games,Nintendo Switch Has So Many Tetris Games
5,Tetris Video Games,Tetris Effect Connected Journey Mode Gameplay Performance Preview  Nintendo Switch
5,Tetris Video Games,Evolution of Tetris Games 19892023
5,Tetris Video Games,The History of Tetris World Records
5,Tetris Video Games,Nintendo Switch Has So Many Tetris Games
5,Tetris Video Games,TETRIS EFFECT Grand Master Level 100 Expert Journey
5,Tetris Video Games,A Man Who Sucks At Tetris Plays Tetris Effect
5,Tetris Video Games,Tetris Effect  E3 2018 Announce Trailer  PS4
5,Tetris Video Games,Tetris Effect Connected Longplay  Journey Mode Full Playthrough
5,Tetris Video Games,The First Perfect Game of Tetris Just Happened
5,Tetris Video Games,TETRIS EFFECT Grand Master Level 100 Expert Journey
5,Tetris Video Games,Tetris Effect Connected Longplay  Journey Mode Full Playthrough
5,Tetris Video Games,The Story of Tetris
5,Tetris Video Games,Tetris Effect Connected ZONE BATTLE ROAD to10k for TECWC 2025 06  01
5,Tetris Video Games,Tetris Effect Launch Trailer  PS4 Optional PS VR
5,Tetris Video Games,Tetris Effect and Other Games with Immaculate Vibes
5,Tetris Video Games,The First Perfect Game of Tetris Just Happened
5,Tetris Video Games,10 Minutes of TETRIS EFFECT Music and Gameplay
5,Tetris Video Games,Tetris Effect  E3 2018 Announce Trailer  PS4
5,Tetris Video Games,A 1989 TETRIS Expert Plays TETRIS EFFECT for the First Time
5,Tetris Video Games,A Man Who Sucks At Tetris Plays Tetris Effect
5,Tetris Video Games,Nintendo Switch Has So Many Tetris Games
5,Tetris Video Games,TETRIS EFFECT Grand Master Level 100 Expert Journey
5,Tetris Video Games,Tetris Effect  E3 2018 Announce Trailer  PS4
5,Tetris Video Games,Tetris Effect and Other Games with Immaculate Vibes
5,Tetris Video Games,Tetris Effect Connected Longplay  Journey Mode Full Playthrough
5,Tetris Video Games,Tetris Effect Connected  Gameplay Preview  Nintendo Switch
5,Tetris Video Games,Tetris Effect Connected Journey Mode Gameplay Performance Preview  Nintendo Switch
5,Tetris Video Games,the tetris player is at a slight disadvantage
5,Tetris Video Games,A 1989 TETRIS Expert Plays TETRIS EFFECT for the First Time
5,Tetris Video Games,A Modern TETRIS Expert plays TETRIS EFFECT Journey Mode Demo
5,Tetris Video Games,Nintendo Switch Has So Many Tetris Games
5,Tetris Video Games,A 1989 TETRIS Expert Plays TETRIS EFFECT for the First Time
5,Tetris Video Games,10 Minutes of TETRIS EFFECT Music and Gameplay
5,Tetris Video Games,Tetris Effect Connected  Gameplay Preview  Nintendo Switch
5,Tetris Video Games,Tetris Effect Connected Journey Mode Gameplay Performance Preview  Nintendo Switch
5,Tetris Video Games,The History of Tetris World Records
5,Tetris Video Games,Puyo Puyo Tetris 2  Launch Trailer  Nintendo Switch
5,Tetris Video Games,Tetris Effect Review
5,Tetris Video Games,Tetris Forever Nintendo Switch Review  Is It Worth It
5,Tetris Video Games,The Story of Tetris
5,Tetris Video Games,the tetris player is at a slight disadvantage
5,Tetris Video Games,A 1989 TETRIS Expert Plays TETRIS EFFECT for the First Time
5,Tetris Video Games,A Modern TETRIS Expert Plays TETRIS EFFECT
5,Tetris Video Games,A Modern TETRIS Expert plays TETRIS EFFECT Journey Mode Demo
5,Tetris Video Games,Evolution of Tetris Games 19892023
5,Tetris Video Games,Puyo Puyo Tetris 2 Nintendo Switch Review  Is It Worth It
5,Tetris Video Games,Tetris Effect Connected Longplay  Journey Mode Full Playthrough
5,Tetris Video Games,Tetris Effect Connected  Gameplay Preview  Nintendo Switch
5,Tetris Video Games,Tetris Forever Nintendo Switch Review  Is It Worth It
5,Tetris Video Games,A 1989 TETRIS Expert Plays TETRIS EFFECT for the First Time
5,Tetris Video Games,Puyo Puyo Tetris 2 Nintendo Switch Review  Is It Worth It
5,Tetris Video Games,Tetris Effect Connected Journey Mode Gameplay Performance Preview  Nintendo Switch
5,Tetris Video Games,Tetris Effect Connected Longplay  Journey Mode Full Playthrough
5,Tetris Video Games,Tetris Forever Nintendo Switch Review  Is It Worth It
5,Tetris Video Games,Tetris Effect Connected  Gameplay Preview  Nintendo Switch
5,Tetris Video Games,Nintendo Switch Has So Many Tetris Games
5,Tetris Video Games,the tetris player is at a slight disadvantage
5,Tetris Video Games,Puyo Puyo Tetris 2  Launch Trailer  Nintendo Switch
5,Tetris Video Games,Tetris Effect Review
5,Tetris Video Games,Tetris Тоглоцгооё Tetris Effect Connected  Nintendo Switch OLED Handheld
5,Tetris Video Games,10 Minutes of TETRIS EFFECT Music and Gameplay
5,Tetris Video Games,A 1989 TETRIS Expert Plays TETRIS EFFECT for the First Time
5,Tetris Video Games,Puyo Puyo Tetris 2 Nintendo Switch Review  Is It Worth It
5,Tetris Video Games,Tetris Effect  E3 2018 Announce Trailer  PS4
5,Tetris Video Games,Puyo Puyo Tetris 2 Nintendo Switch Review  Is It Worth It
5,Tetris Video Games,Puyo Puyo Tetris 2 Nintendo Switch Review  Is It Worth It
5,Tetris Video Games,Tetris Effect Connected Longplay  Journey Mode Full Playthrough
5,Tetris Video Games,Tetris Effect Connected  Gameplay Preview  Nintendo Switch
5,Tetris Video Games,Tetris Forever Nintendo Switch Review  Is It Worth It
5,Tetris Video Games,The Story of Tetris
5,Tetris Video Games,Tetris Effect  E3 2018 Announce Trailer  PS4
5,Tetris Video Games,TETRIS EFFECT Grand Master Level 100 Expert Journey
5,Tetris Video Games,Tetris Effect Launch Trailer  PS4 Optional PS VR
5,Tetris Video Games,the tetris player is at a slight disadvantage
5,Tetris Video Games,A Modern TETRIS Expert Plays TETRIS EFFECT
5,Tetris Video Games,Its finally done 22 line zone Impossibilitris  Tetris effect Connected
5,Tetris Video Games,Tetris Effect and Other Games with Immaculate Vibes
5,Tetris Video Games,Tetris Effect  E3 2018 Announce Trailer  PS4
5,Tetris Video Games,Tetris Effect Connected  Classic VR Puzzle Game  Quest 3
5,Tetris Video Games,Tetris Effect  Oculus Quest
5,Tetris Video Games,WTFTRIS ACHIEVED  27 Line Zone  Tetris Effect Connected
5,Tetris Video Games,Tetris Effect and Other Games with Immaculate Vibes
5,Tetris Video Games,Tetris Effect Connected Journey Mode Gameplay Performance Preview  Nintendo Switch
5,Tetris Video Games,Tetris Effect Connected Winter 2023 Update Explainer
5,Tetris Video Games,the tetris player is at a slight disadvantage
5,Tetris Video Games,10 Minutes of TETRIS EFFECT Music and Gameplay
5,Tetris Video Games,A 1989 TETRIS Expert Plays TETRIS EFFECT for the First Time
5,Tetris Video Games,A Modern TETRIS Expert Plays TETRIS EFFECT
5,Tetris Video Games,Is Tetris Forever Any Good  REVIEW
5,Tetris Video Games,Nintendo Switch Has So Many Tetris Games
5,Tetris Video Games,Tetris Effect  E3 2018 Announce Trailer  PS4
5,Tetris Video Games,Tetris Effect  E3 2018 Announce Trailer  PS4
5,Tetris Video Games,Tetris Effect Connected  Classic VR Puzzle Game  Quest 3
5,Tetris Video Games,Tetris Effect Launch Trailer  PS4 Optional PS VR
5,Tetris Video Games,Tetris Effect Connected  Gameplay Preview  Nintendo Switch
5,Tetris Video Games,Tetris Effect Connected Journey Mode Gameplay Performance Preview  Nintendo Switch
5,Tetris Video Games,Tetris Effect Connected Review
5,Tetris Video Games,WTFTRIS ACHIEVED  27 Line Zone  Tetris Effect Connected
5,Tetris Video Games,WTFTRIS ACHIEVED  27 Line Zone  Tetris Effect Connected
5,Tetris Video Games,Tetris Effect Connected All Areas Completed with No Deaths
5,Tetris Video Games,TETRIS EFFECT Grand Master Level 100 Expert Journey
5,Tetris Video Games,A Man Who Sucks At Tetris Plays Tetris Effect
5,Tetris Video Games,Tetris Effect  E3 2018 Announce Trailer  PS4
5,Tetris Video Games,Tetris Effect Launch Trailer  PS4 Optional PS VR
5,Tetris Video Games,Tetris Effect and Other Games with Immaculate Vibes
5,Tetris Video Games,Tetris Forever Nintendo Switch Review  Is It Worth It
5,Tetris Video Games,the tetris player is at a slight disadvantage
5,Tetris Video Games,Evolution of Tetris Games 19892023
5,Tetris Video Games,Nintendo Switch Has So Many Tetris Games
5,Tetris Video Games,Tetris Effect  PS5 Gameplay 4K HDR
5,Tetris Video Games,Tetris Effect Connected  We need to talk about Tetris  Meta Quest 3
5,Tetris Video Games,Tetris Effect In Virtual Reality Is An Incredible Trip
5,Tetris Video Games,Tetris Effect In Virtual Reality Is An Incredible Trip
5,Tetris Video Games,The Story of Tetris
6,"""Puyo Puyo Tetris Video Game""",Video You Puyo Puyod In The Wrong Tetris
6,"""Puyo Puyo Tetris Video Game""",Video You Puyo Puyod In The Wrong Tetris
6,"""Puyo Puyo Tetris Video Game""",Puyo Puyo Tetris Rated E10 for Everyone
6,"""Puyo Puyo Tetris Video Game""",Puyo Puyo Tetris 1  2 Out of Context 1  other funny moments
6,"""Puyo Puyo Tetris Video Game""",Video You Puyo Puyod In The Wrong Tetris
6,"""Puyo Puyo Tetris Video Game""",Some Very Spaghetti Swap ft Yoshi100_AUS  Puyo Puyo Tetris 2
6,"""Puyo Puyo Tetris Video Game""",Puyo Puyo Tetris 1  2 Out of Context 1  other funny moments
6,"""Puyo Puyo Tetris Video Game""",Puyo Puyo Tetris 2  Slight Disadvantage Fighting for My Life
6,"""Puyo Puyo Tetris Video Game""",Video You Puyo Puyod In The Wrong Tetris
6,"""Puyo Puyo Tetris Video Game""",Puyo Puyo Tetris 2  Slight Disadvantage Fighting for My Life
6,"""Puyo Puyo Tetris Video Game""",Puyo Puyo Tetris 1  2 Out of Context 1  other funny moments
6,"""Puyo Puyo Tetris Video Game""",Puyo Puyo Tetris 1  2 Out of Context 2  other funny moments
6,"""Puyo Puyo Tetris Video Game""",Puyo Puyo  A Deep Dive On The First Games Rich History
6,"""Puyo Puyo Tetris Video Game""",Puyo Puyo Tetris Schezo Out of Context
6,"""Puyo Puyo Tetris Video Game""",Puyo Puyosig wants to fly
6,"""Puyo Puyo Tetris Video Game""",Video You Puyo Puyod In The Wrong Tetris
6,"""Puyo Puyo Tetris Video Game""",Puyo Puyo Tetris 1  2 Out of Context 2  other funny moments
6,"""Puyo Puyo Tetris Video Game""",The Strange English Translations of Puyo Puyo
6,"""Puyo Puyo Tetris Video Game""",The Strange English Translations of Puyo Puyo
6,"""Puyo Puyo Tetris Video Game""",Puyo Puyo Tetris English  All Cutscenes
6,"""Puyo Puyo Tetris Video Game""",Puyo Puyo Tetris Schezo Out of Context
6,"""Puyo Puyo Tetris Video Game""",Video You Puyo Puyod In The Wrong Tetris
6,"""Puyo Puyo Tetris Video Game""",Puyo Puyo  A Deep Dive On The First Games Rich History
6,"""Puyo Puyo Tetris Video Game""",Puyo Puyo Tetris 1  2 Out of Context 1  other funny moments
6,"""Puyo Puyo Tetris Video Game""",Puyo Puyo Tetris 1  2 Out of Context 2  other funny moments
6,"""Puyo Puyo Tetris Video Game""",Puyo Puyo Tetris 2  Slight Disadvantage Fighting for My Life
6,"""Puyo Puyo Tetris Video Game""",Puyo Puyo Tetris  Wumbo Ranked 4384244010 Switch
6,"""Puyo Puyo Tetris Video Game""",Puyo Puyo Tetris Schezo Out of Context
6,"""Puyo Puyo Tetris Video Game""",Puyo Puyo Tetris Schezo Out of Context
6,"""Puyo Puyo Tetris Video Game""",The Strange English Translations of Puyo Puyo
6,"""Puyo Puyo Tetris Video Game""",Puyo Puyo  A Deep Dive On The First Games Rich History
6,"""Puyo Puyo Tetris Video Game""",The SECRET Mode of Puyo Puyo Champions
6,"""Puyo Puyo Tetris Video Game""",Puyo Puyo Chronicle  The Unlocalized Puyo RPG
6,"""Puyo Puyo Tetris Video Game""",Puyo Puyo Tetris 1  2 Out of Context 2  other funny moments
6,"""Puyo Puyo Tetris Video Game""",The Biggest Puyo Puyo Tournament of All Time
6,"""Puyo Puyo Tetris Video Game""",The State of Puyo Puyo  Puzzle Pop Review  More
6,"""Puyo Puyo Tetris Video Game""",A FT20 Situation Puyo Puyo Tetris 2
6,"""Puyo Puyo Tetris Video Game""",Puyo Puyosig wants to fly
6,"""Puyo Puyo Tetris Video Game""",Video You Puyo Puyod In The Wrong Tetris
6,"""Puyo Puyo Tetris Video Game""",Puyo Puyo  A Deep Dive On The First Games Rich History
6,"""Puyo Puyo Tetris Video Game""",Puyo Puyo Chronicle  The Unlocalized Puyo RPG
6,"""Puyo Puyo Tetris Video Game""",Puyo Puyo Tetris English  All Cutscenes
6,"""Puyo Puyo Tetris Video Game""",Puyo Puyo Tetris 2  Slight Disadvantage High Level Tetris vs Puyo
6,"""Puyo Puyo Tetris Video Game""",Puyo Puyo Tetris 2 Squares Brings Order to Puzzle League
6,"""Puyo Puyo Tetris Video Game""",Swapdown  Puyo Puyo Tetris 2
6,"""Puyo Puyo Tetris Video Game""",The SECRET Mode of Puyo Puyo Champions
6,"""Puyo Puyo Tetris Video Game""",Puyo Puyo Tetris English  All Cutscenes
6,"""Puyo Puyo Tetris Video Game""",Puyo Puyo  A Deep Dive On The First Games Rich History
6,"""Puyo Puyo Tetris Video Game""",Swapdown  Puyo Puyo Tetris 2
6,"""Puyo Puyo Tetris Video Game""",The Biggest Puyo Puyo Tournament of All Time
6,"""Puyo Puyo Tetris Video Game""",A FT20 Situation Puyo Puyo Tetris 2
6,"""Puyo Puyo Tetris Video Game""",Localization Quirks in Puyo Puyo games
6,"""Puyo Puyo Tetris Video Game""",Puyo Puyo Chronicle  The Unlocalized Puyo RPG
6,"""Puyo Puyo Tetris Video Game""",Puyo Puyo Tetris English  All Cutscenes
6,"""Puyo Puyo Tetris Video Game""",The State of Puyo Puyo  Puzzle Pop Review  More
6,"""Puyo Puyo Tetris Video Game""",The Strange English Translations of Puyo Puyo
6,"""Puyo Puyo Tetris Video Game""",A FT20 Situation Puyo Puyo Tetris 2
6,"""Puyo Puyo Tetris Video Game""",Puyo Puyo Chronicle  The Unlocalized Puyo RPG
6,"""Puyo Puyo Tetris Video Game""",Puyo Puyo Tetris 1  2 Out of Context 1  other funny moments
6,"""Puyo Puyo Tetris Video Game""",The Strange English Translations of Puyo Puyo
6,"""Puyo Puyo Tetris Video Game""",puyo puyo tetris 1  2 character selection screens
6,"""Puyo Puyo Tetris Video Game""",A FT20 Situation Puyo Puyo Tetris 2
6,"""Puyo Puyo Tetris Video Game""",Puyo Puyo Tetris English  All Cutscenes
6,"""Puyo Puyo Tetris Video Game""",Puyo Puyo  A Deep Dive On The First Games Rich History
6,"""Puyo Puyo Tetris Video Game""",Puyo Puyo Tetris 1  2 Out of Context 2  other funny moments
6,"""Puyo Puyo Tetris Video Game""",Puyo Puyo Tetris 2 almost 40 minutes of intense Tetris vs Puyo vs SSENRED231 29032021 PC
6,"""Puyo Puyo Tetris Video Game""",Puyo Puyosig wants to fly
6,"""Puyo Puyo Tetris Video Game""",A FT20 Situation Puyo Puyo Tetris 2
6,"""Puyo Puyo Tetris Video Game""",Localization Quirks in Puyo Puyo games
6,"""Puyo Puyo Tetris Video Game""",Swapdown  Puyo Puyo Tetris 2
6,"""Puyo Puyo Tetris Video Game""",The State of Puyo Puyo  Puzzle Pop Review  More
7,'Top' and 'Best' Video Game Reviews,The Top 50 Indie Games That You Simply Need To Play
7,'Top' and 'Best' Video Game Reviews,12 Best NEW Games To Play In June 2025
7,'Top' and 'Best' Video Game Reviews,BEST 20 Perfect 1010 Switch Games  2025 Update
7,'Top' and 'Best' Video Game Reviews,DONT WORK ON SWITCH 2 Which Games Have Backward Compatibility Issues
7,'Top' and 'Best' Video Game Reviews,How to make Indie Games as a Small Team Every Step for Success
7,'Top' and 'Best' Video Game Reviews,I Found 10 Truly Unique Games You Need To Play
7,'Top' and 'Best' Video Game Reviews,I Played 8 MORE Of The WORST Reviewed Games on Steam
7,'Top' and 'Best' Video Game Reviews,I Played More Steam Games That Nobody Plays
7,'Top' and 'Best' Video Game Reviews,More Indie Games You Missed probably i still dont know your life
7,'Top' and 'Best' Video Game Reviews,Nintendo is Pathetic
7,'Top' and 'Best' Video Game Reviews,The Best Ever Indie Games On The Nintendo Switch
7,'Top' and 'Best' Video Game Reviews,The FINAL Nintendo Switch Stream
7,'Top' and 'Best' Video Game Reviews,The Most POINTLESS Board Games
7,'Top' and 'Best' Video Game Reviews,The Nintendo Switch 2 Is Already In Stores  Sonys Big PS5 Sale Just Leaked Early  News Wave
7,'Top' and 'Best' Video Game Reviews,The Nintendo Switch 2 MIDNIGHT RELEASE LIVE
7,'Top' and 'Best' Video Game Reviews,The One Nintendo Switch Game To Play Before Switch 2  Lukes Game Room
7,'Top' and 'Best' Video Game Reviews,The Top 50 Indie Games That You Simply Must Play
7,'Top' and 'Best' Video Game Reviews,The Untold TRUTH Of Nintendo
7,'Top' and 'Best' Video Game Reviews,The craziest 90s puzzle Ive ever attempted
7,'Top' and 'Best' Video Game Reviews,This classic puzzle game got a cursed sequel
7,'Top' and 'Best' Video Game Reviews,Top 50 Deals on the Nintendo Switch eShop through 56
7,'Top' and 'Best' Video Game Reviews,The Most POINTLESS Board Games
7,'Top' and 'Best' Video Game Reviews,TOP 25 PERFECT 1010 Nintendo Switch Games You MUST PLAY
7,'Top' and 'Best' Video Game Reviews,More Indie Games You Missed probably i still dont know your life
7,'Top' and 'Best' Video Game Reviews,The craziest 90s puzzle Ive ever attempted
7,'Top' and 'Best' Video Game Reviews,Games that Break all the Rules
7,'Top' and 'Best' Video Game Reviews,8 Indie Games You NEED To Try or else
7,'Top' and 'Best' Video Game Reviews,DONT WORK ON SWITCH 2 Which Games Have Backward Compatibility Issues
7,'Top' and 'Best' Video Game Reviews,The Top 100 Nintendo Switch Games OF ALL TIME
7,'Top' and 'Best' Video Game Reviews,12 Best NEW Games To Play In June 2025
7,'Top' and 'Best' Video Game Reviews,27 Things You NEED to Know Before Buying a Nintendo Switch 2
7,'Top' and 'Best' Video Game Reviews,I played the 10 best indies on the Nintendo Switch in 2025
7,'Top' and 'Best' Video Game Reviews,Nintendo Switch 2  Official Launch Trailer
7,'Top' and 'Best' Video Game Reviews,Nintendo Switch 2 Is OUT EARLY Released In Stores A Week Early
7,'Top' and 'Best' Video Game Reviews,Nintendo is Pathetic
7,'Top' and 'Best' Video Game Reviews,RollerCoaster Tycoon Classic Nintendo Switch Gameplay
7,'Top' and 'Best' Video Game Reviews,The 20 WORSTSelling Switch Games
7,'Top' and 'Best' Video Game Reviews,The Greatest Language Translating Puzzle Game Ever Made
7,'Top' and 'Best' Video Game Reviews,The Top 25 Nintendo Switch Games Of All Time
7,'Top' and 'Best' Video Game Reviews,Top 15 Beautiful Offline Puzzle Games Android  iOS of All Time  Best Puzzle Game
7,'Top' and 'Best' Video Game Reviews,Top 50 Deals on the Nintendo Switch eShop through 56
7,'Top' and 'Best' Video Game Reviews,The FINAL Nintendo Switch Stream
7,'Top' and 'Best' Video Game Reviews,Top 10 Mystery Indie Games
7,'Top' and 'Best' Video Game Reviews,12 Best NEW Games To Play In June 2025
7,'Top' and 'Best' Video Game Reviews,27 Exciting New Games Coming to Nintendo Switch 1  2  June 2025
7,'Top' and 'Best' Video Game Reviews,27 Indie Games You NEED To Try or else
7,'Top' and 'Best' Video Game Reviews,Attempting to Buy the Nintendo Switch 2 on Launch Day LIVE Lets Party
7,'Top' and 'Best' Video Game Reviews,BOMBSHELL NINTENDO SWITCH 2 DELIVERY EARLY IN BRAZIL ARE PEOPLE ALREADY RECEIVING THEM
7,'Top' and 'Best' Video Game Reviews,I got a Nintendo Switch 2 for FREE And Im giving it away
7,'Top' and 'Best' Video Game Reviews,More Indie Games You Missed probably i still dont know your life
7,'Top' and 'Best' Video Game Reviews,Nintendo Wants Us To Forget This Game Exists
7,'Top' and 'Best' Video Game Reviews,The Best Ever Indie Games On The Nintendo Switch
7,'Top' and 'Best' Video Game Reviews,The Final Countdown to Switch 2s Release  Canadian Gamers Ep 177
7,'Top' and 'Best' Video Game Reviews,The Most POINTLESS Board Games
7,'Top' and 'Best' Video Game Reviews,The Nintendo Switch 2 Is Already In Stores  Sonys Big PS5 Sale Just Leaked Early  News Wave
7,'Top' and 'Best' Video Game Reviews,The Nintendo Switch 2 MIDNIGHT RELEASE LIVE
7,'Top' and 'Best' Video Game Reviews,The One Nintendo Switch Game To Play Before Switch 2  Lukes Game Room
7,'Top' and 'Best' Video Game Reviews,The TEN Levels of Boardgame Complexity and Depth
7,'Top' and 'Best' Video Game Reviews,The craziest 90s puzzle Ive ever attempted
7,'Top' and 'Best' Video Game Reviews,Top 50 Deals on the Nintendo Switch eShop through 56
7,'Top' and 'Best' Video Game Reviews,Why Im NOT Getting A Switch 2 At Launch
7,'Top' and 'Best' Video Game Reviews,TOP 50 Best Nintendo Switch Games You Need To Play At Least Once
7,'Top' and 'Best' Video Game Reviews,Games that Break all the Rules
7,'Top' and 'Best' Video Game Reviews,The Top 50 Indie Games That You Simply Must Play
7,'Top' and 'Best' Video Game Reviews,The craziest 90s puzzle Ive ever attempted
7,'Top' and 'Best' Video Game Reviews,BEST Cozy Games of 2023 and WORST
7,'Top' and 'Best' Video Game Reviews,I played the 10 best indies on the Nintendo Switch
7,'Top' and 'Best' Video Game Reviews,I played the 10 best indies on the Nintendo Switch in 2025
7,'Top' and 'Best' Video Game Reviews,TOP 30 BEST NEW Nintendo Switch Games in 2025
7,'Top' and 'Best' Video Game Reviews,The Nintendo Switch 2 MIDNIGHT RELEASE LIVE
7,'Top' and 'Best' Video Game Reviews,Top 100 Board Games of All Time  101
7,'Top' and 'Best' Video Game Reviews,What Breath Of The Wild Is Like For Someone Who Doesnt Play Games
7,'Top' and 'Best' Video Game Reviews,10 Indie Games You Need to Play on Nintendo Switch in 2025
7,'Top' and 'Best' Video Game Reviews,10 Reasons Board Games Are Better Now
7,'Top' and 'Best' Video Game Reviews,10 New Cozy Games Coming in June 2025
7,'Top' and 'Best' Video Game Reviews,Best Cozy Games on Nintendo Switch
7,'Top' and 'Best' Video Game Reviews,Even More Indie Games You Missed if i had to guessi cant be sure though
7,'Top' and 'Best' Video Game Reviews,I Played 8 MORE Of The WORST Reviewed Games on Steam
7,'Top' and 'Best' Video Game Reviews,Im Becoming Addicted to Special Puzzles
7,'Top' and 'Best' Video Game Reviews,More Indie Games You Missed probably i still dont know your life
7,'Top' and 'Best' Video Game Reviews,My Top 10 Cozy Games of 2024 Nintendo Switch
7,'Top' and 'Best' Video Game Reviews,TOP 20 BEST METROIDVANIA Games on Nintendo Switch
7,'Top' and 'Best' Video Game Reviews,TOP 25 PERFECT 1010 Nintendo Switch Games You MUST PLAY
7,'Top' and 'Best' Video Game Reviews,TOP 30 BEST METROIDVANIA Games on Nintendo Switch
7,'Top' and 'Best' Video Game Reviews,The Switch 2 will be the Downfall of Nintendo
7,'Top' and 'Best' Video Game Reviews,The Top 100 Indie Games You Must Play
7,'Top' and 'Best' Video Game Reviews,The Top 100 Nintendo Switch Games OF ALL TIME
7,'Top' and 'Best' Video Game Reviews,Top 15 Beautiful Offline Puzzle Games Android  iOS of All Time  Best Puzzle Game
7,'Top' and 'Best' Video Game Reviews,my nintendo switch collection   ultimate guide to cozy gaming
7,'Top' and 'Best' Video Game Reviews,TOP 30 BEST NEW Nintendo Switch Games in 2025
7,'Top' and 'Best' Video Game Reviews,The Top 100 Indie Games You Must Play
7,'Top' and 'Best' Video Game Reviews,10 Creative Cozy Puzzle Games You NEED to Play on Nintendo Switch
7,'Top' and 'Best' Video Game Reviews,Do You Even Need a Switch 2 Pro Controller
7,'Top' and 'Best' Video Game Reviews,Goodbye Nintendo Switch and Thank You Truly
7,'Top' and 'Best' Video Game Reviews,Nintendo Switch 1 Celebration  Our Favorites  Disappointments over 8 Years  MY LIFE IN GAMING
7,'Top' and 'Best' Video Game Reviews,Nintendo Switch Online and Nintendo Switch Online  Expansion Pack  Overview Trailer
7,'Top' and 'Best' Video Game Reviews,TOP 25 UPCOMING Nintendo Switch Games for 2025
7,'Top' and 'Best' Video Game Reviews,TOP 50 Best Nintendo Switch Games You Need To Play At Least Once
7,'Top' and 'Best' Video Game Reviews,The 20 WORSTSelling Switch Games
7,'Top' and 'Best' Video Game Reviews,Weve Played Nintendo Switch 2 Welcome Tour  Is It Any Good
7,'Top' and 'Best' Video Game Reviews,15 BIGGEST Games Coming to Nintendo Switch in 2025 You Need to Know About
7,'Top' and 'Best' Video Game Reviews,27 Indie Games You NEED To Try or else
7,'Top' and 'Best' Video Game Reviews,All 24 Games Coming to Nintendo Switch 2 at Launch
7,'Top' and 'Best' Video Game Reviews,BEST Cozy Games of 2023 and WORST
7,'Top' and 'Best' Video Game Reviews,Best Couch CoOp Multiplayer Games on Nintendo Switch
7,'Top' and 'Best' Video Game Reviews,Going Under Nintendo Switch Gameplay
7,'Top' and 'Best' Video Game Reviews,Goodbye Nintendo Switch Family of Systems
7,'Top' and 'Best' Video Game Reviews,I Played 9 of The Most UNDERRATED Indie Games on Steam
7,'Top' and 'Best' Video Game Reviews,I played the 10 best indies on the Nintendo Switch in 2025
7,'Top' and 'Best' Video Game Reviews,More Indie Games You Missed probably i still dont know your life
7,'Top' and 'Best' Video Game Reviews,Nintendo Switch 2 LAUNCH Sales PREDICTIONS
7,'Top' and 'Best' Video Game Reviews,Nintendo Switch 2 UI  Home Screen Tour
7,'Top' and 'Best' Video Game Reviews,Nintendo just tried to defend their greed
7,'Top' and 'Best' Video Game Reviews,ONE OF THE BEST STEAM DEALS  15 Must Buy Games on May 2025
7,'Top' and 'Best' Video Game Reviews,Rain on Your Parade Nintendo Switch Gameplay
7,'Top' and 'Best' Video Game Reviews,Ranking the BEST Nintendo Switch Games
7,'Top' and 'Best' Video Game Reviews,Switch 2 Buyers Guide What you ACTUALLY need at launch
7,'Top' and 'Best' Video Game Reviews,TOP 30 BEST METROIDVANIA Games on Nintendo Switch
7,'Top' and 'Best' Video Game Reviews,TOP 50 BEST Cozy Games on Nintendo Switch to Play in 2025
7,'Top' and 'Best' Video Game Reviews,The 6 Years of Engineering Behind The Nintendo Switch 2
7,'Top' and 'Best' Video Game Reviews,The Nintendo Switch 2 MIDNIGHT RELEASE LIVE
7,'Top' and 'Best' Video Game Reviews,Top 10 Upcoming Action Games Nintendo Switch 2 with Release Dates
7,'Top' and 'Best' Video Game Reviews,AMAZING Discounts on Todays Nintendo ESHOP Sale  35 MustSee Nintendo Switch Deals
7,'Top' and 'Best' Video Game Reviews,I Played 8 MORE Of The WORST Reviewed Games on Steam
7,'Top' and 'Best' Video Game Reviews,10 Reasons Board Games Are Better Now
7,'Top' and 'Best' Video Game Reviews,The Nintendo Switch 2 MIDNIGHT RELEASE LIVE
7,'Top' and 'Best' Video Game Reviews,20 New Cozy Games Coming This June You Cant Miss
7,'Top' and 'Best' Video Game Reviews,Even More Indie Games You Missed if i had to guessi cant be sure though
7,'Top' and 'Best' Video Game Reviews,Nintendo Wants Us To Forget This Game Exists
7,'Top' and 'Best' Video Game Reviews,The Best Ever Indie Games On The Nintendo Switch
7,'Top' and 'Best' Video Game Reviews,10 Board Games You Need To Start A Collection
7,'Top' and 'Best' Video Game Reviews,10 NEW Indie Game Releases THIS WEEK That Will Have Your Wallet Crying
7,'Top' and 'Best' Video Game Reviews,10 Reasons Board Games Are Better Now
7,'Top' and 'Best' Video Game Reviews,15 Perfect 1010 Games You Must Play
7,'Top' and 'Best' Video Game Reviews,20 Small Games for a Shoe Box Collection
7,'Top' and 'Best' Video Game Reviews,BEST Cozy Games of 2023 and WORST
7,'Top' and 'Best' Video Game Reviews,Games Leaving PS Plus July 2025  Predictions  Recommendations  Last Chance To Play
7,'Top' and 'Best' Video Game Reviews,Games You Should Only Play Once
7,'Top' and 'Best' Video Game Reviews,Games that Break all the Rules
7,'Top' and 'Best' Video Game Reviews,How NOT to make an indie game
7,'Top' and 'Best' Video Game Reviews,Indie games are the enemy now
7,'Top' and 'Best' Video Game Reviews,More Indie Games You Missed probably i still dont know your life
7,'Top' and 'Best' Video Game Reviews,NEW Nintendo Switch 2 News Just Dropped
7,'Top' and 'Best' Video Game Reviews,Nintendos change of TOS isnt news peoples apathy is
7,'Top' and 'Best' Video Game Reviews,ONE OF THE BEST STEAM DEALS  15 Must Buy Games on May 2025
7,'Top' and 'Best' Video Game Reviews,Ranking the Best Puzzle Games for Nintendo Switch
7,'Top' and 'Best' Video Game Reviews,Ranking the Worst Nintendo Games
7,'Top' and 'Best' Video Game Reviews,TOP 20 BEST METROIDVANIA Games on Nintendo Switch
7,'Top' and 'Best' Video Game Reviews,TOP 25 PERFECT 1010 Nintendo Switch Games You MUST PLAY
7,'Top' and 'Best' Video Game Reviews,TOP 30 BEST NEW Nintendo Switch Games in 2025
7,'Top' and 'Best' Video Game Reviews,TOP 50 MUSTPLAY Nintendo Switch Games Before Switch 2
7,'Top' and 'Best' Video Game Reviews,The 20 WORSTSelling Switch Games
7,'Top' and 'Best' Video Game Reviews,The CRAZIEST puzzle game Ive EVER played
7,'Top' and 'Best' Video Game Reviews,The Most POINTLESS Board Games
7,'Top' and 'Best' Video Game Reviews,The Most Poorly Timed Nintendo Games
7,'Top' and 'Best' Video Game Reviews,The TEN Levels of Boardgame Complexity and Depth
7,'Top' and 'Best' Video Game Reviews,The Top 100 Indie Games You Must Play
7,'Top' and 'Best' Video Game Reviews,The WORST Games in Every Nintendo Franchise
7,'Top' and 'Best' Video Game Reviews,The craziest 90s puzzle Ive ever attempted
7,'Top' and 'Best' Video Game Reviews,Things to Add to an Indie Game that Nobody Really Cares About
7,'Top' and 'Best' Video Game Reviews,Top 10 Upcoming NEW Indie Games of June 2025
7,'Top' and 'Best' Video Game Reviews,Top 100 Board Games of All Time  101
7,'Top' and 'Best' Video Game Reviews,my nintendo switch collection   ultimate guide to cozy gaming
7,'Top' and 'Best' Video Game Reviews,10 Board Games You Need To Start A Collection
7,'Top' and 'Best' Video Game Reviews,The Most POINTLESS Board Games
7,'Top' and 'Best' Video Game Reviews,The Top 100 Indie Games You Must Play
7,'Top' and 'Best' Video Game Reviews,Pixel Art Games The Top 10 Ranked for Early 2023
7,'Top' and 'Best' Video Game Reviews,What Games Are Like For Someone Who Doesnt Play Games
7,'Top' and 'Best' Video Game Reviews,Games that Break all the Rules
7,'Top' and 'Best' Video Game Reviews,The Top 50 Indie Games That You Simply Must Play
7,'Top' and 'Best' Video Game Reviews,Grindstone  GamePlay PC
7,'Top' and 'Best' Video Game Reviews,The Most Poorly Timed Nintendo Games
7,'Top' and 'Best' Video Game Reviews,Top 10 Mystery Indie Games
7,'Top' and 'Best' Video Game Reviews,What Casual Games Are Like For Someone Who Doesnt Play Games
7,'Top' and 'Best' Video Game Reviews,Nintendo Switch 2 UI  Home Screen Tour
7,'Top' and 'Best' Video Game Reviews,The Best Ever Indie Games On The Nintendo Switch
7,'Top' and 'Best' Video Game Reviews,Top 10 Best OFFLINE Games For Android  iOS 2024  New and Updated Games
7,'Top' and 'Best' Video Game Reviews,Top 10 Best Pixel Art Games for Android and iOS 2025
7,'Top' and 'Best' Video Game Reviews,Do Original GameCube Controllers Still Work on Switch 2
7,'Top' and 'Best' Video Game Reviews,Even More Indie Games You Missed if i had to guessi cant be sure though
7,'Top' and 'Best' Video Game Reviews,Getting to Know Nintendo Switch 2  System Transfer
7,'Top' and 'Best' Video Game Reviews,The Most POINTLESS Board Games
7,'Top' and 'Best' Video Game Reviews,The Top 50 Indie Games That You Simply Must Play
7,'Top' and 'Best' Video Game Reviews,Top 10 Best Offline Games Android  iOS of April 2025
7,'Top' and 'Best' Video Game Reviews,Top 10 Best Pixel Art Games for Android and iOS 2025 New  Updated
7,'Top' and 'Best' Video Game Reviews,Top 10 Best PixelArt Games for AndroidiOS in 2024 OfflineOnline  New  Updated Games
7,'Top' and 'Best' Video Game Reviews,Top 10 Cozy Relaxing Games for Android  iOS To Play in 2025  Stressfree Games
7,'Top' and 'Best' Video Game Reviews,What Casual Games Are Like For Someone Who Doesnt Play Games
7,'Top' and 'Best' Video Game Reviews,10 Board Games You Need To Start A Collection
7,'Top' and 'Best' Video Game Reviews,10 Board Games for People Who Hate Rules
7,'Top' and 'Best' Video Game Reviews,12 Switch Games YOU Cant Live Without
7,'Top' and 'Best' Video Game Reviews,25 GREAT CouchLocal CoOp Games That You Need To Play With Friends
7,'Top' and 'Best' Video Game Reviews,Best Couch CoOp Multiplayer Games on Nintendo Switch
7,'Top' and 'Best' Video Game Reviews,Do You Even Need a Switch 2 Pro Controller
7,'Top' and 'Best' Video Game Reviews,Even More Indie Games You Missed if i had to guessi cant be sure though
7,'Top' and 'Best' Video Game Reviews,Games that Break all the Rules
7,'Top' and 'Best' Video Game Reviews,Games that Break all the Rules
7,'Top' and 'Best' Video Game Reviews,Grindstone Nintendo Switch Review
7,'Top' and 'Best' Video Game Reviews,How to find amazing game ideas
7,'Top' and 'Best' Video Game Reviews,Nintendo Switch 2 UI  Home Screen Tour
7,'Top' and 'Best' Video Game Reviews,Nintendo is Pathetic
7,'Top' and 'Best' Video Game Reviews,No Mans Sky  Official Nintendo Switch 2 Announcement Trailer
7,'Top' and 'Best' Video Game Reviews,Ranking the Worst Nintendo Games
7,'Top' and 'Best' Video Game Reviews,Switch 2 News  Console Breaks Street Date N64 NSO Features  Switch 2 Edition File Sizes
7,'Top' and 'Best' Video Game Reviews,TOP 10 Best Puzzle Games on Nintendo Switch to Challenge Your Mind
7,'Top' and 'Best' Video Game Reviews,TOP 10 Best Puzzle Games on Nintendo Switch to Challenge Your Mind
7,'Top' and 'Best' Video Game Reviews,The 20 Best Indie Games Of The 2020s So Far
7,'Top' and 'Best' Video Game Reviews,The Coolest Puzzle Game Mechanic In A LONG TIME  Viewfinder
7,'Top' and 'Best' Video Game Reviews,The Greatest Language Translating Puzzle Game Ever Made
7,'Top' and 'Best' Video Game Reviews,Thoughts on the Nintendo Switch 2 Direct
7,'Top' and 'Best' Video Game Reviews,Top 10 Cozy Relaxing Games for Android  iOS To Play in 2025  Stressfree Games
7,'Top' and 'Best' Video Game Reviews,Top 10 Upcoming NEW Indie Games of June 2025
7,'Top' and 'Best' Video Game Reviews,Top 15 Beautiful Offline Puzzle Games Android  iOS of All Time  Best Puzzle Game
7,'Top' and 'Best' Video Game Reviews,Weve Played Nintendo Switch 2 Welcome Tour  Is It Any Good
7,'Top' and 'Best' Video Game Reviews,The Most POINTLESS Board Games
7,'Top' and 'Best' Video Game Reviews,Top 10 Best Pixel Art Games for Android and iOS 2025 New  Updated
7,'Top' and 'Best' Video Game Reviews,Super Bomberman R  Official Nintendo Switch Trailer
7,'Top' and 'Best' Video Game Reviews,Top 15 Beautiful Offline Puzzle Games Android  iOS of All Time  Best Puzzle Game
7,'Top' and 'Best' Video Game Reviews,Mosaic  Launch Trailer  Nintendo Switch
7,'Top' and 'Best' Video Game Reviews,The Most POINTLESS Board Games
7,'Top' and 'Best' Video Game Reviews,Do Original GameCube Controllers Still Work on Switch 2
7,'Top' and 'Best' Video Game Reviews,Grindstone  GamePlay PC
7,'Top' and 'Best' Video Game Reviews,How to find amazing game ideas
7,'Top' and 'Best' Video Game Reviews,TOP 10 Best Puzzle Games on Nintendo Switch to Challenge Your Mind
7,'Top' and 'Best' Video Game Reviews,The Greatest Language Translating Puzzle Game Ever Made
7,'Top' and 'Best' Video Game Reviews,The Last Campfire  Announcement Trailer  Nintendo Switch
7,'Top' and 'Best' Video Game Reviews,Top 10 Best OFFLINE Games For Android  iOS 2024  New and Updated Games
7,'Top' and 'Best' Video Game Reviews,Top 10 Best PixelArt Games for AndroidiOS in 2024 OfflineOnline  New  Updated Games
7,'Top' and 'Best' Video Game Reviews,Top 15 Beautiful Offline Puzzle Games Android  iOS of All Time  Best Puzzle Game
7,'Top' and 'Best' Video Game Reviews,15 Best Single Player Games You Can FINISH IN 5 Hrs
7,'Top' and 'Best' Video Game Reviews,DONT WORK ON SWITCH 2 Which Games Have Backward Compatibility Issues
7,'Top' and 'Best' Video Game Reviews,Do Original GameCube Controllers Still Work on Switch 2
7,'Top' and 'Best' Video Game Reviews,Even More Indie Games You Missed if i had to guessi cant be sure though
7,'Top' and 'Best' Video Game Reviews,GRIS  Launch Trailer  Nintendo Switch
7,'Top' and 'Best' Video Game Reviews,GRIS  Launch Trailer  Nintendo Switch
7,'Top' and 'Best' Video Game Reviews,Getting to Know Nintendo Switch 2  System Transfer
7,'Top' and 'Best' Video Game Reviews,Mosaic  Launch Trailer  Nintendo Switch
7,'Top' and 'Best' Video Game Reviews,NEW Nintendo Switch 2 News Just Appeared
7,'Top' and 'Best' Video Game Reviews,Nintendo Switch 2  Official Launch Trailer
7,'Top' and 'Best' Video Game Reviews,Nintendo Switch 2 Welcome Tour So Is it Worth 10
7,'Top' and 'Best' Video Game Reviews,Nintendo Switch 2  Launch Trailer
7,'Top' and 'Best' Video Game Reviews,Nintendo Switch ESHOP Sale is Live Right Now  Nintendo Switch Deals
7,'Top' and 'Best' Video Game Reviews,PAX East 2025 was STACKED with great Indie Games
7,'Top' and 'Best' Video Game Reviews,Sonic X Shadow Generations  Official Nintendo Switch 2 Launch Trailer
7,'Top' and 'Best' Video Game Reviews,Super Bomberman R  Official Nintendo Switch Trailer
7,'Top' and 'Best' Video Game Reviews,TOP 20 Best Couch CoOp Switch Games of All Time
7,'Top' and 'Best' Video Game Reviews,TOP 20 Best Nintendo Switch COOP Multiplayer Games You Can PLAY RIGHT NOW
7,'Top' and 'Best' Video Game Reviews,The Best Ever Indie Games On The Nintendo Switch
7,'Top' and 'Best' Video Game Reviews,The Best Ever Indie Games On The Nintendo Switch
7,'Top' and 'Best' Video Game Reviews,The Last Campfire  Announcement Trailer  Nintendo Switch
7,'Top' and 'Best' Video Game Reviews,The Most POINTLESS Board Games
7,'Top' and 'Best' Video Game Reviews,The Top 50 Indie Games That You Simply Need To Play
7,'Top' and 'Best' Video Game Reviews,This classic puzzle game got a cursed sequel
7,'Top' and 'Best' Video Game Reviews,Top 10 Best OFFLINE Games For Android  iOS 2024  New and Updated Games
7,'Top' and 'Best' Video Game Reviews,Top 10 Cozy Relaxing Games for Android  iOS To Play in 2025  Stressfree Games
7,'Top' and 'Best' Video Game Reviews,Top 30 Best Nintendo Switch METROIDVANIA Games  Best METROIDVANIA Games on Switch Updated 2025
7,'Top' and 'Best' Video Game Reviews,Witchbrook  Announcement Trailer  Nintendo Switch
7,'Top' and 'Best' Video Game Reviews,Within this cube is a super clever perspective based puzzle game Moncage
7,'Top' and 'Best' Video Game Reviews,AMAZING Discounts on Todays Nintendo ESHOP Sale  35 MustSee Nintendo Switch Deals
7,'Top' and 'Best' Video Game Reviews,10 Cozy Puzzle Games to Play Anytime  PC Mac  Switch
7,'Top' and 'Best' Video Game Reviews,Super Bomberman R  Official Nintendo Switch Trailer
7,'Top' and 'Best' Video Game Reviews,TOP 10 Best Mystery Games on Nintendo Switch You Cant Miss
7,'Top' and 'Best' Video Game Reviews,The First Tree  Launch Trailer  Nintendo Switch
7,'Top' and 'Best' Video Game Reviews,The Greatest Language Translating Puzzle Game Ever Made
7,'Top' and 'Best' Video Game Reviews,The Most Satisfying Puzzles Ever Made
7,'Top' and 'Best' Video Game Reviews,Top 10 NEW Puzzle Games For Android  iOS in 2024 That You Need To Try
7,'Top' and 'Best' Video Game Reviews,Top 15 Beautiful Offline Puzzle Games Android  iOS of All Time  Best Puzzle Game
7,'Top' and 'Best' Video Game Reviews,Top 15 Beautiful Offline Puzzle Games Android  iOS of All Time  Best Puzzle Game
7,'Top' and 'Best' Video Game Reviews,10 HARDEST Puzzles in Games You Definitely GOOGLED
7,'Top' and 'Best' Video Game Reviews,Nintendo Switch 2  Official Launch Trailer
7,'Top' and 'Best' Video Game Reviews,Nintendo Switch 2  Official Nintendo Switch Online Overview Trailer
7,'Top' and 'Best' Video Game Reviews,Super Bomberman R  Official Nintendo Switch Trailer
7,'Top' and 'Best' Video Game Reviews,TOP 25 PERFECT 1010 Nintendo Switch Games You MUST PLAY
7,'Top' and 'Best' Video Game Reviews,The 10 Best Puzzle Games of 2023
7,'Top' and 'Best' Video Game Reviews,The Best Puzzle Games on Android
7,'Top' and 'Best' Video Game Reviews,The Escapists Complete Edition Nintendo Switch Gameplay
7,'Top' and 'Best' Video Game Reviews,The craziest 90s puzzle Ive ever attempted
7,'Top' and 'Best' Video Game Reviews,This New Puzzle Game Will Blow Your Mind  COCOON
7,'Top' and 'Best' Video Game Reviews,Top 15 Nintendo Switch Puzzle Games
7,'Top' and 'Best' Video Game Reviews,Top 15 Offline Relaxing Games For Android  iOS  StressFree Games
7,'Top' and 'Best' Video Game Reviews,How to find amazing game ideas
7,'Top' and 'Best' Video Game Reviews,12 Switch Games YOU Cant Live Without
7,'Top' and 'Best' Video Game Reviews,Best Cozy Games on Nintendo Switch
7,'Top' and 'Best' Video Game Reviews,Grindstone Gameplay on the Nintendo Switch
7,'Top' and 'Best' Video Game Reviews,27 Exciting New Games Coming to Nintendo Switch 1  2  June 2025
7,'Top' and 'Best' Video Game Reviews,Top 10 Mystery Indie Games
7,'Top' and 'Best' Video Game Reviews,Top 15 Beautiful Offline Puzzle Games Android  iOS of All Time  Best Puzzle Game
7,'Top' and 'Best' Video Game Reviews,Do You Even Need a Switch 2 Pro Controller
7,'Top' and 'Best' Video Game Reviews,Nintendo Switch 2 UI  Home Screen Tour
7,'Top' and 'Best' Video Game Reviews,Ranking the Best Puzzle Games for Nintendo Switch
7,'Top' and 'Best' Video Game Reviews,TOP 25 UPCOMING Nintendo Switch Games for 2025
7,'Top' and 'Best' Video Game Reviews,Top 15 Offline Relaxing Games For Android  iOS  StressFree Games
7,'Top' and 'Best' Video Game Reviews,Top 25 Best Puzzle Games so Far AndroidiOS
7,'Top' and 'Best' Video Game Reviews,10 Puzzle Adventure Games for Nintendo Switch that you should not miss
7,'Top' and 'Best' Video Game Reviews,Best RPGs on Nintendo Switch
7,'Top' and 'Best' Video Game Reviews,How to Prep Your Switch 1 for Switch 2 Upgrade  All FREE Switch 2 Game Upgrades
7,'Top' and 'Best' Video Game Reviews,How to find amazing game ideas
7,'Top' and 'Best' Video Game Reviews,Mosaic  Launch Trailer  Nintendo Switch
7,'Top' and 'Best' Video Game Reviews,Pixel Art Games The Top 10 Ranked for Early 2023
7,'Top' and 'Best' Video Game Reviews,TOP 20 BEST METROIDVANIA Games on Nintendo Switch
7,'Top' and 'Best' Video Game Reviews,TOP 20 BEST SINGLE PLAYER Games on Nintendo Switch
7,'Top' and 'Best' Video Game Reviews,TOP 20 BEST SINGLE PLAYER Games on Nintendo Switch
7,'Top' and 'Best' Video Game Reviews,TOP 25 PERFECT 1010 Nintendo Switch Games You MUST PLAY
7,'Top' and 'Best' Video Game Reviews,TOP 30 BEST Platformers on Nintendo Switch to Play RIGHT NOW
7,'Top' and 'Best' Video Game Reviews,TOP 40 Best PUZZLE Games on Nintendo Switch 2024
7,'Top' and 'Best' Video Game Reviews,The 10 Most Relaxing Puzzle Games on the Nintendo Switch
7,'Top' and 'Best' Video Game Reviews,The Best Ever Indie Games On The Nintendo Switch
7,'Top' and 'Best' Video Game Reviews,The First Tree  Launch Trailer  Nintendo Switch
7,'Top' and 'Best' Video Game Reviews,The Most Satisfying Puzzles Ever Made
7,'Top' and 'Best' Video Game Reviews,The Top 10 Best Nintendo Launch Games of All Time
7,'Top' and 'Best' Video Game Reviews,These 12 Games Will Receive FREE Switch 2 Upgrades
7,'Top' and 'Best' Video Game Reviews,This New Puzzle Game Will Blow Your Mind  COCOON
7,'Top' and 'Best' Video Game Reviews,Top 10 NEW Puzzle Games For Android  iOS in 2024 That You Need To Try
7,'Top' and 'Best' Video Game Reviews,Top 20 Best Puzzle Games for Mobile OFFLINE  2023
7,'Top' and 'Best' Video Game Reviews,Within this cube is a super clever perspective based puzzle game Moncage
7,'Top' and 'Best' Video Game Reviews,The Most POINTLESS Board Games
7,'Top' and 'Best' Video Game Reviews,TOP 40 Best PUZZLE Games on Nintendo Switch 2024
7,'Top' and 'Best' Video Game Reviews,The Best Ever Indie Games On The Nintendo Switch
7,'Top' and 'Best' Video Game Reviews,Top 15 Nintendo Switch Puzzle Games
7,'Top' and 'Best' Video Game Reviews,10 HARDEST Puzzles in Games You Definitely GOOGLED
7,'Top' and 'Best' Video Game Reviews,10 Puzzle Adventure Games for Nintendo Switch that you should not miss
7,'Top' and 'Best' Video Game Reviews,A MUST PLAY Switch eShop Game For The Holidays Grindstone Switch Gameplay
7,'Top' and 'Best' Video Game Reviews,Grindstone Gameplay on the Nintendo Switch
7,'Top' and 'Best' Video Game Reviews,The 10 Best Puzzle Games of 2023
7,'Top' and 'Best' Video Game Reviews,The CRAZIEST puzzle game Ive EVER played
7,'Top' and 'Best' Video Game Reviews,10 Board Games You Need To Start A Collection
7,'Top' and 'Best' Video Game Reviews,10 Board Games You Need To Start A Collection
7,'Top' and 'Best' Video Game Reviews,10 NEW Indie Game Releases THIS WEEK That Will Have Your Wallet Crying
7,'Top' and 'Best' Video Game Reviews,15 Best Single Player Games You Can FINISH IN 5 Hrs
7,'Top' and 'Best' Video Game Reviews,20 Small Games for a Shoe Box Collection
7,'Top' and 'Best' Video Game Reviews,5 Great Puzzle Games for the Nintendo Switch
7,'Top' and 'Best' Video Game Reviews,A Game Where You Can Stretch to Any Size
7,'Top' and 'Best' Video Game Reviews,Best Puzzle Games of All Time
7,'Top' and 'Best' Video Game Reviews,Grindstone Gameplay on the Nintendo Switch
7,'Top' and 'Best' Video Game Reviews,I spent 4 years finding the Worlds BEST puzzle games
7,'Top' and 'Best' Video Game Reviews,Im Becoming Addicted to Special Puzzles
7,'Top' and 'Best' Video Game Reviews,Nintendo Switch 2  Official GameChat Overview Trailer
7,'Top' and 'Best' Video Game Reviews,Nintendo Switch 2  Official Launch Trailer
7,'Top' and 'Best' Video Game Reviews,Nintendo Switch 2 Welcome Tour So Is it Worth 10
7,'Top' and 'Best' Video Game Reviews,Rain on Your Parade Nintendo Switch Gameplay
7,'Top' and 'Best' Video Game Reviews,TOP 20 BEST SINGLE PLAYER Games on Nintendo Switch
7,'Top' and 'Best' Video Game Reviews,The 10 Most Relaxing Puzzle Games on the Nintendo Switch
7,'Top' and 'Best' Video Game Reviews,The Greatest Language Translating Puzzle Game Ever Made
7,'Top' and 'Best' Video Game Reviews,The Greatest Language Translating Puzzle Game Ever Made
7,'Top' and 'Best' Video Game Reviews,Top 10 FREE Puzzle Games for Android in 2025  You Must Try
7,'Top' and 'Best' Video Game Reviews,Top 10 NEW Puzzle Games For Android  iOS in 2024 That You Need To Try
7,'Top' and 'Best' Video Game Reviews,Top 5 Best Cozy Puzzle Games you MUST PLAY
7,'Top' and 'Best' Video Game Reviews,Within this cube is a super clever perspective based puzzle game Moncage
7,'Top' and 'Best' Video Game Reviews,10 Cozy Puzzle Games to Play Anytime  PC Mac  Switch
8,Super Nintendo World Gameplay and Reviews,Beating the Other Worst Paper Mario Game Without Playing It
8,Super Nintendo World Gameplay and Reviews,Lets Play Mario Kart World Together
8,Super Nintendo World Gameplay and Reviews,Dan LOVES Rainbow Galleria  Mario Party Jamboree
8,Super Nintendo World Gameplay and Reviews,GOT MY SWITCH 2 LETS GET THIS PARTY STARTED  Scyushi Plays Mario Kart World ALL CUPS
8,Super Nintendo World Gameplay and Reviews,How Many Stars Are Needed to Beat Mario 64 DS
8,Super Nintendo World Gameplay and Reviews,Luigis Perfect Day
8,Super Nintendo World Gameplay and Reviews,Mario Kart World  2 Hours of Gameplay Footage Switch 2 4K
8,Super Nintendo World Gameplay and Reviews,Mario Kart World  All Tracks 150cc Full Game Walkthrough
8,Super Nintendo World Gameplay and Reviews,Mario Kart World  Full Gameplay Walkthrough Part 1  Mushroom Cup 150cc Grand Prix
8,Super Nintendo World Gameplay and Reviews,Mario Kart World  Part 1  The Beginning Nintendo Switch 2 Gameplay
8,Super Nintendo World Gameplay and Reviews,Mario Kart World is Going to Sell Millions and Millions and Millions
8,Super Nintendo World Gameplay and Reviews,Mario Kart World is a DREAM COME TRUE
8,Super Nintendo World Gameplay and Reviews,My Hopes and Dreams for Mario Kart World
8,Super Nintendo World Gameplay and Reviews,NEW Mario Kart World Gameplay  Switch 2
8,Super Nintendo World Gameplay and Reviews,Nintendo Switch 2 Unboxing  First Gameplay
8,Super Nintendo World Gameplay and Reviews,Nintendo Switch 2 is HERE Mario Kart World LIVE
8,Super Nintendo World Gameplay and Reviews,OMG Switch 2  Mario Kart World LIVE
8,Super Nintendo World Gameplay and Reviews,Reacting to EVERY Mario Kart 8 Deluxe 150cc World Record
8,Super Nintendo World Gameplay and Reviews,Reacting to EVERY Mario Kart 8 Deluxe 200cc World Record
8,Super Nintendo World Gameplay and Reviews,Super Mario Galaxy The Complete 200 Run
8,Super Nintendo World Gameplay and Reviews,Super Paper Mario  Episode 2  Lets Play Live
8,Super Nintendo World Gameplay and Reviews,The End of Competitive Mario Kart 8 Deluxe
8,Super Nintendo World Gameplay and Reviews,The Story of Super Mario Bros 3
8,Super Nintendo World Gameplay and Reviews,The Story of Super Mario Kart
8,Super Nintendo World Gameplay and Reviews,The Worst Track In Every Mario Kart
8,Super Nintendo World Gameplay and Reviews,Lets Play Mario Kart World Together
8,Super Nintendo World Gameplay and Reviews,Nintendo Switch 2 Unboxing  First Gameplay
8,Super Nintendo World Gameplay and Reviews,Ranking Every Mario Kart Game
8,Super Nintendo World Gameplay and Reviews,THE FIRST UNBOXING OF THE BRAZILIAN NINTENDO SWITCH 2  REACT
8,Super Nintendo World Gameplay and Reviews,Weve Played Mario Kart World A LOT  Is It Any Good
8,Super Nintendo World Gameplay and Reviews,200cc is NOT in Mario Kart World  Interconnected World is just the tip of the iceberg
8,Super Nintendo World Gameplay and Reviews,Beating the Other Worst Paper Mario Game Without Playing It
8,Super Nintendo World Gameplay and Reviews,Dan LOVES Rainbow Galleria  Mario Party Jamboree
8,Super Nintendo World Gameplay and Reviews,GOT MY SWITCH 2 LETS GET THIS PARTY STARTED  Scyushi Plays Mario Kart World ALL CUPS
8,Super Nintendo World Gameplay and Reviews,Going for PERFECT Scores in Mario Party Jamboree
8,Super Nintendo World Gameplay and Reviews,How Many Stars Are Needed to Beat Mario 64 DS
8,Super Nintendo World Gameplay and Reviews,I Have Mixed Thoughts on Mario Kart Worlds Retro Tracks
8,Super Nintendo World Gameplay and Reviews,I Really Want To Talk About NewER Super Mario Bros  The Best NSMB Games
8,Super Nintendo World Gameplay and Reviews,If EVERY Mario Kart 8 Deluxe Character Belonged to ONE Track
8,Super Nintendo World Gameplay and Reviews,Mario Kart World  1 Hour Gameplay
8,Super Nintendo World Gameplay and Reviews,Mario Kart World  All Tracks 150cc Full Game Walkthrough
8,Super Nintendo World Gameplay and Reviews,Mario Kart World  Full Gameplay Walkthrough Part 1  Mushroom Cup 150cc Grand Prix
8,Super Nintendo World Gameplay and Reviews,Mario Kart World  Part 1  The Beginning Nintendo Switch 2 Gameplay
8,Super Nintendo World Gameplay and Reviews,Mario Kart Worlds impossible task improve what was already perfect Handson Impressions
8,Super Nintendo World Gameplay and Reviews,NEW Mario Kart World Gameplay Breakdown  Nintendo Direct Reaction
8,Super Nintendo World Gameplay and Reviews,Nintendo Switch 2 IS HERE  Unboxing Mario Kart World  More
8,Super Nintendo World Gameplay and Reviews,Nintendo Switch 2 is HERE Mario Kart World LIVE
8,Super Nintendo World Gameplay and Reviews,Ranking Every Kirby Game
8,Super Nintendo World Gameplay and Reviews,Reaching 10000 Rating In Mario Kart 8 Before The New One Comes Out
8,Super Nintendo World Gameplay and Reviews,Reacting to EVERY Mario Kart 8 Deluxe 200cc World Record
8,Super Nintendo World Gameplay and Reviews,Super Paper Mario  Episode 2  Lets Play Live
8,Super Nintendo World Gameplay and Reviews,Teens Play NES For The First Time Super Mario Bros Punch Out Donkey Kong
8,Super Nintendo World Gameplay and Reviews,The Final Mario Kart 8 Stream
8,Super Nintendo World Gameplay and Reviews,The History of Super Mario Bros 3 100 World Records
8,Super Nintendo World Gameplay and Reviews,The Story of Super Mario Bros 3
8,Super Nintendo World Gameplay and Reviews,The Worst Track In Every Mario Kart
8,Super Nintendo World Gameplay and Reviews,FIRST LOOK at Mario Kart World Free Roam  Nintendo Switch 2
8,Super Nintendo World Gameplay and Reviews,Nintendo Switch 2 is HERE Mario Kart World LIVE
8,Super Nintendo World Gameplay and Reviews,Reacting to EVERY Mario Kart 8 Deluxe 200cc World Record
8,Super Nintendo World Gameplay and Reviews,The Story of Super Mario Bros 3
8,Super Nintendo World Gameplay and Reviews,Beating the Other Worst Paper Mario Game Without Playing It
8,Super Nintendo World Gameplay and Reviews,How Many Crystal Stars Does it Take to Beat Paper Mario TTYD
8,Super Nintendo World Gameplay and Reviews,How Many Stars Are Needed to Beat Mario 64 DS
8,Super Nintendo World Gameplay and Reviews,How Many Stars Can You Get in Mario 64 Without Entering Paintings
8,Super Nintendo World Gameplay and Reviews,How Mario Kart became Nintendos biggest franchise
8,Super Nintendo World Gameplay and Reviews,I Have Mixed Thoughts on Mario Kart Worlds Retro Tracks
8,Super Nintendo World Gameplay and Reviews,Lets Play Mario Kart World Together
8,Super Nintendo World Gameplay and Reviews,Mario Kart World  All Tracks 150cc Full Game Walkthrough
8,Super Nintendo World Gameplay and Reviews,Mario Kart World  Full Gameplay Walkthrough Part 1  Mushroom Cup 150cc Grand Prix
8,Super Nintendo World Gameplay and Reviews,Mario Kart World  Part 1  The Beginning Nintendo Switch 2 Gameplay
8,Super Nintendo World Gameplay and Reviews,Mario Kart World is a DREAM COME TRUE
8,Super Nintendo World Gameplay and Reviews,Mario Kart Worlds impossible task improve what was already perfect Handson Impressions
8,Super Nintendo World Gameplay and Reviews,My Hopes and Dreams for Mario Kart World
8,Super Nintendo World Gameplay and Reviews,The Final Mario Kart 8 Stream
8,Super Nintendo World Gameplay and Reviews,The Story of Super Mario Kart
8,Super Nintendo World Gameplay and Reviews,The Story of Super Mario World
8,Super Nintendo World Gameplay and Reviews,The Story of the Super Mario Land Series
8,Super Nintendo World Gameplay and Reviews,Nintendo Switch 2 Unboxing  First Gameplay
8,Super Nintendo World Gameplay and Reviews,How Many Courses Can You Drive Backwards In Mario Kart 8 Deluxe
8,Super Nintendo World Gameplay and Reviews,How Many Stars Can You Get in Mario 64 Without Entering Paintings
8,Super Nintendo World Gameplay and Reviews,The Story of Super Mario Kart
8,Super Nintendo World Gameplay and Reviews,Weve Played Mario Kart World A LOT  Is It Any Good
8,Super Nintendo World Gameplay and Reviews,Busting 100 Mario Myths
8,Super Nintendo World Gameplay and Reviews,GOT MY SWITCH 2 LETS GET THIS PARTY STARTED  Scyushi Plays Mario Kart World ALL CUPS
8,Super Nintendo World Gameplay and Reviews,How Many Crystal Stars Does it Take to Beat Paper Mario TTYD
8,Super Nintendo World Gameplay and Reviews,How Many Shines Are Needed to Beat Super Mario Sunshine
8,Super Nintendo World Gameplay and Reviews,Mario Kart World  Full Gameplay Walkthrough Part 1  Mushroom Cup 150cc Grand Prix
8,Super Nintendo World Gameplay and Reviews,Mario Kart World  Full Gameplay Walkthrough Part 1  Mushroom Cup 150cc Grand Prix
8,Super Nintendo World Gameplay and Reviews,Mario Kart World  Part 1  The Beginning Nintendo Switch 2 Gameplay
8,Super Nintendo World Gameplay and Reviews,Mario The Infamous History of Level 52
8,Super Nintendo World Gameplay and Reviews,Ranking Every Mario Sports Game
8,Super Nintendo World Gameplay and Reviews,Teens Play NES For The First Time Super Mario Bros Punch Out Donkey Kong
8,Super Nintendo World Gameplay and Reviews,The Story of Super Mario Bros 3
8,Super Nintendo World Gameplay and Reviews,Why Mario Kart World was a NIGHTMARE to Design
8,Super Nintendo World Gameplay and Reviews,Dan LOVES Rainbow Galleria  Mario Party Jamboree
8,Super Nintendo World Gameplay and Reviews,Mario Kart World  Full Gameplay Walkthrough Part 1  Mushroom Cup 150cc Grand Prix
8,Super Nintendo World Gameplay and Reviews,Nintendo Switch 2 Unboxing  Whats In the Box
8,Super Nintendo World Gameplay and Reviews,Super Mario Galaxy The Complete 200 Run
8,Super Nintendo World Gameplay and Reviews,How Many Stars Are Needed to Beat Mario 64 DS
8,Super Nintendo World Gameplay and Reviews,Lets Play All of Super Mario Sunshine
8,Super Nintendo World Gameplay and Reviews,New ITEM SYSTEM in Mario Kart World EXPLAINED Full BreakdownAnalysis
8,Super Nintendo World Gameplay and Reviews,OMG Switch 2  Mario Kart World LIVE
8,Super Nintendo World Gameplay and Reviews,Paper Mario Color Splash  Gameplay Walkthrough Part 4  Cherry Lake 100 Nintendo Wii U
8,Super Nintendo World Gameplay and Reviews,Ranking Every Kirby Game
8,Super Nintendo World Gameplay and Reviews,Ranking Every Mario Kart Game
8,Super Nintendo World Gameplay and Reviews,Reacting to EVERY Mario Kart 8 Deluxe 150cc World Record
8,Super Nintendo World Gameplay and Reviews,Super Mario Party Jamboree  Full Game 100 Walkthrough Story Mode
8,Super Nintendo World Gameplay and Reviews,TONS of New Mario Kart World Info Is HERE The REAL Direct
8,Super Nintendo World Gameplay and Reviews,The Story of the Super Mario Land Series
8,Super Nintendo World Gameplay and Reviews,Why Mario Kart World is THE GAME you need to play in 2025
8,Super Nintendo World Gameplay and Reviews,Mario Kart World  All Tracks 150cc Full Game Walkthrough
8,Super Nintendo World Gameplay and Reviews,How Many Crystal Stars Does it Take to Beat Paper Mario TTYD
8,Super Nintendo World Gameplay and Reviews,Mario Kart World Looks BAD
8,Super Nintendo World Gameplay and Reviews,How Many Stars Can You Get in Mario 64 Without Entering Paintings
8,Super Nintendo World Gameplay and Reviews,Mario Kart World  Full Gameplay Walkthrough Part 1  Mushroom Cup 150cc Grand Prix
8,Super Nintendo World Gameplay and Reviews,Mario The Infamous History of Level 52
8,Super Nintendo World Gameplay and Reviews,Nintendo Switch 2 Unboxing  First Gameplay
8,Super Nintendo World Gameplay and Reviews,Nintendo Switch 2 Unboxing  Whats In the Box
8,Super Nintendo World Gameplay and Reviews,Ranking Every Mario Sports Game
8,Super Nintendo World Gameplay and Reviews,Teens Play NES For The First Time Super Mario Bros Punch Out Donkey Kong
8,Super Nintendo World Gameplay and Reviews,The Story of Super Mario Bros 3
8,Super Nintendo World Gameplay and Reviews,The Worst Minigame In Every Mario Party
8,Super Nintendo World Gameplay and Reviews,Weve Played Mario Kart World A LOT  Is It Any Good
8,Super Nintendo World Gameplay and Reviews,NEW Mario Kart World Gameplay  Switch 2
8,Super Nintendo World Gameplay and Reviews,Super Mario RPG Review
8,Super Nintendo World Gameplay and Reviews,Mario Kart World Gameplay LIVE with GameChat  Nintendo Switch 2 Launch Day
8,Super Nintendo World Gameplay and Reviews,Mario Kart World Watch a Full Knockout Tour at 150cc on Switch 2
8,Super Nintendo World Gameplay and Reviews,Ranking Every Yoshi Game
8,Super Nintendo World Gameplay and Reviews,The Story of Super Mario Bros 3
8,Super Nintendo World Gameplay and Reviews,Weve Played Mario Kart World A LOT  Is It Any Good
8,Super Nintendo World Gameplay and Reviews,200cc is NOT in Mario Kart World  Interconnected World is just the tip of the iceberg
8,Super Nintendo World Gameplay and Reviews,6 Idiots attempt to beat Mario 64
8,Super Nintendo World Gameplay and Reviews,Lets Play Mario Kart World Together
8,Super Nintendo World Gameplay and Reviews,Lets Play Mario Kart World Together
8,Super Nintendo World Gameplay and Reviews,Nintendo Switch 2 Unboxing
8,Super Nintendo World Gameplay and Reviews,Nintendo Switch 2 Unboxing  Whats In the Box
8,Super Nintendo World Gameplay and Reviews,The Story of Super Mario Kart
8,Super Nintendo World Gameplay and Reviews,The Story of Super Mario World
8,Super Nintendo World Gameplay and Reviews,The Story of the Super Mario Land Series
8,Super Nintendo World Gameplay and Reviews,The Story of the Super Mario Land Series
8,Super Nintendo World Gameplay and Reviews,Ranking EVERY Kairosoft Game Ever Made
8,Super Nintendo World Gameplay and Reviews,Mario Kart World on Switch 2  Playing with VIEWERS
8,Super Nintendo World Gameplay and Reviews,Nintendo Switch 2 Mario Kart World Bundle Pick Up and Unboxing
8,Super Nintendo World Gameplay and Reviews,Mario Kart World What We Think After Playing 5 More Hours
8,Super Nintendo World Gameplay and Reviews,Unboxing the GameCube Switch 2 Controller  OG Comparison
8,Super Nintendo World Gameplay and Reviews,200cc is NOT in Mario Kart World  Interconnected World is just the tip of the iceberg
8,Super Nintendo World Gameplay and Reviews,Donkey Kong Adventure  REVIEW Mario  Rabbids Kingdom Battle DLC
8,Super Nintendo World Gameplay and Reviews,Nintendo Switch 2 Unboxing
8,Super Nintendo World Gameplay and Reviews,Super Mario RPG Review
8,Super Nintendo World Gameplay and Reviews,Donkey Kong Adventure  REVIEW Mario  Rabbids Kingdom Battle DLC
8,Super Nintendo World Gameplay and Reviews,Its Finally Here Mario Kart World on Switch 2  Playing with VIEWERS
8,Super Nintendo World Gameplay and Reviews,New MarioKart World Streaming Until I Beat The Game New Nintendo Switch 2 Gameplay 100CC
8,Super Nintendo World Gameplay and Reviews,Nintendo Switch 2 Mario Kart World Bundle Pick Up and Unboxing
8,Super Nintendo World Gameplay and Reviews,Ranking Every Kirby Game
8,Super Nintendo World Gameplay and Reviews,Switch 2  Mario Kart World and Requests
8,Super Nintendo World Gameplay and Reviews,The Story of Super Mario Kart
8,Super Nintendo World Gameplay and Reviews,UNBOXING THE SWITCH 2
8,Super Nintendo World Gameplay and Reviews,Unboxing the GameCube Switch 2 Controller  OG Comparison
8,Super Nintendo World Gameplay and Reviews,OMG Switch 2  Mario Kart World LIVE
8,Super Nintendo World Gameplay and Reviews,Donkey Kong Adventure  REVIEW Mario  Rabbids Kingdom Battle DLC
8,Super Nintendo World Gameplay and Reviews,Down the Nabbit Hole  New Super Mario Bros U Deluxe Gameplay
8,Super Nintendo World Gameplay and Reviews,Nintendo Switch 2 Unboxing  Whats In the Box
8,Super Nintendo World Gameplay and Reviews,Super Mario Party Square Off Mode Part 1  Funhaus Gameplay
8,Super Nintendo World Gameplay and Reviews,Weve Played Mario Kart World A LOT  Is It Any Good
8,Super Nintendo World Gameplay and Reviews,Down the Nabbit Hole  New Super Mario Bros U Deluxe Gameplay
8,Super Nintendo World Gameplay and Reviews,Super Mario Party Square Off Mode Part 1  Funhaus Gameplay
