condition,cleanTitle
watch,Bonus Video A Very Okay Steward Run That Did Not Win  Monster Train 2
watch,Nintendo Switch Has So Many Tetris Games
watch,Nebulock Demo Footage
watch,10 Minutes of TETRIS EFFECT Music and Gameplay
watch,Dr Seuss The Lorax
watch,Buff So Hard Everything Explodes  Monster Train 2
watch,True Wireless Power is FINALLY here building a TRULY wirefree setup
watch,The First Perfect Game of Tetris Just Happened
watch,Chess But Pieces Have Gravity
watch,Cute Mouse Survival Sandbox  Winter Burrow
watch,How To Make Indie Games In 2025 w Jonathan Blow  Full Time Game Dev Podcast Ep 024
watch,I Found it The Ultimate Incremental Idle Game
watch,I Got EVERY Achievement For 100 Games
watch,Intense Tetris Battle Royale Tetrio
watch,Monster Collection Tower Defense Roguelite  Rogue Monster Rush
watch,More Asgards Fall
watch,Pumpkin Summons Are Cracked In Talented
watch,Ranking and Analyzing PVZ 2s Modern Plants
watch,Someone Made Deckbuilder FTL And Its Kinda Awesome  Star Scum
watch,Speedrunning Conspiracy Theories w drewisgooden
watch,Stardew Valley  365 Fishing Mastery
watch,Tackling the Biggest Unsolved Problems in Math with 3Blue1Brown
watch,Tetris Effect Connected Journey Mode Gameplay Performance Preview  Nintendo Switch
watch,This Worms Video is Finger Lickin Good
watch,Where Is Wind Wakers Water From
watch,shapez 2 Dimension Update  Out Now
watch,its a gloomy afternoonlets play stardew valley   1hr cozy asmr gaming vlog
watch,16 YO UNDERDOG vs 7TIME CHAMP  Classic Tetris World Championship 2018 Final Round
watch,Air Traffic Control Last Week Tonight with John Oliver HBO
watch,An Endless Labyrinth How BIG is Aperture Science
watch,Balatro Creator LocalThunk Talks Inspirations and Jokers  Game Makers Notebook Podcast
watch,Beating the Other Worst Paper Mario Game Without Playing It
watch,Becoming a Better Indie Dev  From Prototype To Polish
watch,Building a New Game in Game Builder Garage  GBJune Dev Days  Live
watch,Can You Beat Spyros INFAMOUS AntiPiracy
watch,Cult Classic Dungeon Crawler RPG  Etrian Odyssey 2 HD
watch,Drawing Classic Drawfee Characters That Weve Never Drawn Before
watch,Everything Is Random
watch,Evolution of Tetris Games 19892023
watch,Haunted House Deckbuilder Roguelike  Deck of Haunts Demo
watch,Highway Engineer COMPLETES road building game
watch,How India runs the worlds biggest election
watch,I Challenged an Isaac Pro to BLACKOUT Bingo
watch,I Made Millions by Openly Ripping Off Every Person Who Hired Me  Cash Cleaner Simulator
watch,I Played Every MySims Game so you dont have to
watch,I Spent 250 on the Worst EShop Games
watch,I Spent 30 Days in a Dead MMO and it was amazing
watch,I went AFK and Speedran This Game  Peglin Is A Perfectly Balanced Game With No Exploits
watch,Is It Possible To Beat Battleblock Theater Without Jumping feat BarelyAlec
watch,Lets Play Mario Kart World Together
watch,Making the worlds most powerful Red Bull
watch,Mario Kart 8s completely normal Time Trial leaderboards
watch,Minecraft with Too Many Custom Hearts
watch,Monster Collection Tower Defense Roguelite  Rogue Monster Rush
watch,My Assistant became my Boss for the Day  AMD 5000 Ultimate Tech Upgrade
watch,My New Favorite Incremental Game Seriously
watch,Nintendo had us in the first half
watch,Oblivion Remastered is A PERFECTLY BALANCED GAME WITH NO EXPLOITS  Making A New God
watch,Peanuts Bon Voyage Charlie Brown and dont come back
watch,Portal 2s Biggest Skip Took 11 Years To Discover And No One Uses It
watch,Sudoku Expert Plays The Witness
watch,TETRIS EFFECT CONNECTED  Forest Dawn
watch,Tackling the Biggest Unsolved Problems in Math with 3Blue1Brown
watch,Taskmaster Season 19 Episode 4  Midnight picnic  Full Episode
watch,The Mostly Complete Lore of Hollow Knight
watch,The History of Tetris World Records
watch,The Lore  Story of Dead Cells with ALL DLCs
watch,The Most Complex Ecosystem in any Game
watch,The TRAGEDY of Nickelodeons Glitch Techs
watch,The Top 50 Indie Games That You Simply Need To Play
watch,The Witness  100 11543  New World Record
watch,These Have Been Found All Across Ancient Rome Nobody Knows Why
watch,This Funguy Eats Titans  Monster Train 2
watch,This game outsmarted a professional engineer Baba Is You
watch,Why Does Celeste Feel So Good to Play
watch,Zelda BotW Drum Any WR Speedrun 11422 Worlds First Sub 75min Speedrum
watch,155 The Best Indie Video Games Worldbuilding  Theology with PJ
watch,1 Porter Gargantuar Level 40 vs 36 Plants Use Unlimited Power Up  Who Will Win  Pvz2 Challenge
watch,10 Magic Cards You Wont Believe Were Once REALLY Good
watch,100 Speedrunning Burrito Bison Was A Mistake
watch,100 Speedrunning Slime Rancher Was An Adorable Mistake
watch,100 Valve References  Crossovers in Video Games
watch,12 Best NEW Games To Play In June 2025
watch,2 Hours of Mario Marathons to Fall Asleep To
watch,3 Hours of RealLife Cheat Codes to Fall Asleep to
watch,4 Days of Terrible Choices in a Survival Game
watch,40 Complex Games With BRUTAL Learning Curves
watch,A 1989 TETRIS Expert Plays TETRIS EFFECT for the First Time
watch,A Bad Moon Rises  NRB Play Blood On The Clocktower
watch,A bell for my boyfriend  Animal Crossing New Horizons 2
watch,A history of attempts to fix English spelling
watch,AI Teachers and Duolingos New Plan  What Could Go Wrong
watch,Animal Crossing in LEGO 42 Acre Isle
watch,Apples AI Disaster Government Texts Hacked and North Koreas Sad Warship  Stuff Keeps Happening
watch,BEST 20 Perfect 1010 Switch Games  2025 Update
watch,Back with a BANG  RoboCop Rogue City Unfinished Business Gameplay Preview
watch,Baking brownies from the inside out
watch,Baking brownies from the inside out
watch,BarthEound Pt1
watch,Bionic Recreation and Disaster
watch,Bisnap Streams Isaac Repentance  Part 1120
watch,Bonus Video A Very Okay Steward Run That Did Not Win  Monster Train 2
watch,Boring History For Sleep  WEIRD Sleep Habits of Medieval People and more
watch,Boring History For Sleep  What did Alexander the Great EAT and more
watch,Boring History For Sleep  Why it Sucked to Be a Medieval Assassin and more
watch,Botanist Explains All GrassType Pokemon
watch,Bubble Bobble Any Randomizer Coop  Vauhtijuoksu 2025
watch,Building a LEGO Waffle Factory
watch,But what is quantum computing Grovers Algorithm
watch,CAN I PLEASE GET A VICTORY ROYALE
watch,CVS Employee Arrested Waiting on Bench for Lyft Driver 7 MINUTES after closing the store
watch,Call of Cthulhu  Edge of Darkness  Alex Ward Joe Johnson Persephone Valentin Trisha Hershberger
watch,Can I Beat Terraria on Nintendo Switch
watch,Can I GAMBLE Dice Chess
watch,Can I Remake Super Mario World in Godot Part 1
watch,Can I Remake Super Mario World in Godot Part 1
watch,Can I find the PERFECT SPOT for everyone  Is this seat taken
watch,Can I survive Mario Superstar Baseball with the WORST team
watch,Can Roguelikes be Cozy Games
watch,Can We Spot The Anomaly
watch,Can YOU Beat CUPHEAD WITHOUT GETTING HIT
watch,Can You Beat Spyro The Dragon Reignited Without Gliding
watch,Can You Beat Spyros INFAMOUS AntiPiracy
watch,Can You Beat Total Warhammer 3 Using Only DEER
watch,Can my 9 smartest viewers count to 10
watch,Can you Remake Super Mario Bros 2 in Super Mario Maker 2
watch,Can you beat Deathworld with NO WEAPONS
watch,Can you beat Plants vs Zombies 2 with DOUBLE SUN COST Plants Part 1
watch,Casual Player Accidentally Makes a HUGE Discovery That Speedrunners Missed
watch,Clicky Tactile PSP Button Mod  Install  Review
watch,Closed captions on DVDs are getting left behind
watch,Coding Stream 28  Creating a Metroidvania like Hollow Knight in Unity
watch,DOGE Got Hammered In Court
watch,DONT WORK ON SWITCH 2 Which Games Have Backward Compatibility Issues
watch,Dan LOVES Rainbow Galleria  Mario Party Jamboree
watch,Dansg08 Checks Out ALL Of The Final Fantasy Magic The Gathering Cards Livestream VOD
watch,Dead Rails
watch,Dear Creatives I Bet You Can Relate Lets fix it
watch,Death Becomes Her
watch,Death Squared  2  Offensive Cubism 4 Player Gameplay
watch,Desperloch  Age of Umbra  Episode 1
watch,Detail Diatribe The Lost Art of Marvels Phase 1
watch,Detail Diatribe The Lost Art of Marvels Phase 1
watch,Digging a SECRET Garage Part 6 THE COVER UP
watch,Doctor Reacts To GOATED Medical Memes
watch,E X P A N D I N G to THE STARS in Factorio
watch,EPIC is the Most Exciting Musical in Years
watch,EVERYTHING To Know About DBDs FNAF Chapter
watch,EX3 Ceraphina 2T feat Lightening Team  Octopath Traveler Cotc
watch,Every Acting Oscar Winner of the 2020s Ranked
watch,Every Acting Oscar Winner of the 2020s Ranked
watch,Every Softlock in Portal
watch,Everyone Hates Nvidia
watch,Factorio Review
watch,Fall asleep while I play Stardew Valley
watch,Fallout Any Anthology In 13059
watch,Family Guy Season 22 Ep 228  Family Guy 2024 UnCuts 1080p
watch,Fields of Mistria  Lets Play Ep 39
watch,Filet Mignon Fondue Doesnt Go Well  Kitchen Nightmares FULL EPISODE
watch,Final Fantasy Tactics The War of the Lions First Play 06
watch,Finding the source of the Fire Ants  Fallout 3  Ep 5
watch,First Time Android Experience
watch,Food in the Trenches of World War One
watch,Fortress of Hope session 8 on Bugbears Basement
watch,GOT MY SWITCH 2 LETS GET THIS PARTY STARTED  Scyushi Plays Mario Kart World ALL CUPS
watch,Gasp Behold Were playing Balatro
watch,Gnomes is the BEST Tower Defense Roguelike of 2025
watch,Goat in the Tiny Glade   Cozy Build Stream
watch,Hacking The Switch 2 Wont Be Easy
watch,Heat Pedal To The Metal  How To Play
watch,Heavy Stormy Night with Torrential Rainstorm  Very Huge Thunder On Tin Roof for Deep Sleep  ASRM
watch,Help Me Tricky Story vs Fork N Sausage  Hard Levels Challenge Walkthrough Gameplay Ep0538
watch,Hollow Knight fanatic plays Ori for the first time  Ori and the Blind Forest 1
watch,Hollow Knight fanatic plays Ori for the first time  Ori and the Blind Forest 1
watch,Hollow Knight speedruns are much harder than you think
watch,Hollywood Keeps Failing Tomb Raider
watch,How 3D video games do graphics
watch,How Can You Make Backtracking Fun
watch,How Cuphead Was Made and Struggled Finding The Right Protagonist
watch,How Fast Can You Softlock Every Animal Crossing Game
watch,How I Beat Pikmin Without Making Pikmin
watch,How Im Finally Getting Beautiful Animations in Unity
watch,How Jonathan Blow Designs a Puzzle
watch,How Many Plants are there in Plants vs Zombies
watch,How Many Stars Are Needed to Beat Mario 64 DS
watch,How Mormon Doctrine Created Crumbl Cookie
watch,How One Company Secretly Poisoned The Planet
watch,How Satisfactory Hacks Your Brain
watch,How The Binding of Isaac Was Made and Designed to Fail
watch,How Toxic Can Music Get  Wiki Weekdays Podcast
watch,How advertisers ruined a good idea
watch,How good is MAX WATER SPEED in Mario Kart 8 Deluxe
watch,How to Survive the Current State of the World
watch,How to make Indie Games as a Small Team Every Step for Success
watch,I 100 Blackbordered EVERY MAP in BTD6 It was painful Bloons TD6
watch,I Built Every Hidden Base to Find the Best One
watch,I Built a DD City out of PAPER
watch,I Coded Your Absurd Command Ideas into Minecraft
watch,I Coded Your Absurd Speedrun Ideas into Minecraft
watch,I Completed the ACNH Critterpedia in 5 DAYS
watch,I DIDNT DRAW FOR 2 YEARS  Art JournalStorytime
watch,I Dropped My Sanity in Drop Duchy A Tetris Roguelike
watch,I Found 10 Truly Unique Games You Need To Play
watch,I Fully Completed EVERY HalfLife  Portal Game
watch,I Got EVERY 3 Star In Cut The Rope
watch,I Hate The Witness I Love The Witness
watch,I Have to Talk About How Crazy This Is
watch,I Made The ULTIMATE Lucky Block Tycoon In Minecraft
watch,I Made an Evolution Simulator with silly little guys
watch,I Played 100 Of Mario Wonder It Was Truly Wonderful
watch,I Played 100 Of Papas Pizzeria
watch,I Played 100 of Cult of the Lamb
watch,I Played 100 of Forager
watch,I Played 8 MORE Of The WORST Reviewed Games on Steam
watch,I Played Balatro Every Day for a Month
watch,I Played More Steam Games That Nobody Plays
watch,I Spent 200 on the Worst Wii Games
watch,I Spent 5000000 So You Can Go To Space For FREE
watch,I Spent 1000 Hours Making My Own Version of Scratch
watch,I Tested the Weirdest Phones on the Internet
watch,I Tried Answering YOUR Most Searched Google Questions About Me but Instantly Regret It
watch,I Tried Every Sandwich in Japan
watch,I played another 8 SoulsLike games youve never heard of
watch,I played every single Pikmin game
watch,I played these Cozy Farming Games in my Quest for the ULTIMATE Farming Sim
watch,I spent 100 Years building one City in Open Transport Tycoon
watch,I tried every Phineas and Ferb speedrun
watch,Ive Given You 9 Kings Now Make a MILLION Synergies
watch,Ive Spent 9 Years Working On My Board Game Was it worth it
watch,Inside The MuskTrump Breakup  MTG Didnt Read The BBB  Trumps Attack On The LGBTQ Community
watch,Is It Possible To Make Guitar Hero Using Only A Guitar
watch,Is The Gamegenic Castle Better Than The Stanley Organizer for Magic The Gathering and Pokemon Cards
watch,Is this strategy OP or TROLL  AoE 2 ranking
watch,Is this the MOST REALISTIC road building simulator ever
watch,It Takes Two with Jaiden
watch,Its A Small World After All  Mystopia Cozy Sandbox World Builder Game
watch,Its Time
watch,Jon Lovitz Knows Bobbys Terrible in Bed  TigerBelly 505
watch,Jon Stewart on Elon Musks BlackEyed Exit  Trumps Insane New Biden Conspiracy  The Daily Show
watch,Lasers vs Lightning Which Is More Powerful
watch,Legal Myths That Will Land You in Prison  rBadLegalAdvice
watch,Legend of Zelda NES Remastered  Full Gameplay  All Items and Hearts
watch,Lego Games  Scott The Woz
watch,Lets Play Bravely Default 2 Part 1 PC A Bravely Third Blind
watch,Lets Play SAY ANYTHING feat TomSka  Board Game Club
watch,Lets Play Word Play
watch,Level 1 to 100 Philosophy Concepts to Fall Asleep To
watch,Luigis Perfect Day
watch,Lynked Banner of the Spark  VOD 22May2025
watch,Magic Systems Should Be Weirder
watch,Making a Game About Weak Points
watch,Mario Kart World  2 Hours of Gameplay Footage Switch 2 4K
watch,Mario Kart World  All Tracks 150cc Full Game Walkthrough
watch,Mario Kart World  Full Gameplay Walkthrough Part 1  Mushroom Cup 150cc Grand Prix
watch,Mario Kart World  Part 1  The Beginning Nintendo Switch 2 Gameplay
watch,Mario Kart World is Going to Sell Millions and Millions and Millions
watch,Mario Kart World is a DREAM COME TRUE
watch,Mario Odyssey  SwitchSwitch 2 Comparison
watch,Microsoft Says They Fixed Windows Recall I Still Dont Like It
watch,Minecraft but I Can Mine Anything
watch,Mix  Seperate  The Team Marble Race 02 in Algodoo
watch,More Asgards Fall
watch,More Indie Games You Missed probably i still dont know your life
watch,MotM Michaela on the Move  GalaxyCon Oklahoma City
watch,Mr Sleepy Man Is a Game We Can All Relate To w Jack and Jess
watch,Multi Game Stream with MULTIPLE GIVEAWAYS
watch,My FIRST 12 in the UNDERGROUND with DOUBLE Marin  Hearthstone Arena
watch,My Hopes and Dreams for Mario Kart World
watch,NEW Mario Kart World Gameplay  Switch 2
watch,NEW Trophy Road  MASTERIES REMOVED  Update Info
watch,Nigel Ng Uncle Roger  This Past Weekend w Theo Von 586
watch,Nintendo Switch 2 Unboxing  First Gameplay
watch,Nintendo Switch 2 is HERE Mario Kart World LIVE
watch,Nintendo is Pathetic
watch,Nintendo is opening Pandoras box to destroy Palworld
watch,Nintendos The Wizard Is A Lie  Rerez
watch,OMG Switch 2  Mario Kart World LIVE
watch,Oblivion beats music
watch,Oddsparks An Automation Adventure  Episode 7  2025 PS5 Gameplay  Early Game Item Sorting
watch,Old pinball machines are amazingly complex
watch,Only 500 People Have Done This Before  Los Angeles Playthrough  Discussion  Mini Motorways
watch,Oracle of Ages  E17 Beneath the waves
watch,Over an hour of Star Destroyer lore
watch,PART 87 Minecraft with Mouse  Keyboard on Nintendo Switch
watch,PORTUGUESE against SARACENS  Couldnt focus this game lot of things on my mind
watch,PSG vs Inter Extended Highlights  UCL Final  CBS Sports Golazo
watch,Playing Final Fantasy Magic The Gathering w Gavin Verhey Numot and Crim  Shuffle Up  Play 79
watch,Playing RollerCoaster Tycoon on the Original Xbox
watch,Pokemon but Our Worlds are Merged Together
watch,Presenting my Billion Dollar Plan
watch,Printing a LifeSized LEGOStyle Castle  Walls and Figures
watch,Reacting to EVERY Mario Kart 8 Deluxe 150cc World Record
watch,Reacting to EVERY Mario Kart 8 Deluxe 200cc World Record
watch,RealTime Strategy is incredible and you should play it
watch,Red Planet
watch,Revealing 5 Secret Magic Tricks With Science
watch,Revisiting io Games in 2025
watch,Revisiting Coolmath Games in 2025
watch,Revisiting Wordle Games
watch,Robin Hood Men In Tights
watch,Rollercoasters with Tom Scott  SciShow Tangents Podcast
watch,Rune Factory Guardians of Azuma Gameplay  Nintendo Switch  Save the gods
watch,SIDEMEN REVERSE CATEGORIES
watch,SMG4 The Lil Fellas
watch,SPANISH  Eic going custom to rat his Persian pick Teal playing too relaxed or just too slow
watch,Scarletts ridiculous creep spread has broken StarCraft 2
watch,Scott Sam Eric and Justin Make a Massive Mistake Playing Beerio Kart
watch,Scott Sam Eric and Justin Make a Massive Mistake Playing Beerio Kart
watch,Sea Of Stars Throes Of The Watchmaker  The Oubliettes Artys Escape  Solstice Rescue  Episode 2
watch,Sea of Stars Throes of the Watchmaker 4 Enter the Ivory Towers
watch,Silksong Switch 2 Direct Footage Analysis 9 whole seconds of new footage
watch,SimCity 2000 30 Years Later An LGR Retrospective
watch,Snake but with a skill tree
watch,So Is GRINDSTONE Worth Playing
watch,So Is GRINDSTONE Worth Playing
watch,Something Strange Happens When You Keep Squaring
watch,SpaceCorp Digital App Preview with John LaRuffa
watch,Splatoon Isnt 10 Years Old But It Is
watch,Sudoku Expert Plays The Witness
watch,Super Hand Pixel  Super Paper Mario Ch3
watch,Super Mario Galaxy The Complete 200 Run
watch,Super Paper Mario  Episode 2  Lets Play Live
watch,Swingin Back to the Backyard
watch,Sydney Sweeney Sells Her Bathwater Men Buy The Fantasy
watch,TShirts made up in Peoples Dreams
watch,TF2s most popular map sucks Heres how I fixed it
watch,THE BEST STEAK CHALLENGE IVE EVER ATTEMPTED  BeardMeatsFood
watch,THE ENDLESS TUNNEL  Blue Prince
watch,THIS PVZ DLC UPDATE CHANGED EVERYTHING
watch,TOO SMART FOR MY OWN GOOD  Blue Prince
watch,TROLL LEVEL OF THE YEAR 2025
watch,Tariff Fight Heads to the Supreme Court  Prof G Markets
watch,Taskmaster Season 19 Episode 3  My presumably stum  Full Episode
watch,Taskmaster Season 19 Episode 5  Maybe were the monsters  Full Episode
watch,Tasting the Rainbow and going insane p2  Darkened Skye GameCube
watch,Tati Rush You Might Be Dead But I will Kill Him  Teammate
watch,Terminator Genisys
watch,The Mostly Complete Lore of Hollow Knight
watch,The Awful World of Skateboarding Games  Caddicarus
watch,The Best Ever Indie Games On The Nintendo Switch
watch,The Best Games Are Kinda Bad
watch,The Best Word Game Mechanics Ever
watch,The Biggest Misconception in Football
watch,The Binding of Isaacs Platinum is ADDICTING
watch,The Bizarre Lore of Donkey Kong
watch,The Bizarre Lore of Plants Vs Zombies
watch,The Bizarre Lore of Rayman
watch,The Bizarre Lore of Wizard101
watch,The Book of Life
watch,The Building Contest  Animation vs Minecraft Shorts Ep 2
watch,The Cauldron Finale
watch,The Cauldron Finale
watch,The Dark Crystal
watch,The Deep Dip World Record Might be Unbeatable Now
watch,The Devil Wears Prada
watch,The Downfall of Xbox
watch,The ENTIRE The Rookie Iceberg Explained
watch,The End of Competitive Mario Kart 8 Deluxe
watch,The FINAL Nintendo Switch Stream
watch,The Gen Z News Star Taking On Trump
watch,The Great Outdoors Baer Plays Blue Prince
watch,The Greatest Game Ever Played
watch,The Hardest Kacky Yet
watch,The History of 120 Stars Early Era 2004  2014
watch,The Horrible World of Kinect Games  Caddicarus
watch,The IMPOSSIBLE FNAF World CHALLENGE Level 1 Starter Only No Moves No Upgrades No InstaKills
watch,The Legendary World of Spyro Games  Caddicarus
watch,The Legendary World of Spyro Games  Caddicarus  SLEEP EDITION
watch,The Lower Depths of the Nintendo Iceberg
watch,The MIX Summer Game Showcase 2025
watch,The Miserable World of Completing Crash Bandicoot 4  Caddicarus
watch,The Mockery Unbelievable
watch,The Most Complex Ecosystems in Games
watch,The Most POINTLESS Board Games
watch,The NEW Arena is CRAZY
watch,The Nintendo Switch 2 Is Already In Stores  Sonys Big PS5 Sale Just Leaked Early  News Wave
watch,The Nintendo Switch 2 MIDNIGHT RELEASE LIVE
watch,The One Nintendo Switch Game To Play Before Switch 2  Lukes Game Room
watch,The Peanuts Movie
watch,The RISKIEST TRIO in Rust
watch,The Sad Greedy Death of Little Big Planet
watch,The Simplest Illusion We Cant Explain
watch,The Story of Spyro the Dragon
watch,The Story of Super Mario Bros 3
watch,The Story of Super Mario Kart
watch,The Story of Tetris
watch,The Subtle Details That Make Hollow Knight Great
watch,The Talos Principle  Full Game Walkthrough All Endings
watch,The Talos Principle 2 OST
watch,The Top 50 Indie Games That You Simply Must Play
watch,The Trackmania Campaign with 0 turns
watch,The Untold TRUTH Of Nintendo
watch,The Viral Business of Smashburgers
watch,The Witness  Full Game
watch,The Woman and the Bird Celeste Finale
watch,The Worst Track In Every Mario Kart
watch,The craziest 90s puzzle Ive ever attempted
watch,The search for LIFE but NOT as we know it
watch,The secret economics of Escape Rooms
watch,Theres no straight stacker  Insane Factory EP01  Shapez 2  Dimensions Update
watch,These Nerdy Students Took Vegas for Millions
watch,This Achievement in Super Meat Boy Took 16407 Attempts
watch,This Fantastic Woodpunk Automation Sim Is Finally Out In 10  Oddsparks An Automation Adventure
watch,This Game is SAD but FUN Kittys Last Adventure and Game Giveaway
watch,This Level Makes You PUSH WALLS  Clearing 69420 EXPERT Levels  S8 EP89
watch,This Run Just Hit LEGEND Status
watch,This Video Took Us 8 Years To Make
watch,This classic puzzle game got a cursed sequel
watch,This game gives you one hour to live
watch,This is the BEST 5 game ever made
watch,Tim Burtons Corpse Bride
watch,Tiny Bookshop  Official Release Date Trailer
watch,Titan Complex 304 TODAY IS THE DAY
watch,Too Many Types almost broke me
watch,Top 30 Things Only Americans Do And Think Its Normal
watch,Top 50 Deals on the Nintendo Switch eShop through 56
watch,Training AI to Play Pokemon with Reinforcement Learning
watch,True Facts Beetles That Took Things Too Far
watch,Trump Furious After Musk Rips His Signature Bill Calls It Disgusting Abomination A Closer Look
watch,Trying out Age of Empires Definitive Edition and reacting to Sony State of Play with LianaPlays
watch,Unforeseen Consequences A HalfLife Documentary
watch,Unicorn Overlord and a Legacy of Second Chances
watch,VFX Artists React to Bad and Great CGi 177
watch,VFX Artists React to Bad and Great CGi 178 Ft Adam Savage
watch,Vintage Story Ep 716 The Old Fort Gets a Clean Out
watch,Want to Test Your MARIO SKILLS Try This Level
watch,Was ZARC About To Defeat EVERYONE A Most Brutal Duel
watch,Was it Good  Rayman 1
watch,We Compete to Make the Most SATISFYING CGi 7
watch,We Play The Witness with Jonathan Blow
watch,We need to talk about DDs new class
watch,What Went Wrong  Chivalry Medieval Warfare Mordhau Mirage and More
watch,What Went Wrong  Chivalry Medieval Warfare Mordhau Mirage and More
watch,What Zelda Content Creators Want From The Next Zelda Game ft 30 YouTubers
watch,Who Can Go Under The Mario Pipe   Super Smash Bros Ultimate
watch,Who Let All These Freaks Into My Run  Classic Unfair
watch,Who was the first video game boss And why do we call them that
watch,Why Are Beach Holes So Deadly
watch,Why Are Controller Buttons Like That
watch,Why EA Ruined Its Own Masterpiece  Spore
watch,Why Video Game Prices Dont Make Sense Anymore
watch,Why are Smokestacks So Tall
watch,World Record Speedrun of Enter the Gungeon  All Floors All Bosses category 2949
watch,Honor Mode Act 2 Is In Sight 9
watch,Shattered Tale of the Forgotten King A smol soulsllike 1
watch,cursed and unholy PC CDROM software
watch,fCK EM
watch,first playthrough sea of stars dlc its real good
watch,learning Blender is easy actually
watch,planes if they were 10000 times better
watch,shapez 2 Dimension Update  Out Now
watch,when becoming a fulltime influencer goes wrong
watch,40000 gone Why Im not being paid for my book
watch,PIKMIN 2GOING INTO ANOTHER HOLE FOR TREASUREPart 6
watch,FAR Lone Sails  The Cutest PostApocalyptic Adventure  Spanish Review
watch,Heaters Freezers and Brain Teasers in Lanayru Temple  Echoes of Wisdom  Part 15
watch,Sudoku Expert Plays The Witness
watch,Bonus Video A Very Okay Steward Run That Did Not Win  Monster Train 2
watch,10 Minutes of TETRIS EFFECT Music and Gameplay
watch,Someone Made Deckbuilder FTL And Its Kinda Awesome  Star Scum
watch,Nebulock Demo Footage
watch,Buff So Hard Everything Explodes  Monster Train 2
watch,Can my 9 smartest viewers count to 10
watch,Speedrunning Conspiracy Theories w drewisgooden
watch,The Most POINTLESS Board Games
watch,How Fast Can You Softlock Every Animal Crossing Game
watch,Intense Tetris Battle Royale Tetrio
watch,TOP 25 PERFECT 1010 Nintendo Switch Games You MUST PLAY
watch,We Played Hide and Seek Across NYC
watch,shapez 2 Dimension Update  Out Now
watch,A 1989 TETRIS Expert Plays TETRIS EFFECT for the First Time
watch,I went AFK and Speedran This Game  Peglin Is A Perfectly Balanced Game With No Exploits
watch,Making the worlds most powerful Red Bull
watch,More Asgards Fall
watch,More Indie Games You Missed probably i still dont know your life
watch,Sudoku Expert Plays The Witness
watch,The Looker
watch,The craziest 90s puzzle Ive ever attempted
watch,planes if they were 10000 times better
watch,Closed captions on DVDs are getting left behind
watch,Cult Classic Dungeon Crawler RPG  Etrian Odyssey 2 HD
watch,Cute Mouse Survival Sandbox  Winter Burrow
watch,DOGE Got Hammered In Court
watch,Death Squared  2  Offensive Cubism 4 Player Gameplay
watch,Desperloch  Age of Umbra  Episode 1
watch,Drawing Classic Drawfee Characters That Weve Never Drawn Before
watch,Games that Break all the Rules
watch,How India runs the worlds biggest election
watch,How One Company Secretly Poisoned The Planet
watch,How To Make Indie Games In 2025 w Jonathan Blow  Full Time Game Dev Podcast Ep 024
watch,I Found it The Ultimate Incremental Idle Game
watch,I played every single Pikmin game
watch,Lets Play  Part 1
watch,Monster Collection Tower Defense Roguelite  Rogue Monster Rush
watch,Price Hikes Could Cost Nintendo Big Time
watch,Ranking and Analyzing PVZ 2s Modern Plants
watch,SpaceCorp Digital App Preview with John LaRuffa
watch,TETRIS EFFECT CONNECTED  Forest Dawn
watch,Tetris Effect Connected Longplay  Journey Mode Full Playthrough
watch,The Bizarre World of Fake Video Games
watch,The Expensive World of the PS5 Launch  Caddicarus
watch,This Worms Video is Finger Lickin Good
watch,10 Minutes of TETRIS EFFECT Music and Gameplay
watch,16 YO UNDERDOG vs 7TIME CHAMP  Classic Tetris World Championship 2018 Final Round
watch,7 Programming Myths that waste your time
watch,8 Indie Games You NEED To Try or else
watch,Boring History For Sleep  What Medieval JUNK FOOD Was Like and more
watch,Boring History For Sleep  What it was like to visit a Medieval TAVERN and more
watch,Camper Disguised As Pallets
watch,Can I 100 Every Kirby Game in 2 Weeks
watch,Can a Professional Engineer beat the IMPOSSIBLE quiz
watch,DONT WORK ON SWITCH 2 Which Games Have Backward Compatibility Issues
watch,Do NOT Play Google Translated Mario Kart
watch,Dragons Lair ReRevisited  Angry Video Game Nerd AVGN
watch,EX3 Ceraphina 2T feat Lightening Team  Octopath Traveler Cotc
watch,Every Softlock in Portal
watch,Evolution of Tetris Games 19892023
watch,FANTASY LIFE i The Girl Who Steals Time On Switch Is UNMISSABLE  Review  Performance
watch,Fields of Mistria  Lets Play Ep 40
watch,First Time Android Experience
watch,First Update From Dianna Physics Girl
watch,Game Theory The Hidden Truth of Aftons Experiments Finally REVEALED
watch,Hes Still Crashing Out
watch,Honest Trailers  Snow White
watch,How 1990s Magic Eye 3D Images Were Made
watch,How Balatro Was Made and Why The Creator Expected to Sell Only 6 Copies
watch,How Nuclear Flies Protect You from FleshEating Parasites
watch,How To Make Indie Games In 2025 w Jonathan Blow  Full Time Game Dev Podcast Ep 024
watch,How advertisers ruined a good idea
watch,I Coded Your Absurd Command Ideas into Minecraft
watch,I Found a New Softlock in Tears of the Kingdom Nintendo Please Fix
watch,I Have to Talk About How Crazy This Is
watch,I Made Millions by Openly Ripping Off Every Person Who Hired Me  Cash Cleaner Simulator
watch,I Played 100 Days of Dinkum
watch,I Tried Every Sandwich in Japan
watch,I Watched Thunderbolts in 025x Speed and Heres What I Found
watch,I bought every Nintendo Handheld EVER
watch,Its Time to Jailbreak Your Kindle
watch,Lets Play Mario Kart World Together
watch,Monster Collection Tower Defense Roguelite  Rogue Monster Rush
watch,Morning Tea  Dopamine morning with Lofi Cafe  Lofi Deep Focus to study  relax  Lofi Hip Hop
watch,Nintendo Switch 2 Unboxing  First Gameplay
watch,Only 8 people beat this level 5000000 Failed it
watch,Overengineering the LONDON UNDERGROUND in Mini Metro
watch,Presenting my Billion Dollar Plan
watch,Printing a LifeSized LEGOStyle Castle  Walls and Figures
watch,Pumpkin Summons Are Cracked In Talented
watch,Ranking Every Mario Kart Game
watch,Red Planet
watch,Rune Factory Guardians of Azuma  Nintendo Switch Gameplay
watch,SMG4 The Lil Fellas
watch,Sintopia  June Update  God Game  City Builder  Strategy Tycoon  Full Gameplay Steam Next Fest
watch,Solving Wordle using information theory
watch,Splatoon Isnt 10 Years Old But It Is
watch,Stardew Valley Board Game  Teach Playthrough  Review
watch,THE FIRST UNBOXING OF THE BRAZILIAN NINTENDO SWITCH 2  REACT
watch,TROLL LEVEL OF THE YEAR 2025
watch,Tackling the Biggest Unsolved Problems in Math with 3Blue1Brown
watch,Talk Short You WIN  Board AF Poetry For Neanderthals
watch,Techniques for dealing with lack of motivation malaise depression
watch,Tetris Effect Connected ZONE BATTLE ROAD to10k for TECWC 2025 06  01
watch,Texts from 5YearOlds
watch,The Biggest Misconception in Football
watch,The First Perfect Game of Tetris Just Happened
watch,The Game NO ONE Can Beat  Kid Icarus NES
watch,The Making of Animal Well  Documentary
watch,The Top 100 Nintendo Switch Games OF ALL TIME
watch,The Trackmania Campaign with 0 turns
watch,The Unbearable Now An Interpretation of The Witness
watch,These Are The 8 Greatest  Best City Builders Of All Time
watch,These are AWESOME Replacements for Your Favorite Roguelike Games
watch,They added gravity to Chess
watch,This Funguy Eats Titans  Monster Train 2
watch,This game outsmarted a professional engineer Baba Is You
watch,Touch the blade avoid the nuts  Legend of Zelda The Minish Cap
watch,Using SEGREGATION to beat high scores in Mini Motorways
watch,Waffling anything EDIBLE Crayons are edible
watch,We Play The Witness with Jonathan Blow
watch,Weve Played Mario Kart World A LOT  Is It Any Good
watch,What Happened
watch,What Went Wrong  Chivalry Medieval Warfare Mordhau Mirage and More
watch,What Zelda Content Creators Want From The Next Zelda Game ft 30 YouTubers
watch,Why Are Controller Buttons Like That
watch,Why is Everything So Boring Now
watch,book red flags and the Male Reading Crisis
watch,lofi hip hop radio  beats to relaxstudy to
watch,pixars LUCA is incredibly underrated
watch,BREAKING Tornado Outbreak Coverage  Tornadoes Possible  With Live Storm Chasers
watch,Video You Puyo Puyod In The Wrong Tetris
watch,Video You Puyo Puyod In The Wrong Tetris
watch,1 Hour VS 100 Hours To Make A Movie Trailer
watch,10 WEIRD Gaming Stories of MAY 2025
watch,100 Speedrunning Slime Rancher Was An Adorable Mistake
watch,12 Best NEW Games To Play In June 2025
watch,15 Handheld games to cure your depression
watch,200cc is NOT in Mario Kart World  Interconnected World is just the tip of the iceberg
watch,25 years later I finally 100d Sonic Adventure DX
watch,27 Things You NEED to Know Before Buying a Nintendo Switch 2
watch,3 Hours of Logical Paradoxes to Fall Asleep to
watch,4 Days of Terrible Choices in a Survival Game
watch,40 Complex Games With BRUTAL Learning Curves
watch,47 New Board Games  UKGE 2025 Haul
watch,8 Best Pair Plants  Mint Battlez  Which Plants Team Will Win  PvZ 2 Gameplay
watch,A Studio Update  Cancelled Game  New Projects
watch,A free game SHOULD NOT be this good
watch,AI Teachers and Duolingos New Plan  What Could Go Wrong
watch,AI Decides on Absurd Trolley Problems
watch,AI Learns to play JUMP KING
watch,ASMR  Ditzy Rude Doctor Gives You A Cranial Nerve Exam
watch,Actually the Craziest Movie Ever Made
watch,Actually the Craziest Movie Ever Made
watch,Adulthood  Teach  Playthrough
watch,Americas Forgotten Natural Wonder The Great Raft
watch,Animal Crossing in LEGO 42 Acre Isle
watch,Another AWFUL Release That No One Asked For
watch,Arcs is 2024s Best New Board Game
watch,Attempting to Explain All of Kirby Lore in a Single Video
watch,Automating tree chopping with chainsaw wielding drones
watch,Avantris Plays REPO  Spooky Hilarity with FirstTime Players
watch,Baking brownies from the inside out
watch,Base Build Part 1 Barracks  Cult of the Lamb
watch,Beating the Other Worst Paper Mario Game Without Playing It
watch,Blades of Fire  Fully Ramblomatic
watch,Blazing Saddles 1974 20 Weird Facts You Didnt Know
watch,Bonus Video A Very Okay Steward Run That Did Not Win  Monster Train 2
watch,Boring History For Sleep  Why it Sucked to Be a Medieval Assassin and more
watch,Botanist Explains All GrassType Pokemon
watch,Bugsnax Developers React to 15 Minute Speedrun
watch,Building the Worlds First Invisible Chair PC
watch,CATS Crazy Antics and Unstoppable Chaos
watch,Call of Cthulhu  Edge of Darkness  Alex Ward Joe Johnson Persephone Valentin Trisha Hershberger
watch,Can A MAX Level CabbagePult Solo ALL of PvZ2
watch,Can Chess with Hexagons
watch,Can I Beat Super Mario Bros Wonder While Touching Every Coin
watch,Can I Beat Terraria on Nintendo Switch
watch,Can I GAMBLE Dice Chess
watch,Can I Remake Super Mario World in Godot Part 1
watch,Can My 3 Dumb Bots Beat 1 MASTER CPU in Mario Party
watch,Can Roguelikes be Cozy Games
watch,Can You Figure Out Which Chest Is Lying  Mimic Logic
watch,Can You Get 1 TRILLION Pops On One Tower Bloons TD 6
watch,Can my Friends Solve This New Type of Puzzle
watch,Can you beat Deathworld with NO WEAPONS
watch,Casual Player Accidentally Makes a HUGE Discovery That Speedrunners Missed
watch,Casual Player Accidentally Makes a HUGE Discovery That Speedrunners Missed
watch,Cattle Country  REVIEW Nintendo Switch
watch,Chess But Pieces Have Gravity
watch,Chess But Your Opponent Can Cheat
watch,Curse of the Sea Rats Part 3
watch,DUCK DETECTIVE THE GHOST OF GLAMPING Gameplay Walkthrough FULL GAME PC 4K 60FPS  No Commentary
watch,Dan LOVES Rainbow Galleria  Mario Party Jamboree
watch,Dead by Daylight  Year 9 Anniversary Livestream Part 2
watch,Detail Diatribe The Lost Art of Marvels Phase 1
watch,Duck Detective the Ghost of Glamping Playthrough Part 4
watch,Dude whos fighting Chicken Jockeys in 1911
watch,EPIC is the Most Exciting Musical in Years
watch,Eighteen thousand hours A conversation with Jonathan Blow
watch,Engineering impossible dungeons to EXPLOIT heroes for profit
watch,Every Level of Wealth in 13 Minutes
watch,FUN  CUTE WAYS TO SPICE UP YOUR OC
watch,Fallout 3s Point Lookout DLC is WILD
watch,Fallout 4 Survival Playthrough  Part 73  Far Harbor DiMAs Memories
watch,Fields of Mistria  Lets Play Ep 39
watch,First Update From Dianna Physics Girl
watch,Food Theory Whats SO Special About Luckys Charms
watch,Food in the Trenches of World War One
watch,Forget Flatland  Build Here Instead  MC 48
watch,GOT MY SWITCH 2 LETS GET THIS PARTY STARTED  Scyushi Plays Mario Kart World ALL CUPS
watch,Garden Galaxy Ep3 Chatty Lets Play  CozyLotusGames
watch,Gasp Behold Were playing Balatro
watch,Geoguessr but every round is a famous album cover PLAY ALONG
watch,Get In Its Time for Your Nightmare Vacation  Drive Beyond Horizons
watch,Gloomhaven 2nd Edition Playthrough with Isaac Childres
watch,Going for PERFECT Scores in Mario Party Jamboree
watch,Google goes wild again 11 things you missed at IO
watch,Grindstone Switch Review  Addictive Puzzle Game
watch,Guess The Animated Movies By Bad Parents Reviews
watch,Guess What Cartoon Character Julia is Describing I Dare You
watch,Guilty as Sock  Six One Indie Showcase 2025 Trailer
watch,HalfLife but its CoOp  Sven CoOp Part 1
watch,Harvards International Students Unbanned in Record Time
watch,Hidden Gem by Shinen  Fast Fusion Developer  The Punchuin  Nintendo Switch  gogamego
watch,Highly offensive Jonathan Blow clips to boost your productivity
watch,Holding Out For A Hero  Crownbound Fantasy Kingdom Sim  Demo
watch,Hollow Knight fanatic plays Ori for the first time  Ori and the Blind Forest 1
watch,Hollow Knight speedruns are much harder than you think
watch,Hollywood Keeps Failing Tomb Raider
watch,Honest Trailers  A Minecraft Movie
watch,How 3D video games do graphics
watch,How Deep Does the Rabbit Hole Go  Blue Prince
watch,How I Accidentally Won Twitchs Biggest Chess Tournament
watch,How I Finished my Indie Game After 5 Years  Slimekeep Out Now
watch,How Long Can You Survive In Super Mario Sunshine
watch,How Many Stars Are Needed to Beat Mario 64 DS
watch,How Nuclear Flies Protect You from FleshEating Parasites
watch,How Speedrunners Beat Super Metroid Backwards
watch,How Studio Ghibli Makes The Everyday Feel Magical
watch,How To Build A Rocket For Dummies like me
watch,How To PLAN your Game as a Solo Developer
watch,How Well Do We Remember The 90s
watch,How an Apple AirTag Led to 17 Shots Fired
watch,How to Play Regicide A CHALLENGING Dungeon Crawl Card Game
watch,How to Setup Windows PROPERLY
watch,How to Survive the Current State of the World
watch,I Beat Plants Vs Zombies 2 Only Using Nuts  The Movie
watch,I Beat The FINAL BOSS  Fox VTuber plays ORI AND THE WILL OF THE WISPS  Part 3 Partial game
watch,I Built a DD City out of PAPER
watch,I Built a Nightmare Factory That Manufactures Perpetual Mayhem  shapez 2
watch,I Cant Resist
watch,I Cant Believe How Few People it Takes
watch,I Caught 100 Shiny Pokémon in 7 Hours
watch,I Coded Your Absurd Speedrun Ideas into Minecraft
watch,I DIDNT DRAW FOR 2 YEARS  Art JournalStorytime
watch,I Finished My First Game
watch,I Fully Completed EVERY HalfLife  Portal Game
watch,I Got EVERY 3 Star In Cut The Rope
watch,I Got EVERY Achievement For 100 Games
watch,I Got ONE MILLION on EVERY Minigame in Cauldron
watch,I Have Mixed Thoughts on Mario Kart Worlds Retro Tracks
watch,I Made Super Mario Bros but its 3D
watch,I Made an Evolution Simulator with silly little guys
watch,I Played 100 Of Papas Pizzeria
watch,I Played 100 of Stacklands
watch,I Played Satisfactorys HARDEST Mod  it Drove Me Insane
watch,I Ran a Chess Programming Tournament Heres How it Went
watch,I Really Want To Talk About NewER Super Mario Bros  The Best NSMB Games
watch,I Regret Leaving YouTube to be a Doctor
watch,I Spent 30 Days in a Dead MMO and it was amazing
watch,I Spent 365 Days Remaking Super Mario World In 3D
watch,I Tested Celebrities Favourite Restaurants
watch,I Took the Official PvZ Heroes Survey
watch,I Tried Every Oreo Flavor
watch,I Tried Every Sandwich in Japan
watch,I Tried Every Sandwich in Japan
watch,I Used GODS to Destroy Monsters in this Autobattler Roguelike
watch,I Used GODS to Destroy Monsters in this Autobattler Roguelike
watch,I built a cursed factory that ruined everything
watch,I competed in the biggest puzzle contest in America And my new strategy worked
watch,I created a NEW Legacy Challenge for The Sims 4
watch,I found a 2 year old mystery box It was cursed
watch,I found a 2 year old mystery box It was cursed
watch,I got the world record for Cut The Rope
watch,I played the 10 best indies on the Nintendo Switch in 2025
watch,I programmed some creatures They Evolved
watch,I traveled 8000 miles to come up with this idea
watch,I was almost in Squid Game
watch,Ill give you testicular cancer Plate Up ft Kingspirits
watch,INSANELY Smooth pixel ATTACK Animation Tutorial
watch,If EVERY Mario Kart 8 Deluxe Character Belonged to ONE Track
watch,Infinity Nikki 15 A Whales Perspective  My thoughts on the situation
watch,Inside The MuskTrump Breakup  MTG Didnt Read The BBB  Trumps Attack On The LGBTQ Community
watch,Instincts You Fight Daily That Evolution Forgot To Delete
watch,Investors Want In Game Ads Valve Is Blocking Them
watch,Is It Possible To Make Guitar Hero Using Only A Guitar
watch,Is Random Better Than Mashing One Button in Mario Party
watch,Is this the MOST REALISTIC road building simulator ever
watch,It Takes Two with Jaiden
watch,JWSTs 3 BIG mysteries of the early Universe
watch,Jon Stewart on Elon Musks BlackEyed Exit  Trumps Insane New Biden Conspiracy  The Daily Show
watch,Jonathan Blow on his programming language jai
watch,Kyle Stream sm1thyplays_
watch,Last of Us Season 2 Wasnt Good
watch,Lawyers Beat Trump In Court For Now
watch,Learning Crossword Week 56  NYT Crossword Wednesday June 4th 2025
watch,Legend of Zelda NES Remastered  Full Gameplay  All Items and Hearts
watch,Lego Games  Scott The Woz
watch,Less talk more action  Lofi for study work  with Rain sounds
watch,Lets Play HORRIFIED  Board Game Club
watch,Lets Play WHITEHALL MYSTERY  Board Game Club
watch,Lets make a character for Critical Roles new game
watch,Level 1 to 100 Philosophy Concepts to Fall Asleep To
watch,Literary Analysis of The Witness
watch,Making a Ton of Enemies for my Indie Game
watch,Mario Kart World  1 Hour Gameplay
watch,Mario Kart World  All Tracks 150cc Full Game Walkthrough
watch,Mario Kart World  Full Gameplay Walkthrough Part 1  Mushroom Cup 150cc Grand Prix
watch,Mario Kart World  Part 1  The Beginning Nintendo Switch 2 Gameplay
watch,Mario Kart Worlds impossible task improve what was already perfect Handson Impressions
watch,Mario Odyssey  SwitchSwitch 2 Comparison
watch,Mario Wonder but Characters have CUSTOM ABILITIES
watch,Microsoft Says They Fixed Windows Recall I Still Dont Like It
watch,Music that was meant to END
watch,My 1st Attempt to Reach GOLD in Competitive Mario Kart 8 Deluxe
watch,My Favorite Things 2025 One Piece Mouthwashing Other Stuff
watch,My beavers make a GREAT ESCAPE in Timberborn
watch,NEW Mario Kart World Gameplay Breakdown  Nintendo Direct Reaction
watch,Natsuki and Sayori Play Cry of Fear  Worst Open House Ever 20
watch,New Dice Roguelike Just Dropped
watch,New Mosa Lina Update Means Me Forcing Retromation to Play with Me
watch,New Update Adds New Challenges Locations And Much More  Into The Dead Our Darkest Days  01
watch,New maths discoveries All announced at once
watch,Nintendo Switch 2  Official Launch Trailer
watch,Nintendo Switch 2 IS HERE  Unboxing Mario Kart World  More
watch,Nintendo Switch 2 Is OUT EARLY Released In Stores A Week Early
watch,Nintendo Switch 2 Teardown  Full Disassembly
watch,Nintendo Switch 2 is HERE Mario Kart World LIVE
watch,Nintendo had us in the first half
watch,Nintendo is Pathetic
watch,No one actually knows why AI works
watch,No You Cant Have a Robot Puppy Because its a SCAM Scam Awareness
watch,Null 2500 Time LV 60 F2P Endgame Solo Character  Crystal of Atlan  Yudora01  Cloudstrider Main
watch,Oblivion Remastered is A PERFECTLY BALANCED GAME WITH NO EXPLOITS  Making A New God
watch,Oddsparks An Automation Adventure  Episode 7  2025 PS5 Gameplay  Early Game Item Sorting
watch,Out Of Sight VR  Part 1  Using A Teddy Bears Eyes To Help A Girl Escape The Horror
watch,Over an hour of Star Destroyer lore
watch,Panic Has A New Face  NRB Play Blood On The Clocktower
watch,Phineas and Ferb Just Killed Their Mom
watch,Pixel Art Class  Top Down Style Analysis  Tutorial
watch,PlateUp Coop with Friends Episode 202 Cafe Loco  Lets Play
watch,Portal 2s Biggest Skip Took 11 Years To Discover And No One Uses It
watch,Portal but I softlock myself on every chamber
watch,Promise Mascot Agency  Fully Ramblomatic
watch,Puyo Puyo Tetris 2 Nintendo Switch Review  Is It Worth It
watch,Puyo Puyo Tetris Rated E10 for Everyone
watch,Ranking EVERY Peashooter EVER
watch,Ranking Every Kirby Game
watch,Reaching 10000 Rating In Mario Kart 8 Before The New One Comes Out
watch,Reacting to EVERY Mario Kart 8 Deluxe 200cc World Record
watch,Rebirth Random
watch,Rediscovering the Mystery of Video Games
watch,Reviewing a Bunch of RPG Maker Games
watch,Revisiting Wordle Games
watch,Roasting Corporate Pride Month Collections What happened Target
watch,Robbing People IRLoo LIVE  REPO
watch,RollerCoaster Tycoon Classic Nintendo Switch Gameplay
watch,Run Over or Double it and Give it to the Next Person
watch,Rune Factory Guardians of Azuma  Nintendo Switch Gameplay
watch,Running the Gauntlet Core Keeper with Bob_Does_Stuff1 Part 10
watch,SEASHOOTER New Plant  Plants vs Zombies 2  Gameplay Walkthrough Part 1228
watch,SIDEMEN REVERSE CATEGORIES
watch,Scott Sam Eric and Justin Make a Massive Mistake Playing Beerio Kart
watch,Sea of Stars  Lets Play  Episode 40
watch,Showing Scammers Their Own CCTV Cameras On My Computer
watch,SimCity 2000 30 Years Later An LGR Retrospective
watch,Snow White actress ruined her life
watch,Snow White  How to Make a Movie That Everyone Hates  Anatomy of a Failure
watch,Someone Made Deckbuilder FTL And Its Kinda Awesome  Star Scum
watch,Something About Super Metroid ANIMATED SPEEDRUN Loud Sound  Flashing Light Warning
watch,Speedrunning Conspiracy Theories w drewisgooden
watch,Stardew Valley  365 Fishing Mastery
watch,Stardew Valley  366 The Bottom of the Dangerous Mine
watch,State of Play  June 4 2025 English
watch,Super Marios Invisible Difficulty Settings
watch,Super Paper Mario  Episode 2  Lets Play Live
watch,Super Sunday Stream Lets play Super Metroid
watch,Supreme Court Shenanigans
watch,T POSING THROUGH LIFE  To A T Gameplay
watch,TShirts made up in Peoples Dreams
watch,TSpin Perfect Clear into TSpin 20 Combo VS Puyo
watch,THE ADVENTURES OF SAMSLASH  TRIOOOOS
watch,THE EDGE OF TUBI
watch,THE ENDLESS TUNNEL  Blue Prince
watch,THIS Can Save The Gaming Industry
watch,TOO SMART FOR MY OWN GOOD  Blue Prince
watch,Tammy Hodges and Grandma Helen
watch,Taskmaster Season 19 Episode 4  Midnight picnic  Full Episode
watch,Taskmaster Season 19 Episode 4  Midnight picnic  Full Episode
watch,Taskmaster Season 19 Episode 5  Maybe were the monsters  Full Episode
watch,Techniques for dealing with lack of motivation malaise depression
watch,Teens Play NES For The First Time Super Mario Bros Punch Out Donkey Kong
watch,Tetris Effect  E3 2018 Announce Trailer  PS4
watch,Tetris Effect Connected Journey Mode Gameplay Performance Preview  Nintendo Switch
watch,The 10 Most STRESSFUL Moments in Zelda Games
watch,The 100 Year Old Mystery of the Empty Hexagon Problem
watch,The 20 WORSTSelling Switch Games
watch,The AlduinAkatosh Dichotomy  Reading Skyrim
watch,The Bizarre Lore of Donkey Kong
watch,The Bizarre Lore of Donkey Kong
watch,The Blind Box Addiction
watch,The Cauldron Finale
watch,The Coffee Roguelike You Never Knew You Needed
watch,The DVD Logo Not Hitting the Corner but as an Incremental Game
watch,The Downfall of Xbox
watch,The Entire History of RPGs
watch,The Final Mario Kart 8 Stream
watch,The Gardens Between 71  Walkthrough  Playthrough
watch,The Greatest Language Translating Puzzle Game Ever Made
watch,The HARDEST Ive LAUGHED  Party Animals
watch,The HARDEST Ive LAUGHED  Party Animals
watch,The Hardest Kacky Yet
watch,The History of 120 Stars Early Era 2004  2014
watch,The History of Super Mario Bros 3 100 World Records
watch,The Hollywood Blockbuster They Forgot To Copyright
watch,The Horrible World of Kinect Games  Caddicarus
watch,The Idle Game You Never Knew You Needed
watch,The Insane Density of Earths Most Crowded Island
watch,The Legend Of Zelda Echoes Of Wisdom Gameplay Nintendo Switch Part 34  Volvagia Boss Fight
watch,The Legend Of Zelda Echoes Of Wisdom Gameplay Nintendo Switch Part 35  The Eternal Forest
watch,The MIX Summer Game Showcase 2025
watch,The Making of Outer Wilds  Documentary
watch,The Man Behind Nubbys Number Factory  The Fridge 35
watch,The Mockery Unbelievable
watch,The Moon Why We Havent Been Back
watch,The Most Awkward Rejection in Button History
watch,The Most Dangerous Building in Manhattan
watch,The Most Implausible Tunneling Method
watch,The Ripoff World of Crash Bandicoot Merchandise  Caddicarus
watch,The Sad Greedy Death of Little Big Planet
watch,The Sleepy Scientist  What Is Time Really
watch,The Story of Super Mario Bros 3
watch,The Superspeed Dilemma
watch,The TRAGEDY of Nickelodeons Glitch Techs
watch,The Talos Principle 2  Full Game Walkthrough No Commentary  100 Achievements Part 12
watch,The Talos Principle 2 OST
watch,The Talos Principle Timeline  COMPLETE Talos Principle Story  Lore
watch,The Tools I Use For Full Time Indie Game Development
watch,The Top 25 Nintendo Switch Games Of All Time
watch,The Tragic Unexpected Death of Disney Infinity
watch,The Useless World of PS1 Accessories  Caddicarus
watch,The Weird Disneyland Keyhole Saga
watch,The Witcher 4  Gameplay UE 56 Tech Demo  State of Unreal 2025
watch,The Witness  100 11543  New World Record
watch,The Witness  Full Game
watch,The World Design of Hollow Knight  Boss Keys
watch,The Worst Guide To Oxygen Not Included
watch,The Worst Track In Every Mario Kart
watch,The YouTube Golf Major Stroke Play
watch,The book with a multiplayer firstperson shooter inside
watch,The book with a multiplayer firstperson shooter inside
watch,The correcting feature of typewriters is not what I thought
watch,The correcting feature of typewriters is not what I thought
watch,The final area of RePik 3
watch,The love and hate for turn based games
watch,The origin of Marios iconic jump sound
watch,The search for LIFE but NOT as we know it
watch,The smartest and funniest game ever made
watch,The trillion dollar paradox  George Zaidan
watch,These Have Been Found All Across Ancient Rome Nobody Knows Why
watch,They Made a Balatro Mod Based on ME
watch,They made cable management x1000 more difficult
watch,This GEM Autobattler Roguelite Just Added BRAND NEW HEROES  Seers Gambit Dawn Of Unlikely Heroes
watch,This Puzzle Game Is the Definition of a Masterpiece
watch,This Run Just Hit LEGEND Status
watch,This Video Took Us 8 Years To Make
watch,This game outsmarted a professional engineer Baba Is You
watch,This is What Plateup Endgame Looks Like
watch,This is a totally normal game about gardening
watch,This is the BEST 5 game ever made
watch,Top 15 Beautiful Offline Puzzle Games Android  iOS of All Time  Best Puzzle Game
watch,Top 50 Deals on the Nintendo Switch eShop through 56
watch,Tower Defense but YOU are the Bad Guys
watch,Training AI to Play Pokemon with Reinforcement Learning
watch,Training AI to Play Pokemon with Reinforcement Learning
watch,Trespassing for Content
watch,True Wireless Power is FINALLY here building a TRULY wirefree setup
watch,Trying The Trickiest Tongue Twisters We Could Find  Smosh Mouth 96
watch,Trying to Paint IRL Backgrounds
watch,Ukrainian drones strike airbases across Russia destroying dozens of warplanes BBC News
watch,UnderMine 2 Is Finally Here Almost
watch,Unicorn Overlord Switch gameplay
watch,Using EFFICIENT ENGINEERING to beat high scores in Mini Motorways
watch,V13 Development Update and QA
watch,VFX Artists DEBUNK Ai Slop
watch,Vampire Survivors I Am The Bullet Heck
watch,Vintage Canned Food Taste Test
watch,Waffling anything EDIBLE Crayons are edible
watch,Waffling anything EDIBLE Crayons are edible
watch,Want to Test Your MARIO SKILLS Try This Level
watch,War of the Worlds
watch,Was ZARC About To Defeat EVERYONE A Most Brutal Duel
watch,Was ZARC About To Defeat EVERYONE A Most Brutal Duel
watch,We 100 Donkey Kong Country Tropical Freeze It was AWFUL
watch,We React To The Smosh Hunger Games
watch,What Country Is This Snack Really From
watch,What Everyone Gets Wrong About Football ft Tom Brady
watch,What If It Rains Bananas For A Single Day Spoiler Its Bad
watch,What Is The WORST Pokemon Of EACH TYPE
watch,What Killed the Scribblenauts Franchise
watch,What Makes These Animations Good
watch,What Splatoon 4 Needs to Feel Fresh
watch,What if you used a flamethrower as a snowblower
watch,Whatever You Do Dont Let Enemies Touch  Trial  Drop Duchy Road2100 27
watch,Where Is Wind Wakers Water From
watch,Who ACTUALLY Lost the Console War
watch,Why Are Disney Songs So Bad Lately
watch,Why Canada Will NEVER Be The 51st State
watch,Why Convenience is Killing Us
watch,Why Disney Infinity Died
watch,Why Does Celeste Feel So Good to Play
watch,Why Getting Silksongs Release Date This Week Is Very Likely
watch,Why Nintendo Renamed a Mario Enemy After 30 Years
watch,Why are Smokestacks So Tall
watch,Wii Are Not Good at Nintendo Switch Sports ft Jaiden Animations
watch,Yeh Sirf Game Nahi Emotion Hai  Unravel 2 Hindi Part 01
watch,You Are Given The Solution And Must Create The Puzzle
watch,You Cant Convince Me DK64 Isnt a Masterpiece
watch,Youll Never Quit Slay the Spire Heres Why
watch,Zelda Breath of the Wild  WiiU  Switch  Switch 2  Final Graphics Comparison
watch,creative vs inventive
watch,creative vs inventive
watch,infected mushroom at its finest mapped by interz beat saber mixed reality composited live stream
watch,live chill subnautica below zero gameplay p1
watch,lofi hip hop radio  beats to relaxstudy to
watch,mario kart wii makes me break another wii remote
watch,the minecraft movie is utterly bizarre
watch,the tale of tamagotchi the neverending rabbit hole
watch,we are backlots to talk about
watch,when becoming a fulltime influencer goes wrong
watch,wii party expert difficulty but i have to get first and second place at the same time
watch,40000 gone Why Im not being paid for my book
watch,EPISODE 7 Keep It Down
watch,THE STREAM ENDS WHEN I PLATINUM  MAY GAME CLUB  live
watch,Forgotten DD Rules That Actually Made the Game Better
watch,12 INCREDIBLE Gadgets You Didnt Know Existed  Theyre on SALE 2025
watch,BREAKING Tornado On The Ground In Illinois  Tornadoes Possible  With Live Storm Chasers
watch,FIRST LOOK at Mario Kart World Free Roam  Nintendo Switch 2
watch,HERO RANK LIVES  100 Hours in Fantasy Life i
watch,LIVE  SPOILERS  Devving on Terror of Necromancy Demo 5 Final Playtesting P6
watch,Live  We May be Here for Some Time  Mekkablood Quarry Assault
watch,The Witness Documentary
watch,16 YO UNDERDOG vs 7TIME CHAMP  Classic Tetris World Championship 2018 Final Round
watch,Air Traffic Control Last Week Tonight with John Oliver HBO
watch,Major Payne
watch,shapez 2 Dimension Update  Out Now
watch,Chess But Pieces Have Gravity
watch,How To Make Indie Games In 2025 w Jonathan Blow  Full Time Game Dev Podcast Ep 024
watch,Tackling the Biggest Unsolved Problems in Math with 3Blue1Brown
watch,The Legendary World of Spyro Games  Caddicarus
watch,Casual Player Accidentally Makes a HUGE Discovery That Speedrunners Missed
watch,I Fully Completed EVERY HalfLife  Portal Game
watch,Making the worlds most powerful Red Bull
watch,Panic Has A New Face  NRB Play Blood On The Clocktower
watch,These Have Been Found All Across Ancient Rome Nobody Knows Why
watch,25 years later I finally 100d Sonic Adventure DX
watch,Desperloch  Age of Umbra  Episode 1
watch,Dr Seuss The Lorax
watch,Highway Engineer COMPLETES road building game
watch,How Jonathan Blow Designs a Puzzle
watch,I Found it The Ultimate Incremental Idle Game
watch,I Tried Every Sandwich in Japan
watch,I played Balan Wonderworld so you dont have to
watch,Jonathan Blow on his programming language jai
watch,Oblivion Remastered is A PERFECTLY BALANCED GAME WITH NO EXPLOITS  Making A New God
watch,Stardew Valley  366 The Bottom of the Dangerous Mine
watch,Sydney Sweeney Sells Her Bathwater Men Buy The Fantasy
watch,THE BEST STEAK CHALLENGE IVE EVER ATTEMPTED  BeardMeatsFood
watch,The First Perfect Game of Tetris Just Happened
watch,The Godfather
watch,The History of Tetris World Records
watch,The Hitchhikers Guide to the Galaxy
watch,True Wireless Power is FINALLY here building a TRULY wirefree setup
watch,Waffling anything EDIBLE Crayons are edible
watch,Who Let All These Freaks Into My Run  Classic Unfair
watch,World Record Speedrun of Enter the Gungeon  All Floors All Bosses category 2949
watch,16 YO UNDERDOG vs 7TIME CHAMP  Classic Tetris World Championship 2018 Final Round
watch,4 Days of Terrible Choices in a Survival Game
watch,40 Complex Games With BRUTAL Learning Curves
watch,A Fresh Start In Terraria
watch,A Game About Digging a Hole
watch,AI Teachers and Duolingos New Plan  What Could Go Wrong
watch,Americans Samurai  The 442nd Infantry  Most Decorated Unit of WW2
watch,Boring History For Sleep  What did Alexander the Great EAT and more
watch,Can You Beat Spyros INFAMOUS AntiPiracy
watch,Castle Crashers Industrial Prince 5 ftZumbee
watch,Cicada 3301 An Internet Mystery
watch,DOMINOID  Gameplay  No Commentary
watch,Detail Diatribe The Lost Art of Marvels Phase 1
watch,EVERY SINGLE Vault Experiment In Fallout Explained
watch,Fall asleep while I play Minecraft
watch,Flowing Peace  Restful Nights in Natures Arms  sleep  relax  enjoy life  ASMR
watch,Hidden Gem by Shinen  Fast Fusion Developer  The Punchuin  Nintendo Switch  gogamego
watch,Hollywood Keeps Failing Tomb Raider
watch,How Nuclear Flies Protect You from FleshEating Parasites
watch,How advertisers ruined a good idea
watch,I 100d Slime Rancher It Was Insane
watch,I Coded Your Absurd Speedrun Ideas into Minecraft
watch,I Got EVERY 3 Star In Cut The Rope
watch,I Hate The Witness I Love The Witness
watch,I MAXED My Graveyard While Completing 9999 of Graveyard Keeper
watch,Insane Battle Brothers Run  NO Settlements NO Loss NO Cheese ALL Legendaries Day 60 Attempt28
watch,Inside The MuskTrump Breakup  MTG Didnt Read The BBB  Trumps Attack On The LGBTQ Community
watch,Investors Want In Game Ads Valve Is Blocking Them
watch,Its Time to Jailbreak Your Kindle
watch,King Crimson Gaming
watch,Making an SNES Game the Way Nintendo Intended
watch,Mario Kart 8s completely normal Time Trial leaderboards
watch,Nintendo Switch 2 is HERE Mario Kart World LIVE
watch,Pikuniku  Gameplay Walkthrough Part 1  The Beast Awakens Nintendo Switch PC
watch,PlateUp Coop with Friends Episode 202 Cafe Loco  Lets Play
watch,Reacting to EVERY Mario Kart 8 Deluxe 200cc World Record
watch,Revisiting Wordle Games
watch,SIDEMEN REVERSE CATEGORIES
watch,Snake but with a skill tree
watch,Stardew Valley  365 Fishing Mastery
watch,TOO SMART FOR MY OWN GOOD  Blue Prince
watch,Taskmaster Season 19 Episode 5  Maybe were the monsters  Full Episode
watch,Tetris Effect Connected Longplay  Journey Mode Full Playthrough
watch,Tetris Effect Connected Longplay  Journey Mode Full Playthrough
watch,The FINAL Nintendo Switch Stream
watch,The Game NO ONE Can Beat  Kid Icarus NES
watch,The Gardens Between 51  Walkthrough  Playthrough
watch,The Legend of Zelda Dungeons of Infinity SNES  A Link to the Past MOD Ep3
watch,The Lore  Story of Dead Cells with ALL DLCs
watch,The Mockery Unbelievable
watch,The Story of Super Mario Bros 3
watch,The TRAGEDY of Nickelodeons Glitch Techs
watch,The Talos Principle 2 OST
watch,The Trackmania Campaign with 0 turns
watch,The Useless World of PS1 Accessories  Caddicarus
watch,Tim Burtons Corpse Bride
watch,Top 10 Mystery Indie Games
watch,True Facts Beetles That Took Things Too Far
watch,Want to Test Your MARIO SKILLS Try This Level
watch,We Play The Witness with Jonathan Blow
watch,We Ran Into Some WEIRD People During Diddys Trial
watch,JP Our First Octopath 1 Villain  Esmeralda Preview  Octopath Traveler CotC
watch,i am so screwed if im right feat PunkDuck  final v3
watch,IroncladDefect 202564 A Video of XecnaR
watch,10 Magic Cards You Wont Believe Were Once REALLY Good
watch,10 Minutes of TETRIS EFFECT Music and Gameplay
watch,100 Speedrunning Slime Rancher Was An Adorable Mistake
watch,12 Best NEW Games To Play In June 2025
watch,27 Exciting New Games Coming to Nintendo Switch 1  2  June 2025
watch,27 Indie Games You NEED To Try or else
watch,4 Artists Design Pokemon From Silhouettes
watch,50 Archaeological Mysteries Science Cant Explain
watch,6 Days Jungle Survival Camping with NO Food  US Marine Corps Jungle Survival School
watch,75 Glitches You Forgot About in Super Mario Odyssey
watch,A Brief History of Graphics
watch,A Developers First Game  Scott The Woz
watch,A Fresh Start In Terraria
watch,A Mod With Totems Youve Never Seen Before
watch,A Psychopath Becomes The Worlds MOST Loved DICTATOR  Tropico 4 Is Perfectly Balanced
watch,A perfectly balanced IMPOSSIBLE game with no exploits
watch,A problem so hard even Google relies on Random Chance
watch,Adrian Rogers Make Disciples  The Heart of the Great Commission
watch,Air Traffic Control Last Week Tonight with John Oliver HBO
watch,Americas Forgotten Natural Wonder The Great Raft
watch,An Autopsy of House MD
watch,An Endless Labyrinth How BIG is Aperture Science
watch,Animal medium Well ALL EGGS Maybe Deaths Door later
watch,Any Speedruns for sub 3930 5302025
watch,Attempting to Buy the Nintendo Switch 2 on Launch Day LIVE Lets Party
watch,Automating tree chopping with chainsaw wielding drones
watch,BOMBSHELL NINTENDO SWITCH 2 DELIVERY EARLY IN BRAZIL ARE PEOPLE ALREADY RECEIVING THEM
watch,Baking brownies from the inside out
watch,Balatro Secrets and Easter Eggs
watch,Beating every possible game of Pokemon Platinum at the same time
watch,Beating the Other Worst Paper Mario Game Without Playing It
watch,Becoming a Better Indie Dev  From Prototype To Polish
watch,Bill Murray Doesnt Flinch While Eating Spicy Wings  Hot Ones
watch,Black Holes Son  Ultimate Chicken Horse
watch,Bonus Video A Very Okay Steward Run That Did Not Win  Monster Train 2
watch,Boring History For Sleep  WEIRD Sleep Habits of Medieval People and more
watch,Boss Used GUN It Was Super Effective  Sea of Stars  Part 23
watch,Botanist Explains All GrassType Pokemon
watch,Building a New Game in Game Builder Garage  GBJune Dev Days  Live
watch,But what is quantum computing Grovers Algorithm
watch,CVS Employee Arrested Waiting on Bench for Lyft Driver 7 MINUTES after closing the store
watch,Call of Cthulhu  Edge of Darkness  Alex Ward Joe Johnson Persephone Valentin Trisha Hershberger
watch,Camper Disguised As Pallets
watch,Can I Beat Terraria on Nintendo Switch
watch,Can I find the PERFECT SPOT for everyone  Is this seat taken
watch,Can I survive Mario Superstar Baseball with the WORST team
watch,Can You Figure Out Which Chest Is Lying  Mimic Logic
watch,Can You Make An Honest Living in Skyrim Self Made Man Challenge
watch,Can a Lawyer Name all 1025 Pokemon in 60 Minutes
watch,Can you beat Deathworld with NO WEAPONS
watch,Can you beat Plants vs Zombies 2 with DOUBLE SUN COST Plants Part 1
watch,Clem Hates This Ultralisk Rush
watch,Closed captions on DVDs are getting left behind
watch,Dan Richards is a Pointless Troll
watch,Dave in a Cave  Dave the Diver Part 7  ENVTuber
watch,Dead Rails
watch,Dead by Daylight  Year 9 Anniversary Livestream Part 2
watch,Death Becomes Her
watch,Diving Into The World of BookTok
watch,Do NOT Play Google Translated Mario Kart
watch,Dr Seuss Horton Hears a Who
watch,Dragons Lair ReRevisited  Angry Video Game Nerd AVGN
watch,Drawing Classic Drawfee Characters That Weve Never Drawn Before
watch,Drawing Classic Drawfee Characters That Weve Never Drawn Before
watch,Dune Awakenings Beta has won me over Austins HandsOn Impressions
watch,E X P A N D I N G to THE STARS in Factorio
watch,EPIC is the Most Exciting Musical in Years
watch,ETERNITY STRAT MAIN  back to eternity today  rank discord
watch,EVERQUEST  The Heros Journey  Trying to defeat Phinigel at level 10  Self Found mode THJ
watch,EVERYTHING To Know About DBDs FNAF Chapter
watch,EX3 Ceraphina 2T feat Lightening Team  Octopath Traveler Cotc
watch,Early Access Final Fantasy Precons  EDH Gameplay  Ep 104
watch,Early Galleon gaming
watch,Engineering the ULTIMATE defensive tower to survive
watch,Every Acting Oscar Winner of the 2020s Ranked
watch,Every Level of Wealth in 13 Minutes
watch,Every Softlock in Portal
watch,Everything Is Random
watch,Everything we know about Haunted Chocolatier  Cozy Corner
watch,Evolution of Tetris Games 19892023
watch,Exploiting the game to make myself smarter
watch,Fall asleep while I play Stardew Valley
watch,Fall asleep while I play Tales of the Shire
watch,Filet Mignon Fondue Doesnt Go Well  Kitchen Nightmares FULL EPISODE
watch,First Time Android Experience
watch,Food in the Trenches of World War One
watch,Game Boy Advance Incredible tech on just 2 AA Batteries
watch,Gasp Behold Were playing Balatro
watch,Get In Its Time for Your Nightmare Vacation  Drive Beyond Horizons
watch,Googles Last Event Was Amazing
watch,Guess What Cartoon Character Julia is Describing I Dare You
watch,Gunpei Yokois Life Story The Man Who Made Nintendo
watch,Guys I dont think this Switch is real
watch,Heat Pedal To The Metal  How To Play
watch,Hollow Knight  Speedrunner vs 4 Hunters but hunters have Fireball
watch,Hollow Knight speedruns are much harder than you think
watch,Honey boulders and Meatball catcher  Pushing Terrarias limits 6
watch,How Cuphead Was Made and Struggled Finding The Right Protagonist
watch,How DOOM Will Teach You What CS Degrees Miss
watch,How He Sold 1000000 Copies Of His Game Thomas Vandenberg  Full Time Game Dev Podcast Ep 030
watch,How India runs the worlds biggest election
watch,How India runs the worlds biggest election
watch,How Many Crystal Stars Does it Take to Beat Paper Mario TTYD
watch,How Many Plants are there in Plants vs Zombies
watch,How Many Stars Are Needed to Beat Mario 64 DS
watch,How Many Stars Can You Get in Mario 64 Without Entering Paintings
watch,How Mario Kart became Nintendos biggest franchise
watch,How Much did it Cost to Beat Golden Axe in 1989  Arcade Economy
watch,How Satisfactory Hacks Your Brain
watch,How Small OpenWorld Games Feel Big
watch,How Speedrunners Beat Super Metroid Backwards
watch,How The Binding of Isaac Was Made and Designed to Fail
watch,How good is MAX WATER SPEED in Mario Kart 8 Deluxe
watch,How hard is it to build a Factorio MEGABASE
watch,How to Make a Google Chrome TRex Style Sidescroller In Godot  Beginner Tutorial
watch,How to Make a Roguelike Card Game on Godot
watch,How to NOT screw up your indie game launch 30 mistakes in 30 minutes  Chris Zukowski
watch,How to ruin video games for yourself
watch,Hyrule Warriors Age Of Calamity FINALLY 60 FPS On Switch 2
watch,I 100d Cookie Clicker It Ruined My Life
watch,I 100d Pikmin A Horror Game in Plain Sight
watch,I 100d Spore It was BRUTAL
watch,I Broke This Game So Hard Its Whole Universe Gave Up  Outpath
watch,I Built a DD City out of PAPER
watch,I Coded WAY Too Many Bricks into Minecraft
watch,I Completed the ACNH Critterpedia in 5 DAYS
watch,I DIDNT DRAW FOR 2 YEARS  Art JournalStorytime
watch,I Found it The Ultimate Galaga Inspired Incremental Roguelite
watch,I Have Mixed Thoughts on Mario Kart Worlds Retro Tracks
watch,I Made A Drawing Game But I Cant Draw
watch,I Made A Game But The Players Ruined It
watch,I Played 100 Days of Dinkum
watch,I Played 100 Of Papas Pizzeria
watch,I Played 100 of Balatro
watch,I Played 100 of Peglin
watch,I Played 100 of Stacklands
watch,I Played Enter The Gungeon Until I Beat It
watch,I Played Enter The Gungeon Until I Beat It
watch,I Played Every MySims Game so you dont have to
watch,I Spent 200 on the Worst Wii Games
watch,I Spent 30 Days in a Dead MMO and it was amazing
watch,I Spent 365 Days Remaking Super Mario World In 3D
watch,I Tested Illegal Operating Systems
watch,I built a cursed factory that ruined everything
watch,I forced this idiot to fight bosses for all eternity
watch,I got a Nintendo Switch 2 for FREE And Im giving it away
watch,I got a job as a Crime Scene Cleaner
watch,I played another 8 SoulsLike games youve never heard of
watch,I played every single Pikmin game
watch,I played these Cozy Farming Games in my Quest for the ULTIMATE Farming Sim
watch,I spent 100 Years building one City in Open Transport Tycoon
watch,I spent the entire day playing Stardew Valley
watch,I tried every Phineas and Ferb speedrun
watch,I tried every Phineas and Ferb speedrun
watch,I went fishing the AMERICAN WAY
watch,Im Not Watching Love on the Spectrum Again Heres Why
watch,Ive Given You 3 Tools Now Solve the Level
watch,Incremental Tower Defense With Branching Builds  Outhold Demo
watch,Inside Ukraines secret deep strike against Russian bombers  About That
watch,Is It Possible To Beat Battleblock Theater Without Jumping feat BarelyAlec
watch,Is It Possible To Make Guitar Hero Using Only A Guitar
watch,Is It Possible to Beat Shovel Knight Without Touching Gold
watch,It Takes Two with Jaiden
watch,Its a Nice Day For Fishing and Im Catching BOSS Level Fish
watch,Jon Stewart on Elon Musks BlackEyed Exit  Trumps Insane New Biden Conspiracy  The Daily Show
watch,Jordan Klepper Fingers the Pulse MAGA The Next Generation  The Daily Show
watch,Joshua NO  Oxygen Not Included Frosty Planet Playthrough 2025 13
watch,Jump ship demo wrealCheesbugga
watch,Kyle Stream sm1thyplays_
watch,LAST VANGUARD v10 Gameplay Walkthrough FULL GAME No Commentary  ENDING
watch,Late Night Infernum Mode First Time w Infernum in 4 Years
watch,Lets Play Mana Khemia  Alchemists of AlRevis Part 59
watch,Lets Play Mana Khemia  Alchemists of AlRevis Part 60 Final
watch,Lets Play Mario Kart World Together
watch,Lets Play Zelda Classic  Dreams Realm Part 49
watch,Level 1 to 100 Philosophy Concepts to Fall Asleep To
watch,Level 1040003 Impossible Level  Highway to the Danger Room pvz2
watch,Little Sim World is finally here New Cozy Life Sim Game
watch,Magic Player Rates NEW YuGiOh Cards ft covertgoblue
watch,Main Story Continues Straylight Flip  Dust Off Dash  Cyber Knights Flashpoint Chrome 10 2
watch,Making fun of MORE Luxury Homes
watch,Mana Plays Castlevania Symphony of the Night First Playthrough Part 4
watch,Marchofempires
watch,Mario Kart 8s completely normal Time Trial leaderboards
watch,Mario Kart World  All Tracks 150cc Full Game Walkthrough
watch,Mario Kart World  Full Gameplay Walkthrough Part 1  Mushroom Cup 150cc Grand Prix
watch,Mario Kart World  Part 1  The Beginning Nintendo Switch 2 Gameplay
watch,Mario Kart World is a DREAM COME TRUE
watch,Mario Kart Worlds impossible task improve what was already perfect Handson Impressions
watch,Mario Kart Double Dash Goes the Extra Mile
watch,Mario Odyssey  SwitchSwitch 2 Comparison
watch,MechAssault  Green Difficulty  Emulator Speedrun in 5243 WR
watch,Metaphor ReFantazio  024  PlayStation 4 Slim Full Gameplay metaphorrefantazio
watch,Metroid Prime Remastered Lets Play Part 21  TBGN  Plasma Processing
watch,Metroid Prime Remastered Lets Play Part 22  TBGN  3D Platforming Was A Mistake
watch,Minecraft with Too Many Custom Hearts
watch,More Indie Games You Missed probably i still dont know your life
watch,My Assistant became my Boss for the Day  AMD 5000 Ultimate Tech Upgrade
watch,My Hopes and Dreams for Mario Kart World
watch,My New Favorite Incremental Game Seriously
watch,My highways are so efficient they BREAK REALITY
watch,NARCISSIST mom thought she could lie to the cops she was WRONG
watch,NOWHERE IS SAFE  REPIK 3 Part 4 Pikmin 3 Mod
watch,New City Builder Synergy 10
watch,New Route 32933  CT Any Vortex Save
watch,Nintendo Switch Has So Many Tetris Games
watch,Nintendo Wants Us To Forget This Game Exists
watch,Nintendo had us in the first half
watch,Nintendo is opening Pandoras box to destroy Palworld
watch,OGs HONESTLY RANK THEMSELVES
watch,Oddsparks An Automation Adventure  Episode 7  2025 PS5 Gameplay  Early Game Item Sorting
watch,Old pinball machines are amazingly complex
watch,Ori and the Blind Forest  Part 3
watch,PSG vs Inter Extended Highlights  UCL Final  CBS Sports Golazo
watch,PURRRFECT PARTY GAME  Jumping Jazz Cats PC Gameplay
watch,Packers Wearing Leather Helmets Sort of
watch,Paper Mario The ThousandYear Door 41 Stylight Twon
watch,Peanuts Bon Voyage Charlie Brown and dont come back
watch,People waste years losing at chess until they learn this SIMPLE STRATEGY
watch,Phoenix Suns Hiring Jordan Ott Is A Risk Regardless of Michigan State Ties
watch,Portal 2s Biggest Skip Took 11 Years To Discover And No One Uses It
watch,Presenting my Billion Dollar Plan
watch,Price Hikes Could Cost Nintendo Big Time
watch,Pro Chefs Blind Taste Test Every Frozen Burrito  The Taste Panel  Epicurious
watch,Pro Chefs Blind Taste Test Every Instant Ramen  The Taste Panel  Epicurious
watch,Pushing Minecraft Steves Power to its LIMIT
watch,Putting a homemade jet engine on a swing
watch,RG Slide REVEALED 8bitdo Ult 2 Giveaway  Is Switch 2 WORTH IT
watch,Ranking Every Action Roguelike Game Ive Played 40 Games Tier List
watch,RealTime Strategy is incredible and you should play it
watch,Rebirth Random
watch,Red Planet
watch,Rememento White Shadow The gacha rates arent adding up at all  2 my ass
watch,Retro Pokemon Lugias ocean gameplay  chatters get name on hat
watch,Revealing 5 Secret Magic Tricks With Science
watch,Reviewing a Bunch of RPG Maker Games
watch,Revisiting io Games in 2025
watch,RomHack Race Week 344H
watch,SMG4 The Lil Fellas
watch,Scarletts ridiculous creep spread has broken StarCraft 2
watch,Sea of Stars Throes of the Watchmaker 4 Enter the Ivory Towers
watch,Secret of Mana Randomizer Challenge Seed  WE RAN OUT OF GOLD Mana Tree Revival 14408
watch,Secrets of the Gungeon  Explaining the Secret Hidden Unlockables of EtG
watch,Silksong Switch 2 Direct Footage Analysis 9 whole seconds of new footage
watch,SimCity 2000 30 Years Later An LGR Retrospective
watch,SimCity 3000 25 Years Later An LGR Retrospective
watch,Simon Sinek Youre Being Lied To About AIs Real Purpose Were Teaching Our Kids To Not Be Human
watch,Six Days Seven Nights
watch,Slay the Spire and Monster Train 2 Show 1658 20250603
watch,Snow White  How to Make a Movie That Everyone Hates  Anatomy of a Failure
watch,So I Gave 100 Players Creative Mode to Build Secret Houses  Minecraft
watch,So Is GRINDSTONE Worth Playing
watch,So Many Puzzles EVERYWHERE  Blue Prince
watch,Someone Made A MOBILE PHONE AD Game In Mario Maker 2
watch,Someone Made Deckbuilder FTL And Its Kinda Awesome  Star Scum
watch,Something Strange Happens When You Keep Squaring
watch,Songs of Silence  Community Managers Epic Clash  Gigi  Ilcin
watch,Songs of Silence  DEV Stream  Y1 Anniversary  Update 14
watch,SpaceCorp Digital App Preview with John LaRuffa
watch,Speedrunning Conspiracy Theories w drewisgooden
watch,Spicy social LIVE  Dune Spice Wars
watch,Star Citizen officially went too far After making 800M
watch,Stupid RPG Classes in Video Games
watch,Sudoku Expert Plays The Witness
watch,Suikoden HD Remaster Playthrough Part 101 Recruiting Jabba  The Nameless Urn Obtained
watch,Super Mario Kart Early Prototype Builds  LOST BITS TetraBitGaming
watch,Surfs Up
watch,Switch Up Shuffle Physical Fiesta Day 5 31525
watch,Sydney Sweeney Sells Her Bathwater Men Buy The Fantasy
watch,THE BEST STEAK CHALLENGE IVE EVER ATTEMPTED  BeardMeatsFood
watch,THE ENDLESS TUNNEL  Blue Prince
watch,THIS PVZ DLC UPDATE CHANGED EVERYTHING
watch,TOMO PLAYS  The Legend of Zelda A Link To The Past  PART 6
watch,Techniques for dealing with lack of motivation malaise depression
watch,Terminator Genisys
watch,Terrarias Platinum Trophy Was A GRIND
watch,Tetris Effect Connected Journey Mode Gameplay Performance Preview  Nintendo Switch
watch,Texts from 5YearOlds
watch,The Buy Now Pay Later Trap Explained
watch,The Mostly Complete Lore of Hollow Knight
watch,The 100 Games That Taught Me Game Design
watch,The 100 Year Old Mystery of the Empty Hexagon Problem
watch,The 4Chan VS Taylor Swift Saga
watch,The ACTUAL History of Dont Starve
watch,The Absurd History of Bad Video Games
watch,The Absurd History of Bad Video Games
watch,The Best Ever Indie Games On The Nintendo Switch
watch,The Best Games Are Kinda Bad
watch,The Biggest Misconception in Football
watch,The Binding of Isaacs Platinum is ADDICTING
watch,The Bizarre Lore of Plants Vs Zombies
watch,The Bizarre Lore of Rayman
watch,The Book of Life
watch,The Cauldron Finale
watch,The Deep Dip World Record Might be Unbeatable Now
watch,The Devs Didnt Want Us To See This Trailmakers PvP Update Review
watch,The Entire History of RPGs
watch,The Final Countdown to Switch 2s Release  Canadian Gamers Ep 177
watch,The Final Mario Kart 8 Stream
watch,The Finals  ft Kyle
watch,The Gardens Between 61  Walkthrough  Playthrough
watch,The Greatest Game Ever Played
watch,The History of 120 Stars Early Era 2004  2014
watch,The History of Hollow Knight World Records
watch,The History of Original Dungeons  Dragons
watch,The Horrible World of Kinect Games  Caddicarus
watch,The Horrifying World of PS1 Games for Babies  Caddicarus
watch,The Horrors of Victorian Train Travel
watch,The Hunting Squad Strikes Back PvZ Heroes
watch,The Hustle 2019
watch,The Incredible World of User Created Tracks in Trials Rising
watch,The Infamous Grilled Lettuce  Kitchen Nightmares FULL EPISODE
watch,The Infinite Pattern That Never Repeats
watch,The Legend of Nayuta Boundless Trails Episode 50
watch,The Longest Road on Earth  Full Playthrough
watch,The MIX Summer Game Showcase 2025
watch,The Miserable World of Completing Crash Bandicoot 4  Caddicarus
watch,The Most POINTLESS Board Games
watch,The Mysterious Universe Of The NES Turtles  TMNT
watch,The Nintendo Switch 2 Is Already In Stores  Sonys Big PS5 Sale Just Leaked Early  News Wave
watch,The Nintendo Switch 2 MIDNIGHT RELEASE LIVE
watch,The One Nintendo Switch Game To Play Before Switch 2  Lukes Game Room
watch,The Painful World of LEGO Games  Caddicarus
watch,The Peanuts Movie
watch,The Picnic at the Battle of Bull Run
watch,The Pyramid A Presses are a Tragedy
watch,The Rise and Fall of Poptropica
watch,The Sad Greedy Death of Little Big Planet
watch,The Simplest 3 Masterpiece Youll Ever Play
watch,The Sims 1 The Console Edition Nightmare
watch,The Story of Super Mario Kart
watch,The Story of Super Mario World
watch,The Story of the Super Mario Land Series
watch,The Strangest Extinct Creatures Ever Found
watch,The TEN Levels of Boardgame Complexity and Depth
watch,The Talos Principle  Full Game Walkthrough All Endings
watch,The Truman Show
watch,The Two Types of Random in Game Design
watch,The Ugly World of the PS2 EyeToy  Caddicarus
watch,The Weeknd Taylor Swift Ed Sheeran Adele Rihanna Bruno Mars Justin Bieber Sia  Top Hits 2024
watch,The Witness  100 11543  New World Record
watch,The YouTube Golf Major Stroke Play
watch,The book with a multiplayer firstperson shooter inside
watch,The craziest 90s puzzle Ive ever attempted
watch,The original plot of Inside Out 2 was different
watch,The secret economics of Escape Rooms
watch,Theres no straight stacker  Insane Factory EP01  Shapez 2  Dimensions Update
watch,They Tore Down a Highway and Made it a River and traffic got better
watch,They added gravity to Chess
watch,They added gravity to Chess
watch,They turned MATH into a factory game
watch,This ALARM Fob stopped working  Can I Fix It
watch,This Achievement in Super Meat Boy Took 16407 Attempts
watch,This Level Makes You PUSH WALLS  Clearing 69420 EXPERT Levels  S8 EP89
watch,This Mining Tower Defense Roguelike is SO GOOD
watch,This Run Just Hit LEGEND Status
watch,This Video Took Us 8 Years To Make
watch,This Worms Video is Finger Lickin Good
watch,This entire game is a massive spoiler
watch,This game outsmarted a professional engineer Baba Is You
watch,Thrifting With Friends  Viewers Through Bins Of Movies  More  Thrift With Me
watch,Tiny Bookshop  Official Release Date Trailer
watch,Top 50 Deals on the Nintendo Switch eShop through 56
watch,Training AI to Play Pokemon with Reinforcement Learning
watch,Unforeseen Consequences A HalfLife Documentary
watch,Unreal Engine 5 Environment Tutorial for Beginners  Creating an Island
watch,Using Apple Trees to Decode Abstract Puzzles
watch,VFX Artists React to Bad and Great CGi 177
watch,VFX Artists React to Bad and Great CGi 178 Ft Adam Savage
watch,Video Game Megastructures That Make You Feel Temporary
watch,Walmart From American dream to American NIGHTMARE
watch,War of the Worlds
watch,Was ZARC About To Defeat EVERYONE A Most Brutal Duel
watch,Was it Good  Rayman 1
watch,Watch as I try to take WoC to the top of this SFT
watch,We Couldnt Stop Drinking
watch,We Turned Core Keeper into Bomberman and It Was Chaos
watch,We played Mario Odyssey JEOPARDY
watch,What Is The BEST Version Of PVZ1
watch,What Killed the Scribblenauts Franchise
watch,What Makes A Great Double Boss Fight
watch,What Makes These Animations Good
watch,What Went Wrong  Chivalry Medieval Warfare Mordhau Mirage and More
watch,What Zelda Content Creators Want From The Next Zelda Game ft 30 YouTubers
watch,What if Squidward Never Met SpongeBob
watch,Where Is Wind Wakers Water From
watch,Who Can Go Under The Mario Pipe   Super Smash Bros Ultimate
watch,Why Canada Will NEVER Be The 51st State
watch,Why EA Ruined Its Own Masterpiece  Spore
watch,Why Im NOT Getting A Switch 2 At Launch
watch,Why Is The US Dropping Billions Of Mutant Flies From The Sky
watch,Why Lego Is So Expensive  So Expensive  Business Insider
watch,Why Video Game Prices Dont Make Sense Anymore
watch,Why Your Grandmother Is an Evolutionary Mystery
watch,Why are Smokestacks So Tall
watch,Why is Everything So Boring Now
watch,Working With Robin Williams
watch,Yall Mind if I Talk Critically about Animal Crossing New Horizons
watch,You Cant Kill the Undying  FINAL FANTASY PIXEL REMASTER  Lets Play Part 7
watch,Youll Never Quit Slay the Spire Heres Why
watch,Zelda Links Awakening  SwitchSwitch 2 Comparison
watch,Part 17 Sea of Stars First Playthrough
watch,Shattered Tale of the Forgotten King A smol soulsllike 1
watch,lofi hip hop radio  beats to relaxstudy to
watch,the reality of being neurodivergent
watch,Heaters Freezers and Brain Teasers in Lanayru Temple  Echoes of Wisdom  Part 15
watch,LIVE ENGPC NMS  PotatoLand  RUST  ArkSE   P  2025
watch,LIVE Rayman 1995 First Playthrough
watch,Terraria Summoner Only Master Mode
like,I 100d Subnautica It Was Beautiful and Terrifying
like,They said theres treasure at the bottom
like,Making the worlds most powerful Red Bull
like,Nintendo Switch 2 Unboxing  First Gameplay
like,TOP 50 Best Nintendo Switch Games You Need To Play At Least Once
like,Evolution of Tetris Games 19892023
like,I competed in the biggest puzzle contest in America And my new strategy worked
like,Jon Stewart on Elon Musks BlackEyed Exit  Trumps Insane New Biden Conspiracy  The Daily Show
like,Revisiting Wordle Games
like,TOO SMART FOR MY OWN GOOD  Blue Prince
like,The History of Tetris World Records
like,Air Traffic Control Last Week Tonight with John Oliver HBO
like,Detail Diatribe The Lost Art of Marvels Phase 1
like,Games that Break all the Rules
like,Guess What Cartoon Character Julia is Describing I Dare You
like,How to play Monopoly Go to Jail Expansion
like,Pixel Art Class  Top Down Style Analysis  Tutorial
like,Puyo Puyo Tetris 1  2 Out of Context 1  other funny moments
like,The Bizarre World of Fake Video Games
like,The Judge Was Ruthless Now Gaming WILL Change
like,The Top 50 Indie Games That You Simply Must Play
like,The Ugly World of the PS2 EyeToy  Caddicarus
like,The Ultimate Princess Peach Model Showdown  How Many Tris
like,The craziest 90s puzzle Ive ever attempted
like,16 YO UNDERDOG vs 7TIME CHAMP  Classic Tetris World Championship 2018 Final Round
like,A Scientific Analysis of Return of the Obra Dinn
like,AI Learns to play JUMP KING
like,Analyzing the Lizard  The Complete Guide to Rain Worlds Lizards
like,BEST Cozy Games of 2023 and WORST
like,Baba Is You Full Game Walkthrough No Commentary  100 Achievements
like,Baking brownies from the inside out
like,Blumineck answers YOUR questions QA roundup
like,Boring History For Sleep  What Medieval JUNK FOOD Was Like and more
like,Can Roguelikes be Cozy Games
like,Can You Beat Hello Neighbor With NO ITEMS
like,Chopping all the Trees in Stardew Valley
like,Everyone Hates Nvidia
like,Fields of Mistria  Lets Play Ep 40
like,Get In Its Time for Your Nightmare Vacation  Drive Beyond Horizons
like,HOW TO MASTER QUEST MODE IN TACTICS OGRE KNIGHT OF LODIS
like,Hollow Knight speedruns are much harder than you think
like,How Fast Can You Softlock Every 3D Zelda Game
like,How Many Courses Can You Drive Backwards In Mario Kart 8 Deluxe
like,How Many Stars Can You Get in Mario 64 Without Entering Paintings
like,How To Make Indie Games In 2025 w Jonathan Blow  Full Time Game Dev Podcast Ep 024
like,How to play Monopoly Go to Jail Expansion
like,I Broke This Game So Hard Its Whole Universe Gave Up  Outpath
like,I Found it The Ultimate Incremental Idle Game
like,I Got EVERY 3 Star In Cut The Rope
like,I Investigated Malware Disguised as Games 3
like,I played the 10 best indies on the Nintendo Switch
like,I played the 10 best indies on the Nintendo Switch in 2025
like,Ive Spent 9 Years Working On My Board Game Was it worth it
like,Is Elden Ring Nightreign ACTUALLY Good
like,Is Mr Beast Cheating His Progress Bars
like,Lets Play HORRIFIED  Board Game Club
like,Nintendo Switch Has So Many Tetris Games
like,Only 8 people beat this level 5000000 Failed it
like,Sea of Stars Throes of the Watchmaker The Dojo Lets Play
like,Serving Every Single Dish At Once Plateup
like,Snake but with a skill tree
like,Snipperclips  Gameplay Walkthrough Part 1  Noisy Notebook Cut It Out Together Nintendo Switch
like,Stardew Valley Flower Farm  Lets Play Ep 104
like,TETRIS EFFECT Grand Master Level 100 Expert Journey
like,TOP 30 BEST NEW Nintendo Switch Games in 2025
like,The History of Castlevania World Records
like,The Mockery Unbelievable
like,The Nintendo Switch 2 MIDNIGHT RELEASE LIVE
like,The Story of Super Mario Kart
like,They Turned an IKEA Manual into a Roguelike
like,This Worms Video is Finger Lickin Good
like,Time to Say Goodbye to Ticket to Ride
like,Top 100 Board Games of All Time  101
like,Video Game Optimization Used To Be Borderline Black Magic
like,Weve Played Mario Kart World A LOT  Is It Any Good
like,What Breath Of The Wild Is Like For Someone Who Doesnt Play Games
like,shapez 2 Dimension Update  Out Now
like,yes the red lines are parallel
like,IroncladDefect 202564 A Video of XecnaR
like,Video You Puyo Puyod In The Wrong Tetris
like,10 Indie Games You Need to Play on Nintendo Switch in 2025
like,10 Reasons Board Games Are Better Now
like,10 Times Video Games KNEW What You Were Trying To Do
like,10 New Cozy Games Coming in June 2025
like,100 Game Walkthrough  The Witness All 523 Puzzles  135 Environmental Puzzles  49 Audio Logs
like,15 OUTER GODS from Lovecrafts Universe You MUST NEVER Pray To
like,1st Time Playing Suikoden 2 HD Remaster Lets Fight Part 9
like,50 Tips and Tricks in Astroneer
like,60 Seconds REATOMIZED
like,7 Fighting Game Joke Characters Who Are WAY Stronger Than They Look
like,7 Stupidly Complicated Puzzle Bosses You Wont Beat Without a Walkthrough
like,7 Tricks by Game Developers You Wont Be Able to Unsee Commenter Edition
like,9 DEVS Make a GAME without COMMUNICATING Where did it go Wrong
like,A Consolidation Move  Empyrion RE2 17 Gameplay  Playthrough
like,A Man Who Sucks At Tetris Plays Tetris Effect
like,A Studio Update  Cancelled Game  New Projects
like,A Summarization of My Thoughts On Monopoly Cheaters Edition VOLUME WARNING  I Mess With Games
like,A game where youre just a cube but its sorta great  Minutescape
like,AI Decides on Absurd Trolley Problems
like,Americans Samurai  The 442nd Infantry  Most Decorated Unit of WW2
like,An Incremental Upgrade Game Where You Have To Chop 10000 Trees
like,Angry Birds Trilogys Platinum Wasted 200 HOURS of My Life
like,Arcs is 2024s Best New Board Game
like,Arkham Horror The Card Game  How To Play
like,Best Cozy Games on Nintendo Switch
like,Blade Runner The Roleplaying Game  Oxventures OneShot Wonder  ft Aoife Wilson
like,Board Game Reviews Ep 215 TAK
like,Boring History For Sleep  WEIRD Sleep Habits of Medieval People and more
like,Botanist Explains All GrassType Pokemon
like,Buff So Hard Everything Explodes  Monster Train 2
like,Busting 100 Mario Myths
like,But what is quantum computing Grovers Algorithm
like,CAN I PLEASE GET A VICTORY ROYALE
like,CVS Employee Arrested Waiting on Bench for Lyft Driver 7 MINUTES after closing the store
like,Can I Beat Super Mario Bros Wonder While Touching Every Coin
like,Can I Remake Super Mario World in Godot Part 1
like,Can You Beat a 999999999999HP Bloon
like,Can you beat Plants vs Zombies 2 with DOUBLE SUN COST Plants Part 1
like,Carto  100 AchievementTrophy Guide  Full Walkthrough FREE with Xbox Gamepass
like,Casual Player Accidentally Makes a HUGE Discovery That Speedrunners Missed
like,Cauldron Time for a upgradeheavy minigamecentric turnbased RPG thanks to keymailer
like,Checking Out TurnBasedThursdayFest 2025
like,Chess But Pieces Have Gravity
like,Chess But Your Opponent Can Cheat
like,Chess but the rules are cursed  All Endings
like,Civ 7 Switch 2 Release Date and Features Revealed in New Trailer  Will it be worth it
like,Closed captions on DVDs are getting left behind
like,Closed captions on DVDs are getting left behind
like,Coin Push RPG has Shown me What a Gambling Addiction Might Feel Like
like,Completing the Community Center with NO ENERGY
like,ConcernedApe Talks Stardew Valley 2 w Bobby Lee
like,Create a Soccer Game in Godot 0224 Basic Movement
like,Dear Creatives I Bet You Can Relate Lets fix it
like,Decoding the Secret Language of Stray
like,Diablo 2 But Im Putting ALL My Stats Into Strength
like,Did Chelsea Bottle It  Ten Hag vs Carra  Stick to Football EP 21
like,Do NOT Play Google Translated Mario Kart
like,Doctor Reacts To GOATED Medical Memes
like,Doom 64  What Happened
like,Dragons Lair ReRevisited  Angry Video Game Nerd AVGN
like,Drawing Classic Drawfee Characters That Weve Never Drawn Before
like,EA CANCELS Woke Black Panther Game Nobody Wanted
like,EA CANCELS Woke Black Panther Game Nobody Wanted
like,EP11  THE HUNT FOR HEMATITE  Vintage Story Prehistoric World
like,EX3 Ceraphina 2T feat Lightening Team  Octopath Traveler Cotc
like,Even More Indie Games You Missed if i had to guessi cant be sure though
like,Every Softlock in Portal
like,Everyones Talking About 9Kings and The Hype is Warranted
like,Exclusive Interview The Talos Principle 2
like,FANTASY LIFE i The Girl Who Steals Time On Switch Is UNMISSABLE  Review  Performance
like,Fighting Yvon  Octopath Traveler  BLIND
like,Finally no more wheels but theres a catch   Timberborn S2 Ep 10
like,Finals  2016 Classic Tetris World Championship
like,First Impressions of the Most Hyped RPG Right Now  Part 2
like,First Look At Teamcrafter
like,First Time Android Experience
like,First Time Playing This Game  Stardew Valley
like,First Year Learning Game Dev in Godot
like,Flowing Peace  Restful Nights in Natures Arms  sleep  relax  enjoy life  ASMR
like,Food for the Gods  1909 Recipe
like,Food in the Trenches of World War One
like,Fortress of Hope session 8 on Bugbears Basement
like,From Chaos to Crops What Stardew Valley Taught Me About Time  OneGenericEric
like,GOT MY SWITCH 2 LETS GET THIS PARTY STARTED  Scyushi Plays Mario Kart World ALL CUPS
like,Game Theory The Hidden Truth of Aftons Experiments Finally REVEALED
like,Gloomhaven 2nd Edition Playthrough with Isaac Childres
like,Gloomhaven 2nd Edition Playthrough with Isaac Childres
like,Grindstone Daily Grind Update  Apple Arcade iOS Gameplay by Capybara Games
like,Guess What Cartoon Character Julia is Describing I Dare You
like,Guys I dont think this Switch is real
like,Hbomberguy but the questions get worse
like,Heat Pedal To The Metal  How To Play
like,Help Me Tricky Story vs Fork N Sausage  Hard Levels Challenge Walkthrough Gameplay Ep0538
like,Hollow Knight speedruns are much harder than you think
like,How Balatro Was Made and Why The Creator Expected to Sell Only 6 Copies
like,How Fast Can You Softlock Every Animal Crossing Game
like,How I Beat Pikmin Without Making Pikmin
like,How I Beat Plants Vs Zombies Blindfolded
like,How I Finished my Indie Game After 5 Years  Slimekeep Out Now
like,How I Made A Game  from Start to Finish
like,How I Won The GMTK Game Jam
like,How I Won The GMTK Game Jam
like,How I make puzzles for my indie magnet game Developing 9
like,How India runs the worlds biggest election
like,How Jonathan Blow Designs a Puzzle
like,How Long Can You Survive Shipwrecked Without A Boat
like,How Many Crystal Stars Does it Take to Beat Paper Mario TTYD
like,How Many Shines Are Needed to Beat Super Mario Sunshine
like,How Much Money my Indie Game Made After 1 Month
like,How To Get Back Into A Game According to Science
like,How We Made The Club Penguin Avatar
like,How do Game Designers make their games FUN
like,How many trees are there in Mario Kart Wii
like,How to Design a Puzzle Game In 5 Steps
like,How to Rewrite a Story Everyone Already Knows
like,How to Survive the Current State of the World
like,How to use every Geyser Vent and Volcano in Oxygen Not Included
like,I 100d A Game About Upgrading Shapes And It Was Delightful
like,I Built a DD City out of PAPER
like,I Built a Nightmare Factory That Manufactures Perpetual Mayhem  shapez 2
like,I Created An AI to DESTROY Tetris
like,I Finished My First Game
like,I Fully Completed EVERY HalfLife  Portal Game
like,I Got ONE MILLION on EVERY Minigame in Cauldron
like,I Hate The Witness I Love The Witness
like,I Made Millions by Openly Ripping Off Every Person Who Hired Me  Cash Cleaner Simulator
like,I Made Torturous MiniGolf Courses and Trolled Myself  MiniGolf Maker gameplay
like,I Played 100 of Slime Rancher
like,I Played 100 of Stacklands
like,I Played 8 MORE Of The WORST Reviewed Games on Steam
like,I Played EVERY Mario Game On Nintendo Switch
like,I Ran Critical Roles Daggerheart and it Broke Me
like,I Spent 30 Days in a Dead MMO and it was amazing
like,I Spent 700 HOURS Automating Nuclear Pasta in Satisfactory
like,I Tried Every Sandwich in Japan
like,I am become baba destroyer of worlds  Baba is you
like,I bought every Nintendo Handheld EVER
like,I created a NEW Legacy Challenge for The Sims 4
like,I finally got my hands on the sequel to one of the best roguelikes EVER  UnderMine 2
like,I must Carry The Glass with CallMeKevin
like,I played another 8 SoulsLike games youve never heard of
like,I played every single Pikmin game
like,I pushed the tree chopping game to its limit
like,I ran a 5000 DD game and I quit
like,I went AFK and Speedran This Game  Peglin Is A Perfectly Balanced Game With No Exploits
like,Im Becoming Addicted to Special Puzzles
like,ITS WAR TIMELATE STREAM
like,Incremental Tower Defense With Branching Builds  Outhold Demo
like,Inner Balance  432Hz  111Hz Healing Calm  Inner Peace  Release All Blockages Meditation  Sleep
like,Investors Want In Game Ads Valve Is Blocking Them
like,Is Grindstone worth playing more
like,Is There A Simple Solution To The Fermi Paradox
like,Is this strategy OP or TROLL  AoE 2 ranking
like,Is this the best 3 game ever
like,Is this what door handles should have looked like all along
like,It Takes Two with Jaiden
like,It took me 3 seconds to realize how STRONG this kid is at chess
like,Jon Stewart Slams CNNs Bombshell Biden Book Promo Amidst Cancer Diagnosis  The Daily Show
like,LAST VANGUARD v10 Gameplay Walkthrough FULL GAME No Commentary  ENDING
like,LUMINES REMASTERED  VS CPU Complete
like,Learning Crossword Week 56  NYT Crossword Wednesday June 4th 2025
like,Lets Continue  Octopath Traveler  BLIND
like,Lets Play  Part 1
like,Lets Play BURKES GAMBIT  Board Game Club
like,Lets Play SAY ANYTHING feat TomSka  Board Game Club
like,Lets Play Word Play
like,Literary Analysis of The Witness
like,Literary Analysis of The Witness
like,Lucky Finally getting rid of the Dagger Spring Day 27 Year 1 of the Stardew Valley
like,Lumines Remastered  Basic Challenge Mode  Score 1731929
like,MONKEY BUSINESS  Sea of Stars Episode 9
like,Make it pink  Slime Rancher 2
like,Making a Game About Weak Points
like,Making an SNES Game the Way Nintendo Intended
like,Making fun of MORE Luxury Homes
like,Mario Kart 8s completely normal Time Trial leaderboards
like,Mario Kart World  Full Gameplay Walkthrough Part 1  Mushroom Cup 150cc Grand Prix
like,Mario Kart World  Full Gameplay Walkthrough Part 1  Mushroom Cup 150cc Grand Prix
like,Mario Kart World  Part 1  The Beginning Nintendo Switch 2 Gameplay
like,Mario Wonder but Characters have CUSTOM ABILITIES
like,Mario The Infamous History of Level 52
like,Massive Game Where the ENTIRE HOUSE is a Puzzle  The Room 4
like,Mindblowing graphical tricks in classic games  Your questions answered  White_Pointer Gaming
like,Monopoly Cheaters Edition Is The Worst Game Ive Played  This Is No Longer a Summary MCE Rant 2
like,Monster Train 2 Covenant Climb  Livestream
like,Monster Train 2 Session 8
like,Monty Python And The Holy Grail
like,More Indie Games You Missed probably i still dont know your life
like,More Reddit writing Pickup Lines one word at a time
like,Morning Tea  Dopamine morning with Lofi Cafe  Lofi Deep Focus to study  relax  Lofi Hip Hop
like,My Best Pets of 2025 so far
like,My Top 10 Cozy Games of 2024 Nintendo Switch
like,NEW Trophy Road  MASTERIES REMOVED  Update Info
like,New Chapter Approved Tau vs vs Sisters of Battle Warhammer 40k in 40m Battle
like,Nintendo Switch 2 Launch Buying Guide Accessories
like,OLYMPIADS  How to Solve tt  t2  Can You Solve for t maths
like,Oatsngoats  Super Metroid Low Ice Speedruns June 1 2025
like,Oblivion Remastered is A PERFECTLY BALANCED GAME WITH NO EXPLOITS  Making A New God
like,Okay Well I Broke the Game with Rats in 9 Kings
like,Otters Get Wet N Wild with New Pool and Slide
like,Over an hour of Star Destroyer lore
like,Overcooked TESTED Our Friendship
like,PURRRFECT PARTY GAME  Jumping Jazz Cats PC Gameplay
like,Panic Has A New Face  NRB Play Blood On The Clocktower
like,Platinum On Star Wars Battlefront 2 Was Pure Perfection
like,Portal 2s Biggest Skip Took 11 Years To Discover And No One Uses It
like,Prehistoric Planet Pack Testing and Exploration
like,Price Hikes Could Cost Nintendo Big Time
like,Printing a LifeSized LEGOStyle Castle  Walls and Figures
like,Pro Chefs Blind Taste Test Every Frozen Burrito  The Taste Panel  Epicurious
like,Punching SPACESHIPS in this Great Physics Based Roguelite  Galactic Glitch
like,ROBBING A BANK FOR GRANDMA  Wobbly Life Switch Coop Gameplay
like,Ranch of Rivershine Grindy but so good
like,Ranking Every DISNEY Movie by the 100000th Frame
like,Ranking Every Mario Sports Game
like,Real Reason Americas New Iron Dome Terrifies The World
like,Reviewing a Bunch of RPG Maker Games
like,Revisiting Wordle Games
like,Ruin Raiders with Poet  A Vintage Story Permadeath Challenge
like,Rune Factory Guardians of Azuma Gameplay  Nintendo Switch  Save the gods
like,SIDEMEN REVERSE CATEGORIES
like,SNL Hosts Making the Cast BREAK for 6 Minutes Straight
like,Sea Of Stars Throes Of The Watchmaker  The Oubliettes Artys Escape  Solstice Rescue  Episode 2
like,Secrets of the Gungeon  Explaining the Secret Hidden Unlockables of EtG
like,Six Days Seven Nights
like,Skara Brea  Solo Playthrough
like,Sleddys Lost Tapes  KeyEnigma  Owen Rules
like,Solving a Harvard University Entrance Exam Question  Find x
like,Someone Made Deckbuilder FTL And Its Kinda Awesome  Star Scum
like,Star Citizen officially went too far After making 800M
like,Starbound 39  Orbiting a planet and into a swamp
like,Stardew Valley  Ridgeside chill no commentary game playthrough
like,Stardew Valley  366 The Bottom of the Dangerous Mine
like,Stardew Valley  366 The Bottom of the Dangerous Mine
like,State of Play  June 4 2025 English
like,Sudoku Expert Plays The Witness
like,Sugars Decathlon  Drop Duchy  Fourth Game
like,Suikoden HD Remaster Playthrough Part 101 Recruiting Jabba  The Nameless Urn Obtained
like,Super Marios Invisible Difficulty Settings
like,Sydney Sweeney Sells Her Bathwater Men Buy The Fantasy
like,THE ADVENTURES OF SAMSLASH  TRIOOOOS
like,THIS Can Save The Gaming Industry
like,TODESwürmer  ONEHITwürmer in Chains of Freedom 17
like,TOP 20 BEST METROIDVANIA Games on Nintendo Switch
like,TOP 25 PERFECT 1010 Nintendo Switch Games You MUST PLAY
like,TOP 30 BEST METROIDVANIA Games on Nintendo Switch
like,TROLL LEVEL OF THE YEAR 2025
like,Tackling the Biggest Unsolved Problems in Math with 3Blue1Brown
like,Taking Minecraft Steves Power EVEN FURTHER BEYOND
like,Taking On A Giant Crab In Ship of Fools
like,Teens Play NES For The First Time Super Mario Bros Punch Out Donkey Kong
like,Testing Extremely Rare Mario Myths
like,Tetris Effect  E3 2018 Announce Trailer  PS4
like,Tetris Effect Connected Longplay  Journey Mode Full Playthrough
like,Tetris Effect On The PS5  4K 60fps
like,The 100 Games That Taught Me Game Design
like,The 100 Year Old Mystery of the Empty Hexagon Problem
like,The AntiPiracy Screen Trend was Weird
like,The BEST C64 Games Part 2
like,The Bizarre Lore of Plants Vs Zombies
like,The Bizarre Lore of Rayman
like,The DVD Logo Not Hitting the Corner but as an Incremental Game
like,The Dumbest Things EV Owners Do
like,The Entire History of RPGs
like,The FEAR on PS2 is a Cheesy Horror Masterpiece
like,The First Perfect Game of Tetris Just Happened
like,The Gardens Between  Full Gameplay Walkthrough Video iOS Android
like,The Gardens Between 100 Full Platinum Walkthrough  Trophy  Achievement Guide  Easy Platinum
like,The Gardens Between 51  Walkthrough  Playthrough
like,The Gardens Between 71  Walkthrough  Playthrough
like,The Gardens Between Walkthrough 100 Achievements Guide
like,The HARDEST Character to UNLOCK in Every LEGO Game
like,The History of Fantasy Maps
like,The LEGENDARY double cloverleaf is OVERPOWERED in Freeways
like,The MIX Summer Game Showcase 2025
like,The NEW No Time To Relax  Walk of Life Demo Gameplay
like,The Nintendo character with zero Google results
like,The Pacifist Challenge  Beating Hollow Knight Without Collecting Soul
like,The Puzzle Game With 1000 Plot Twists
like,The Rarest of Games  Scott The Woz
like,The Real Game Begins Now  Blue Prince
like,The Ripoff World of Crash Bandicoot Merchandise  Caddicarus
like,The Secret to Every Nightfarer in Elden Ring Nightreign
like,The Ship Is Sinking Spell SKIP Endless Expert 10 Lives 1282 Clears Family Friendly SMM2
like,The Starving Games
like,The Story of Super Mario Bros 3
like,The Sudoku With Only 10 Words Of Rules
like,The Switch 2 will be the Downfall of Nintendo
like,The TRAGEDY of Nickelodeons Glitch Techs
like,The Talos Principle  Story Explanation and Analysis
like,The Talos Principle Timeline  COMPLETE Talos Principle Story  Lore
like,The Top 100 Indie Games You Must Play
like,The Top 100 Nintendo Switch Games OF ALL TIME
like,The Tower  Competing in The Tournament  My Strategy
like,The Witcher 4  Gameplay UE 56 Tech Demo  State of Unreal 2025
like,The Witcher 4  UE 56 Tech Demo  State of Unreal 2025
like,The Witness  Part 1  Puzzle Memory  Lets Play  The Witness Gameplay Livestream
like,The World Design of Hollow Knight  Boss Keys
like,The Worst Guide To Oxygen Not Included
like,The Worst and Weirdest of RISK
like,The book with a multiplayer firstperson shooter inside
like,The correcting feature of typewriters is not what I thought
like,The final area of RePik 3
like,The rules of this game change as you play it
like,The search for LIFE but NOT as we know it
like,The secret economics of Escape Rooms
like,The secret history of font piracy
like,These Brands Made Their Own Flash Games
like,They said theres treasure at the bottom
like,Things I Wish I Knew Sooner in Balatro
like,This Puzzle Game Took EIGHT YEARS To Make  Taiji
like,This Puzzle Has More Layers Than Expected
like,This Video Took Us 8 Years To Make
like,This Word Explains Everything About US Schools
like,Top 10 Board Games We Champion
like,Top 15 Beautiful Offline Puzzle Games Android  iOS of All Time  Best Puzzle Game
like,Training AI to Play Pokemon with Reinforcement Learning
like,Trapped in the past  Fantasy Life i 1
like,Turning this hot mess around  Civilization VII Full Exploration Age
like,Uncle Roger Recreate Jamie Oliver Pho BIG MISTAKE
like,Using Incredible Improvisation to Beat Quarry Puzzles
like,Using SEGREGATION to beat high scores in Mini Motorways
like,VFX Artists DEBUNK Ai Slop
like,Vintage Story Ep 715 More Gathering in the Old Neighborhoods
like,Want to Test Your MARIO SKILLS Try This Level
like,Was Crash Twinsanity a Good Game
like,We need to talk about DDs new class
like,Webbed  Full Game Walkthrough All Achievements
like,Welcome to the ASMR Library  Whispering Page Flipping Typing Etc
like,What Are the Growing Pains of Learning Terraria
like,What Does It Mean To Be Human  The Talos Principle 1 Timeline
like,What If It Rains Bananas For A Single Day Spoiler Its Bad
like,What Killed the Scribblenauts Franchise
like,What Makes A Great Double Boss Fight
like,What Makes These Animations Good
like,What Went Wrong  Chivalry Medieval Warfare Mordhau Mirage and More
like,What Zelda Content Creators Want From The Next Zelda Game ft 30 YouTubers
like,What if you used a flamethrower as a snowblower
like,Whats on the Security Footage Lets Take Notes  Blue Prince  52
like,Whatever You Do Dont Let Enemies Touch  Trial  Drop Duchy Road2100 27
like,Whats Causing the Parkinsons Belt
like,When Will the Switch 1 Servers Shut Down
like,Where Is Wind Wakers Water From
like,Who Let All These Freaks Into My Run  Classic Unfair
like,Who was the first video game boss And why do we call them that
like,Why Does Celeste Feel So Good to Play
like,Why Food SUCKED in Medieval Times  Boring History for Sleep
like,Why Is The US Dropping Billions Of Mutant Flies From The Sky
like,Why Mario Kart World was a NIGHTMARE to Design
like,Why Modding a Nintendo 3DS is Amazing
like,Wind Temple Puzzle Solved in Pokémon Awakening
like,X4 GUIDE Passive Income  Mining Fleet 24
like,You Are Given The Solution And Must Create The Puzzle
like,You Can Date a Toilet In This Game Date Everything Demo
like,You Cant Convince Me DK64 Isnt a Masterpiece
like,Youll Never Quit Slay the Spire Heres Why
like,Your iPads USBC Port Can Do More Than You Think
like,how to make Video Games REALLY REALLY fast
like,i am so screwed if im right feat PunkDuck  final v3
like,my nintendo switch collection   ultimate guide to cozy gaming
like,we are backlots to talk about
like,Ill tell you what Gabagool is
like,Forgotten DD Rules That Actually Made the Game Better
like,Ship Inc  ItsumaDEMO Ep 31 Ep 01 I will Ship It Previewing a New Life SIm
like,BREAKING Tornado On The Ground In Illinois  Tornadoes Possible  With Live Storm Chasers
like,First Time Playing Stardew Valley and I already want to marry Elliot
like,LIVE  Severe Weather Coverage With Storm Chasers On The Ground  Live Weather Channel
like,Death Squared  2  Offensive Cubism 4 Player Gameplay
like,Sudoku Expert Plays The Witness
like,LUMINES REMASTERED Gameplay All 50 Mission
like,The Witness Documentary
like,These Have Been Found All Across Ancient Rome Nobody Knows Why
like,True Wireless Power is FINALLY here building a TRULY wirefree setup
like,A Developers First Game  Scott The Woz
like,Can a Professional Engineer beat the IMPOSSIBLE quiz
like,Dan LOVES Rainbow Galleria  Mario Party Jamboree
like,Death Squared  4  DANCE PARTY Twitch Highlight
like,Doctor Reacts To GOATED Medical Memes
like,Jonathan Blow on his programming language jai
like,Lets Play  Part 1
like,Lets Try Opus Magnum  Design and Build Alchemical Machines
like,Mario Kart World  Full Gameplay Walkthrough Part 1  Mushroom Cup 150cc Grand Prix
like,Revealing 5 Secret Magic Tricks With Science
like,Revisiting Wordle Games
like,TOP 30 BEST NEW Nintendo Switch Games in 2025
like,Tackling the Biggest Unsolved Problems in Math with 3Blue1Brown
like,The Top 100 Indie Games You Must Play
like,The Witness  Part 1  Puzzle Memory  Lets Play  The Witness Gameplay Livestream
like,This Video Took Us 8 Years To Make
like,Tetris Effect Connected murdering a horse with a 80attack KIRBTRIS
like,10 Creative Cozy Puzzle Games You NEED to Play on Nintendo Switch
like,A history of attempts to fix English spelling
like,Boring History For Sleep  WEIRD Sleep Habits of Medieval People and more
like,Cicada 3301 An Internet Mystery
like,Closed captions on DVDs are getting left behind
like,Conquering the Whole Island to Summon a Giant Laser Beam
like,Creators Voice Special Edition  Nintendo Switch 2s Custom Processor
like,DOMINOID  Gameplay  No Commentary
like,Death Squared  3  Death Point 4 Player Gameplay
like,Do You Even Need a Switch 2 Pro Controller
like,Exclusive Interview The Talos Principle 2
like,Exploiting the game to make myself smarter
like,Fall asleep while I play Stardew Valley
like,First Time Android Experience
like,From Chaos to Crops What Stardew Valley Taught Me About Time  OneGenericEric
like,Giulliana Merello Hears The Police For The First Time
like,Gloomhaven 2nd Edition Playthrough with Isaac Childres
like,Goodbye Nintendo Switch and Thank You Truly
like,Guess What Cartoon Character Julia is Describing I Dare You
like,HalfLife 2 20th Anniversary Documentary
like,Hidden Gem by Shinen  Fast Fusion Developer  The Punchuin  Nintendo Switch  gogamego
like,How To Make Indie Games In 2025 w Jonathan Blow  Full Time Game Dev Podcast Ep 024
like,I Fought Against a Team of Pro Tetris Players
like,I Programmed an Extremely Efficient ICE CREAM FACTORY  20th Century Food Court
like,I am become baba destroyer of worlds  Baba is you
like,I played every single Pikmin game
like,Intense Tetris Battle Royale Tetrio
like,Is This The Greatest Card Game Of All Time  Board AF Flip 7
like,Its Time to Jailbreak Your Kindle
like,Kirbys Return to Dream Land Deluxe  Full Game 100 Walkthrough
like,Lets Play Opus Magnum  PC Gameplay Part 2  Comprehension
like,Lets Play WHITEHALL MYSTERY  Board Game Club
like,Lets 100 Speedrun New Super Mario Bros Wii
like,Lumines Review for the PlayStation Portable
like,Major Payne
like,New Monster Collector Where You Play As The Monster  Voidling Bound Demo
like,Nintendo Switch 1 Celebration  Our Favorites  Disappointments over 8 Years  MY LIFE IN GAMING
like,Nintendo Switch 2 UI sounds
like,Nintendo Switch 2 Unboxing  Whats In the Box
like,Nintendo Switch Online and Nintendo Switch Online  Expansion Pack  Overview Trailer
like,Promise Mascot Agency  Fully Ramblomatic
like,Roasting Corporate Pride Month Collections What happened Target
like,Rune Factory Guardians of Azuma Gameplay  Nintendo Switch  Save the gods
like,Skara Brea  Solo Playthrough
like,Stardew Valley  366 The Bottom of the Dangerous Mine
like,State of Play  June 4 2025 English
like,Steph Curry  Chris Paul Duel In Christmas Classic  NBA Classic Game
like,Summer Day 17 Year 2  Modded Daily Stardew Valley Lets Play  Day 157
like,Super Mario Galaxy The Complete 200 Run
like,TETRIS EFFECT Grand Master Level 100 Expert Journey
like,THE GARDENS BETWEEN PS4 PRO  Platinum Trophy Guide Walkthrough Easy 12 hr Platinum
like,TOP 25 UPCOMING Nintendo Switch Games for 2025
like,TOP 50 Best Nintendo Switch Games You Need To Play At Least Once
like,Tetris Effect Connected Longplay  Journey Mode Full Playthrough
like,The 20 WORSTSelling Switch Games
like,The Book of Life
like,The Gardens Between  100 Full Game Walkthrough  All AchievementsTrophies  FREE with Game Pass
like,The Gardens Between  Full Gameplay Walkthrough Video iOS Android
like,The History of Wii Sports World Records
like,The Hitchhikers Guide to the Galaxy
like,The Horrifying World of PS1 Games for Babies  Caddicarus
like,The Mockery Unbelievable
like,The NEW No Time To Relax  Walk of Life Demo Gameplay
like,The Prehistoric Planet Pack a summary of the new features
like,The Ridiculous World of PS1 Cheats  Caddicarus
like,The Story of Tetris
like,The Strangest Extinct Creatures Ever Found
like,The TRAGIC Story of Mega Man Legends
like,They Know Theyre Getting Fired
like,We Play The Witness with Jonathan Blow
like,Weve Played Nintendo Switch 2 Welcome Tour  Is It Any Good
like,What If It Rains Bananas For A Single Day Spoiler Its Bad
like,pixars LUCA is incredibly underrated
like,its a gloomy afternoonlets play stardew valley   1hr cozy asmr gaming vlog
like,The Entertaining Rank Push Stumbles Ever   Live Now MEOW
like,naneinf explained ALL methods
like,1 Hour of Portable Games to Fall Asleep To
like,10 JRPGs With Adult Protagonists and Mature Stories  Backlog Battle
like,10 NEW PC Graphics To Push Your PC TO THE LIMIT
like,12 Things I Wish I Knew When I Started Fantasy Life i The Girl Who Steals Time
like,15 BIGGEST Games Coming to Nintendo Switch in 2025 You Need to Know About
like,2 Hours of Super Nintendo Facts to Fall Asleep to SNES
like,27 Indie Games You NEED To Try or else
like,5 Flash Games with full Steam sequels  Back in a Flash 1
like,50 Archaeological Mysteries Science Cant Explain
like,7 Crimes You Can Commit in Mario Kart World
like,7 Humiliating Fighting Game Finishers Too Embarrassing to Survive
like,70s Singalong Classic Has Been ERASED From RADIO for Being Culturally INSENSITIVEProfessor of Rock
like,A Bad Moon Rises  NRB Play Blood On The Clocktower
like,A Fishing Life  Stardew Valley  Indie Game Weekend  Trilightning
like,A Fresh Start In Terraria
like,A Huge Storm Engine Is About To Ignite
like,A Stud In Scarlet  NRB Play Blood On The Clocktower
like,A World Without Fruit
like,ASMR Good Good Good  Ear To Ear  Mouth Sounds
like,ASMR Spooky Seance
like,ASMR  Necromancer Inspects You SoftSpoken Personal Attention Roleplay
like,Air Traffic Control Last Week Tonight with John Oliver HBO
like,Alex Warren  Ordinary 2025 American Music Awards
like,All 24 Games Coming to Nintendo Switch 2 at Launch
like,An Autopsy of House MD
like,An amazing thing about 276  Numberphile
like,Animation doesnt HAVE to be hard
like,Arcs is 2024s Best New Board Game
like,Avantris Plays REPO  Spooky Hilarity with FirstTime Players
like,Avatar Frontiers of Pandora  Fully Ramblomatic
like,BEST Cozy Games of 2023 and WORST
like,BIRTH MONTH ATHON  Adventure of the Oblivious Medic
like,Baba Is You by Punchy in 2239  Summer Games Done Quick 2020 Online
like,Back To Rivals Ranked
like,Balatro but with Pokémon Cards
like,Benson Boone  Momma Song Official Music Video
like,Best Couch CoOp Multiplayer Games on Nintendo Switch
like,Biped  WADDLE OUR ROBO FEET 2Player Coop Gameplay
like,Biryani from 16th Century India
like,Bisnap Streams Isaac Repentance  Part 1120
like,Black Holes Son  Ultimate Chicken Horse
like,Blazing Saddles 1974 20 Weird Facts You Didnt Know
like,Boring History For Sleep  What Medieval JUNK FOOD Was Like and more
like,Boring History For Sleep  Why You Wouldnt Last a Day in Medieval Times and more
like,Breaking All The Rules  Baba Is You  Episode 1
like,Bringing 6 Pigs and 24 Chickens to an OffGrid Island
like,But what is quantum computing Grovers Algorithm
like,Can Roguelikes be Cozy Games
like,Can We Taste The Fake Egg
like,Can Zelda NPCs Actually Reach Their Destinations
like,Can we Improve Tutorials for Complex Games
like,Carto  100 AchievementTrophy Guide  Full Walkthrough FREE with Xbox Gamepass
like,Casual Player Accidentally Makes a HUGE Discovery That Speedrunners Missed
like,Casually Explained Engineering
like,Cattle Country  REVIEW Nintendo Switch
like,Chillhop Radio  jazzy  lofi hip hop beats
like,Couple Therapy Eleanor and Chidi from THE GOOD PLACE
like,Cozy Café Lofi with Waffle the Otter  Soft Beats lofihiphop chillmusic coffeemusic studymusic
like,Craft Your Own Cards in This Super Cute Roguelike Deckbuilder  My Card is Better Than Your Card
like,Crash Bandicoot  Complete 100 Walkthrough  All Gems All Boxes All Bonus Stages
like,Cryptmaster  Fully Ramblomatic
like,Cuphead Developers React to 23 Minute Speedrun
like,Dark Academia QI Morbid and Dark but Interesting Facts
like,Death Squared  Level 2130 Walkthrough Gameplay  ios
like,Decoding the Secret Language of Stray
like,Desperloch  Age of Umbra  Episode 1
like,Disney Just Admitted The Truth
like,Disneys Pair of Kings A Criminal Empire
like,Do Not Enter The Game Industry  final V3
like,Do You Feel Isolated Rush Limelight Vocal ANALYSIS
like,Dominos App feat Hatsune Miku The ad that vanished from YouTube
like,Doom 64  What Happened
like,Dr Seuss The Lorax
like,Drawing Classic Drawfee Characters That Weve Never Drawn Before
like,Drive Thru Guy Cant Be Fooled
like,Duolingo for Talking to Children  SNL
like,EPIC is the Most Exciting Musical in Years
like,EVERY New  Removed Character from Mario Kart World
like,Entomologist Answers Insect Questions  Tech Support  WIRED
like,Eternal Strands  Fully Ramblomatic
like,Every Acting Oscar Winner of the 2020s Ranked
like,Every Fully Ramblomatic 2023  2024
like,Every Unsolved Geometry Problem that Sounds Easy
like,Everybody Loves Puppets  NRB Play Blood On The Clocktower
like,Everything we know about Haunted Chocolatier  Cozy Corner
like,Fallout Mr House Phonk Edit Death Is No More  𝐀𝐒𝐏𝐈𝐑𝐀𝐓𝐈𝐎𝐍𝐀𝐋 𝐏𝐇𝐎𝐍𝐊
like,Fallout Mr House Phonk Tribute AUDIO ONLY
like,Feud ERUPTS as Elon ATTACKS Republicans in surprise move
like,Filet Mignon Fondue Doesnt Go Well  Kitchen Nightmares FULL EPISODE
like,Final Fantasy VI Lofi  Beats from the Ashes of Magic
like,Finally A DD video creating magic items
like,First Time Playing This Game  Stardew Valley
like,First Update From Dianna Physics Girl
like,First Update From Dianna Physics Girl
like,First Update From Dianna Physics Girl
like,Flowing Peace  Restful Nights in Natures Arms  sleep  relax  enjoy life  ASMR
like,Food Theory Can Humans Survive on Pet Food
like,Fortress of Hope session 8 on Bugbears Basement
like,Gender Inclusive Bibles EXPLAINED
like,Germany vs Portugal UEFA Nations League Semifinals Highlights  FOX Soccer
like,Glohm Bowser Boss Fight  Mario  Luigi Brothership  Full Game Walkthrough Part 33
like,Going Under Nintendo Switch Gameplay
like,Going to Ginger Island  Stardew Valley No Commentary Relaxing Gameplay for study sleep etc
like,Gone in Sixty Seconds
like,Goodbye Nintendo Switch Family of Systems
like,Gordon Baffled By Thin Crust Pizza  Kitchen Nightmares FULL EPISODE
like,HalfLife but its CoOp  Sven CoOp Part 1
like,Halo Legendary Trilogy Speedruns  WR Attempts  Goal  Sub 340
like,Heavy Stormy Night with Torrential Rainstorm  Very Huge Thunder On Tin Roof for Deep Sleep  ASRM
like,Hollow Knight fanatic plays Ori for the first time  Ori and the Blind Forest 1
like,Hollow Knight speedruns are much harder than you think
like,Honest Trailers  A Minecraft Movie
like,Honest Trailers  Monty Python and the Holy Grail
like,How 1990s Magic Eye 3D Images Were Made
like,How Many Stars Are Needed to Beat Mario 64 DS
like,How Ocarina of Time Built 3D Zelda
like,How One Company Secretly Poisoned The Planet
like,How Reeses Peanut Butter Cups Are Made In Factory
like,How To Fail At Puzzle Games
like,How Ukraines devastating surprise attack on Russia is a game changer for global military strategy
like,How We All Got Obsessed With A 6 Dripper
like,How to Play Scoundrel a SOLO DUNGEON CRAWL with a deck of cards
like,How to Survive the Current State of the World
like,I Built a DD City out of PAPER
like,I Can CHANGE Reality  Baba Is You
like,I Coded Your Absurd Speedrun Ideas into Minecraft
like,I Didnt Realize How Big This Problem Was
like,I Got EVERY 3 Star In Cut The Rope
like,I Platinumd the BEST PLATFORMERS on PlayStation
like,I Played 9 of The Most UNDERRATED Indie Games on Steam
like,I Spent 5000000 So You Can Go To Space For FREE
like,I Spent 5000000 So You Can Go To Space For FREE
like,I Tested Illegal Operating Systems
like,I Tried Every Famous Cartoon Food
like,I Tried Every Oreo Flavor
like,I Tried Every Sandwich in Japan
like,I bought every Nintendo Handheld EVER
like,I built the house from UP in Minecraft
like,I made a big three headed wolf
like,I played the 10 best indies on the Nintendo Switch in 2025
like,I was almost in Squid Game
like,If I Laugh I Lose Money or You Double It and Give It To The Next
like,Inner Balance  432Hz  111Hz Healing Calm  Inner Peace  Release All Blockages Meditation  Sleep
like,Inside Ukraines secret deep strike against Russian bombers  About That
like,Into the Dead Our Darkest Days  Future Games Show Trailer
like,Investors Want In Game Ads Valve Is Blocking Them
like,Is Microsoft About to Fix USB
like,Is Random Better Than Mashing One Button in Mario Party
like,Is There A Simple Solution To The Fermi Paradox
like,John Oliver Is Still Paranoid About His Immigration Status After Becoming an American Citizen
like,Jon Stewart on Elon Musks BlackEyed Exit  Trumps Insane New Biden Conspiracy  The Daily Show
like,Jump ship demo wrealCheesbugga
like,Kosmocean  The Endless Sea  Demo gameplay  Chill under water exploration aside from the deaths
like,Kurn Plays Blue Prince Ep 43 Two short days
like,Learning Crossword Week 56  NYT Crossword Wednesday June 4th 2025
like,Lego Games  Scott The Woz
like,Lemmings How DMA Design Redefined Puzzle Games
like,Less talk more action  Lofi for study work  with Rain sounds
like,Lets Play All of Super Mario Sunshine
like,Lets Play Bravely Default 2 Part 1 PC A Bravely Third Blind
like,Lets Play Drop Duchy  You play well Simple Mistakes
like,Lets Play MOONRAKERS  Board Game Club
like,Lets Play THE THING INFECTION AT OUTPOST 31  Board Game Club
like,Lets Play WESTERN LEGENDS  Board Game Club
like,Lets Play Word Play
like,Lets Play Hades  Part 53  No Boon Run
like,Level 1 to 100 Philosophy Concepts to Fall Asleep To
like,Like a Dragon Infinite Wealth  Fully Ramblomatic
like,Lilo and Stitch But Disney Ruined It
like,Literary Analysis of The Witness
like,Lumines Remastered Basic Challenge Complete
like,MARIO MAKER Wii Obstacle Course Challenge Part 1 on HobbyKidsGaming
like,Making a Ton of Enemies for my Indie Game
like,Making fun of MORE Luxury Homes
like,Making the worlds most powerful Red Bull
like,Minecrafts FUNNIEST Animation MOVIE
like,Monument Valley Review
like,More Indie Games You Missed probably i still dont know your life
like,More Reddit writing Pickup Lines one word at a time
like,Most Iconic Moments  Taskmaster
like,My Assistant became my Boss for the Day  AMD 5000 Ultimate Tech Upgrade
like,My Best Idea Yet  Will This Change Woodworking
like,My Perfect Value Everyday Tech
like,My Silliest Expansion To The ZOO  Stealing Tango  Hermitcraft 10 Episode 39
like,Neko made it to the elimination round The Dup CupVTuber
like,New ITEM SYSTEM in Mario Kart World EXPLAINED Full BreakdownAnalysis
like,Nintendo Switch 2 LAUNCH Sales PREDICTIONS
like,Nintendo Switch 2 UI  Home Screen Tour
like,Nintendo just tried to defend their greed
like,No More Insomnia  No Ads SoulResting Sleep Music Increase Deep Sleep  Melatonin Release
like,No Way Home iOS Gameplay Preview Part 1 by SMG Studio
like,No Way Home iOS Gameplay Preview Part 2 by SMG Studio
like,No one actually knows why AI works
like,OH LORD SHOW ME MERCY IN JUNE JUNE SPECIAL NEW MONTH PRAYERS  DAY 3  NSPPD  4TH JUNE 2025
like,OMG Switch 2  Mario Kart World LIVE
like,ONE OF THE BEST STEAM DEALS  15 Must Buy Games on May 2025
like,ONE PIECE Season 2  Chopper First Look  Netflix
like,Old pinball machines are amazingly complex
like,One Hour of Nintendo Piracy Facts
like,Optimizing An Extremely Satisfying Robot Factory  Manufactoria 2022
like,Opus Magnum Makes My Brain Melt Through my Ears
like,Paper Mario Color Splash  Gameplay Walkthrough Part 4  Cherry Lake 100 Nintendo Wii U
like,Pico Park  WORK TOGETHER DANGIT 4Player Gameplay
like,Pikmin Lets Play Livestream
like,Pokémon Scarlet  Violet Look GLORIOUS in 60fps on Switch 2
like,Pokémon Ultra Moon Hardcore Nuzlocke  Water Types Only No items no overleveling
like,Possibly The Greatest Puzzle Box Ever Created
like,Price Hikes Could Cost Nintendo Big Time
like,Puerto Rican Ropa Vieja Dragged Me Out of the Kitchen
like,RULE IN THE MIDST OF YOUR ENEMIES HELP HAS COMENEW MONTH PRAYERS DAY 4  NSPPD  5TH JUNE 2025
like,Rain on Your Parade Nintendo Switch Gameplay
like,Random Stuff In The Geek Cupboard
like,Ranking Every Kirby Game
like,Ranking Every Mario Kart Game
like,Ranking the BEST Nintendo Switch Games
like,Rapha vs Strenx  wCommentary QuakeCon 2011  Grand Final  QuakeLive Duel  4k60fps
like,Rarity Retro Video Game Collecting in the Modern Era
like,Reacting to EVERY Mario Kart 8 Deluxe 150cc World Record
like,Real Reason Americas New Iron Dome Terrifies The World
like,Revealing The Light
like,Reviewing a Bunch of RPG Maker Games
like,Rimworld  15  No DLCMods  Max Difficulty  Ep 7
like,Rob Riches World 1 Walkthrough  iOSAndroid Gameplay by Megapop
like,Robin Hood Men In Tights
like,Robocop Rogue City  Fully Ramblomatic
like,Ruby Ibarra 2025 Tiny Desk Contest Winner Tiny Desk Concert
like,Russias WORST Day of the War
like,SIDEMEN REVERSE CATEGORIES
like,Secrets of the Gungeon  Explaining the Secret Hidden Unlockables of EtG
like,Shane Gillis  Steve Gerben get Catfished Gay Jokes with the Boys  Tires 2
like,Shovel Knight is a Timeless Masterpiece
like,SimCity 3000 25 Years Later An LGR Retrospective
like,Skull and Bones  Fully Ramblomatic
like,Solving a Harvard University Entrance Exam Question  Find x
like,Some Very Spaghetti Swap ft Yoshi100_AUS  Puyo Puyo Tetris 2
like,Someday Youll Return  Part 3  Trust me You wont be scared when you click
like,Someone Made a Parody of The Witness And It Is HILARIOUS The Looker
like,Something Strange Happens When You Keep Squaring
like,Something Strange Happens When You Trust Quantum Mechanics
like,Sony State of Play June 2025 Livestream
like,Split Fiction  Fully Ramblomatic
like,Sports Betting Last Week Tonight with John Oliver HBO
like,Stardew Valley 16 E135  Going To The Movies By Ourselves
like,Stardew Valley Cozy Longplay No Commentary  Episode 49 Spring Week 1 Year 4
like,Stardew Valley newstart 7
like,Stardew Valley speedruns are not as relaxing as you think
like,Stardew Valley with Dank Hank
like,Stardew Valley  365 Fishing Mastery
like,Stellar Blade  Fully Ramblomatic
like,Sudoku Expert Plays The Witness
like,Super Mario Kart Early Prototype Builds  LOST BITS TetraBitGaming
like,Super Mario Odyssey  Gameplay Walkthrough Part 1  Cap and Cascade Kingdom Nintendo Switch
like,Super Mario Party Jamboree  Full Game 100 Walkthrough Story Mode
like,Super Marios Invisible Difficulty Settings
like,Super Metroid INSANE Rando Metroid 1 Samus CHALLENGE IPWILD MapBEAM Doors Part 1
like,Super Sunday Stream Lets play Super Metroid
like,Surfs Up
like,Switch 2 Buyers Guide What you ACTUALLY need at launch
like,Switch 2 HandsOn 7 Most Unexpected Things
like,Switch Up Shuffle Physical Fiesta Day 5 31525
like,Switch Up Shuffle Physical Fiesta Day 5 31525
like,TETRIS EFFECT CONNECTED  Forest Dawn
like,THE BEST GYM PHONK 2024  BEST PHONK MUSIC PLAYLIST  GYM AGGRESSIVE DRIFT FUNK  Фонк 2024 037
like,TOMO PLAYS  The Legend of Zelda A Link To The Past  PART 6
like,TONS of New Mario Kart World Info Is HERE The REAL Direct
like,TOP 30 BEST METROIDVANIA Games on Nintendo Switch
like,TOP 50 BEST Cozy Games on Nintendo Switch to Play in 2025
like,Taking Minecraft Steves Power EVEN FURTHER BEYOND
like,Team Mark vs Team Duke I DreamCon Charity Basketball FULL GAME
like,Tetris Effect Connected ZONE BATTLE ROAD to10k for TECWC 2025 06  01
like,Tetris Effect Launch Trailer  PS4 Optional PS VR
like,Tetris Effect and Other Games with Immaculate Vibes
like,Texts from 5YearOlds
like,The 10Year Hunt for the Lost McDonalds DS Game
like,The 100 Games That Taught Me Game Design
like,The 100 Games That Taught Me Game Design
like,The 3 Types of Detective Game
like,The 3 Types of Detective Game
like,The 6 Years of Engineering Behind The Nintendo Switch 2
like,The Bizarre Lore of Donkey Kong
like,The COMPLETE History of Shin Megami Tensei All 50 Games
like,The Cauldron Finale
like,The Complete LEGEND OF ZELDA Timeline Explained
like,The Evil Design of Auschwitz
like,The Fastest MazeSolving Competition On Earth
like,The Final Boss of The Witness  The Challenge
like,The Final Tournament
like,The Finals
like,The First 12 Minutes of Game Changers Crowd Work Challenge Episode
like,The First Perfect Game of Tetris Just Happened
like,The Gardens Between 51  Walkthrough  Playthrough
like,The Gardens Between Switch Review  NEVER SEEN THIS BEFORE
like,The Genius AI Behind The Sims
like,The Great Outdoors Baer Plays Blue Prince
like,The HARDEST Part in Every Zelda Game
like,The Hidden Shortcuts of Mario Kart Double Dash
like,The Horrifying World of PS1 Games for Babies  Caddicarus
like,The Inhuman World of Completing Crash Bash 200  Caddicarus
like,The Internet Used to Be a Place
like,The Map of Mathematics
like,The Most Implausible Tunneling Method
like,The Nintendo Switch 2 MIDNIGHT RELEASE LIVE
like,The Peanuts Movie
like,The Perfect Kirby Speedrun Explained COMMENTATED TAS
like,The Power of Incentives  How Games Help Us Examine Our World  Extra Credits
like,The Power of Incentives  How Games Help Us Examine Our World  Extra Credits
like,The Problem with 3D Pokémon
like,The REAL Reason Subway Is Failing
like,The Simplest Math Problem No One Can Solve  Collatz Conjecture
like,The Story of the Super Mario Land Series
like,The Talos Principle 2 OST
like,The Tiny Telo Truck Hopes to Pack a Big Truck Punch
like,The Two Types of Random in Game Design
like,The WORST Anime of All Time  10th Anniversary
like,The World Design of Hollow Knight  Boss Keys
like,The Worlds Hardest Golf Course Oakmont Country Club
like,The correcting feature of typewriters is not what I thought
like,The end of spring  Stardew Valley 3
like,The rules of this game change as you play it
like,The trillion dollar paradox  George Zaidan
like,Theres no straight stacker  Insane Factory EP01  Shapez 2  Dimensions Update
like,These Have Been Found All Across Ancient Rome Nobody Knows Why
like,They Tore Down a Highway and Made it a River and traffic got better
like,They Turned an IKEA Manual into a Roguelike
like,This Mining Tower Defense Roguelike is SO GOOD
like,This Next Storm Looks Very Concerning
like,This Run Just Hit LEGEND Status
like,This game SHOULD BE ILLEGAL
like,Three sages down two to go  Tears of the Kingdom race continues against 100PercentZelda
like,Thrive The Evolution of a Game
like,Top 10 Upcoming Action Games Nintendo Switch 2 with Release Dates
like,Trinity Trigger Nintendo Switch Gameplay
like,Trouble With Violets  NRB Play Blood On The Clocktower
like,True Wireless Power is FINALLY here building a TRULY wirefree setup
like,Trumps Big Beautiful Bill Trashed by Elon Donnys New Portrait  Its the Golden Age of Stupid
like,Ukrainian drones strike airbases across Russia destroying dozens of warplanes BBC News
like,Uno But With ALL THE WEIRD DECKS  House Rules
like,Using Incredible Improvisation to Beat Quarry Puzzles
like,Using SEGREGATION to beat high scores in Mini Motorways
like,VFX Artists DEBUNK Ai Slop
like,VFX Artists DEBUNK Ai Slop
like,VFX Artists React to Bad and Great CGi 178 Ft Adam Savage
like,Very Very Valet  Leave No Car Unattended 4Player Gameplay
like,WHATS THAT ABOUT A PIKMIN MOVIE
like,WWR  Got Upgrades gaming robot wwr gameplay
like,Watching the PlayStation State of Play Showcase w Nick and Marty
like,We React To The Smosh Hunger Games
like,We made all 78 Breath of the Wild recipes in one day  Unraveled
like,Weekend Update Colin Jost and Michael Che Swap Jokes for Season 50 Finale
like,What Game Theory Reveals About Life The Universe and Everything
like,What Makes A Great Double Boss Fight
like,What Zelda Content Creators Want From The Next Zelda Game ft 30 YouTubers
like,What if you used a flamethrower as a snowblower
like,What is a Pikmin
like,What is a WitnessLike
like,Whats wrong with American aviation
like,When Robin Williams Broke The Rest of The Cast
like,When Will the Switch 1 Servers Shut Down
like,Why Canada Will NEVER Be The 51st State
like,Why Is The US Dropping Billions Of Mutant Flies From The Sky
like,Why Mario Kart World is THE GAME you need to play in 2025
like,Why are Smokestacks So Tall
like,Why are classic Tetris pros slower than modern Tetris pros
like,Working With Robin Williams
like,Yahtzee Tries To a T and Easy Delivery Co
like,You Cant Convince Me DK64 Isnt a Masterpiece
like,You Must Press Every Button
like,Zelda II The Adventure of Link NES  Angry Video Game Nerd AVGN
like,Zeldas Lofi Kingdom
like,anna garcia is the most underrated dropout performer
like,creative vs inventive
like,cursed and unholy PC CDROM software
like,fishing vibes relaxing video game music calms your mind to study sleep work
like,lofi hip hop radio  beats to sleepchill to
like,lofi hip hop radio  beats to relaxstudy to
like,planes if they were 10000 times better
like,reddit that made me
like,the minecraft movie is utterly bizarre
like,the sage and the king
like,yes the red lines are parallel
like,The Talos Principle II  Full Soundtrack  Unreleased Tracks
like,PIKMIN 2GOING INTO ANOTHER HOLE FOR TREASUREPart 6
like,𝐏𝐥𝐚𝐲𝐥𝐢𝐬𝐭 80s Tokyo Vibes   Lofi hiphop mix  Chill  Study
like,AMAZING Discounts on Todays Nintendo ESHOP Sale  35 MustSee Nintendo Switch Deals
like,BREAKING Tornado Warning In Missouri  With Live Storm Chasers
like,First Time Playing Stardew Valley and I already want to marry Elliot
like,Live 247 National Weather Radar  Alerts Weather Intensity Score  YallBot
like,LIVE  Severe Weather Coverage With Storm Chasers On The Ground  Live Weather Channel
like,Trump administration arrests ANOTHER Democrat
like,Live  We May be Here for Some Time  Mekkablood Quarry Assault
like,10 Minutes of TETRIS EFFECT Music and Gameplay
like,I Played 8 MORE Of The WORST Reviewed Games on Steam
like,Mario Kart World  All Tracks 150cc Full Game Walkthrough
like,The Hidden Shortcuts of Mario Kart Double Dash
like,What Happened
like,Tetris Effect Connected murdering a horse with a 80attack KIRBTRIS
like,10 Reasons Board Games Are Better Now
like,50 Tips  Secrets About Vampire Survivors I WIsh I Knew When I Started
like,Blades of Fire  Fully Ramblomatic
like,Game Theory The Hidden Truth of Aftons Experiments Finally REVEALED
like,How To Make Indie Games In 2025 w Jonathan Blow  Full Time Game Dev Podcast Ep 024
like,I Investigated Malware Disguised as Games 3
like,I Tried Every Sandwich in Japan
like,I bought every Nintendo Handheld EVER
like,Making the worlds most powerful Red Bull
like,Nightshift Board Game Playthrough
like,Puyo Puyo Tetris 1  2 Out of Context 1  other funny moments
like,Sorry I stopped posting but I made another game
like,Tackling the Biggest Unsolved Problems in Math with 3Blue1Brown
like,The Nintendo Switch 2 MIDNIGHT RELEASE LIVE
like,We Play The Witness with Jonathan Blow
like,16 YO UNDERDOG vs 7TIME CHAMP  Classic Tetris World Championship 2018 Final Round
like,20 New Cozy Games Coming This June You Cant Miss
like,40 Complex Games With BRUTAL Learning Curves
like,Board Game Reviews Ep 215 TAK
like,Boring History For Sleep  What Medieval JUNK FOOD Was Like and more
like,Boring History For Sleep  What it was like to visit a Medieval TAVERN and more
like,Carto  100 AchievementTrophy Guide  Full Walkthrough FREE with Xbox Gamepass
like,Drawing Classic Drawfee Characters That Weve Never Drawn Before
like,Even More Indie Games You Missed if i had to guessi cant be sure though
like,Exclusive Interview The Talos Principle 2
like,Firearms Expert Reacts to DOOM The Dark Ages Guns  EXP
like,From Chaos to Crops What Stardew Valley Taught Me About Time  OneGenericEric
like,Heat Pedal To The Metal  How To Play
like,Hollow Knight speedruns are much harder than you think
like,How Many Crystal Stars Does it Take to Beat Paper Mario TTYD
like,I Built a Nightmare Factory That Manufactures Perpetual Mayhem  shapez 2
like,I Fought Against a Team of Pro Tetris Players
like,I ran a DD meatgrinder to become a tougher DM
like,Ive Spent 9 Years Working On My Board Game Was it worth it
like,Is this strategy OP or TROLL  AoE 2 ranking
like,Lets Play HORRIFIED  Board Game Club
like,Mario Kart 8s completely normal Time Trial leaderboards
like,Massive Game Where the ENTIRE HOUSE is a Puzzle  The Room 4
like,New City Builder Synergy 10
like,Nintendo Wants Us To Forget This Game Exists
like,NoSkip Super Expert Endless Level Design Philosophy
like,Ranking EVERY Peashooter EVER
like,Romancing The Stone
like,Terminator Genisys
like,Tetris Effect  E3 2018 Announce Trailer  PS4
like,The ACTUAL History of Bloons
like,The Beauty of Isometric Video Games
like,The Best Ever Indie Games On The Nintendo Switch
like,The Bizarre Lore of Rayman
like,The COMPLETE History of Shin Megami Tensei All 50 Games
like,The Entire History of RPGs
like,The HARDEST Ive LAUGHED  Party Animals
like,The Item NO ONE Found Until Now
like,The Problem with 3D Pokémon
like,The Simplest Illusion We Cant Explain
like,The Witness Documentary
like,Theres no straight stacker  Insane Factory EP01  Shapez 2  Dimensions Update
like,What Makes Celestes Assist Mode Special
like,Puyo Puyo Tetris intense swap battle vs livedesu 04032018 PC
like,40000 gone Why Im not being paid for my book
like,Mario Kart World Looks BAD
like,124 Every Time I Fail the System Rewards Me With 100x WealthNow I Cant Lose
like,1 Deep Sea Gargantuar Level 40 VS 36 Plants Use Unlimited Power Up  Who Will Win  Pvz2
like,10 Board Games You Need To Start A Collection
like,10 NEW Indie Game Releases THIS WEEK That Will Have Your Wallet Crying
like,10 Pro TIPS For Easy PROGRESS  MONSTER TRAIN 2 Beginners Guide
like,10 Reasons Board Games Are Better Now
like,10 Scrapped Cool Things in Super Mario games Part 3
like,10 Times Video Games KNEW What You Were Trying To Do
like,10 Ways Link can make it up to that Divine Beast on his own
like,15 Perfect 1010 Games You Must Play
like,20 Small Games for a Shoe Box Collection
like,5 Flash Games with full Steam sequels  Back in a Flash 1
like,5 Games of the Decade That We Will Save from the Coming Apocalypse
like,5000 Unlocked
like,60 Seconds REATOMIZED
like,60 Seconds REATOMIZED
like,7 Biggest Red Flags for Game Reveals That Guarantee Its Going to Suck
like,7 Ruthless Decluttering Tricks Seniors Use to Clear Entire Homes in 48 Hours
like,9 DEVS Make a GAME without COMMUNICATING Where did it go Wrong
like,A 1989 TETRIS Expert Plays TETRIS EFFECT for the First Time
like,A Bad Moon Rises  NRB Play Blood On The Clocktower
like,A Brief History of Graphics
like,A Consolidation Move  Empyrion RE2 17 Gameplay  Playthrough
like,A Man Who Sucks At Tetris Plays Tetris Effect
like,A Studio Update  Cancelled Game  New Projects
like,A Summarization of My Thoughts On Monopoly Cheaters Edition VOLUME WARNING  I Mess With Games
like,A viewer had the most ingenious idea for a Summoner build  Hades 2 Warsong Update
like,AI Teachers and Duolingos New Plan  What Could Go Wrong
like,AI Decides on Absurd Trolley Problems
like,AI Learns to Play Soccer and breaks physics
like,Air Traffic Control Last Week Tonight with John Oliver HBO
like,Americas Forgotten Natural Wonder The Great Raft
like,Americans Samurai  The 442nd Infantry  Most Decorated Unit of WW2
like,An Engineer Ranks All The ZACHTRONICS Game
like,Analyzing the Lizard  The Complete Guide to Rain Worlds Lizards
like,Animal medium Well ALL EGGS Maybe Deaths Door later
like,Attempting to Explain All of Kirby Lore in a Single Video
like,Aurbis The Heart of All Realities in Elder Scrolls
like,BEST Cozy Games of 2023 and WORST
like,BGGs Top Board Games Are They Overrated  Part 4
like,Baking brownies from the inside out
like,Basic Fun WrestleFest Cab REVEALED Is it doomed to fail
like,Beating Miitopia Exactly How Game Journalists Intended
like,Black Holes Son  Ultimate Chicken Horse
like,Blend in or DIE
like,Blue Prince Part 41  The Swim Trunks and Sanctum
like,Boring History For Sleep  WEIRD Sleep Habits of Medieval People and more
like,Boring History For Sleep  Why it Sucked to Be a Medieval Assassin and more
like,Botanist Explains All GrassType Pokemon
like,Buff So Hard Everything Explodes  Monster Train 2
like,Can A MAX Level CabbagePult Solo ALL of PvZ2
like,Can I Remake Super Mario World in Godot Part 1
like,Can I win against the STRONGEST Faction  AoE 2 Ranking
like,Can Roguelikes be Cozy Games
like,Can You Beat Paper Mario The ThousandYear Door Without Using Money
like,Can a Professional Engineer beat the IMPOSSIBLE quiz
like,Can you beat Deathworld with NO WEAPONS
like,Can you beat Mario faster than an EDITED Video
like,Casual Player Accidentally Makes a HUGE Discovery That Speedrunners Missed
like,Casually Explained Engineering
like,Cheating Expert Answers Casino Cheating Questions  Tech Support  WIRED
like,Chopping all the Trees in Stardew Valley
like,Cicada 3301 An Internet Mystery
like,Civ 7 Switch 2 Release Date and Features Revealed in New Trailer  Will it be worth it
like,Clair Obscur Expedition 33  Before You Buy
like,Closed captions on DVDs are getting left behind
like,ConcernedApe Talks Stardew Valley 2 w Bobby Lee
like,Create a Soccer Game in Godot 0224 Basic Movement
like,Crypto Explained with Bananas
like,Death Squared  2  Offensive Cubism 4 Player Gameplay
like,Diablo 2 But Im Putting ALL My Stats Into Strength
like,Do NOT Play Google Translated Mario Kart
like,E X P A N D I N G to THE STARS in Factorio
like,EVERY SINGLE Vault Experiment In Fallout Explained
like,EVERYTHING To Know About DBDs FNAF Chapter
like,EX3 Ceraphina 2T feat Lightening Team  Octopath Traveler Cotc
like,EX3 Ceraphina 2T feat Lightening Team  Octopath Traveler Cotc
like,EX3 Judah the Believer 3T feat Bow Team  Octopath Traveler Cotc
like,Emulators Vs DecompsRecomps
like,Every Minecraft Mob Secrets in One Video
like,Every Softlock in Portal
like,Everyone Hates Nvidia
like,Exploring The Overlooked Final Doom on PS1
like,Fields of Mistria  Lets Play Ep 41
like,Fields of Mistria  Lets Play Ep 42
like,Film Theory WTF is Smilehood
like,Final Fantasy VII Has Some Weird Secrets
like,Finally no more wheels but theres a catch   Timberborn S2 Ep 10
like,Finals  2016 Classic Tetris World Championship
like,First Update From Dianna Physics Girl
like,Food in the Trenches of World War One
like,Gameplay  Opus Magnum Part 1  The Basics of Alchemy
like,Games Leaving PS Plus July 2025  Predictions  Recommendations  Last Chance To Play
like,Games You Should Only Play Once
like,Games that Break all the Rules
like,Google Search Drops Below 90 For First TimeWhat Happened
like,Google Search Drops Below 90 For First TimeWhat Happened
like,Great Puzzle Game Alternatives to Tetris
like,Hades Developers React to 25 Minute Fresh File Speedrun
like,Hbomberguy but the questions get worse
like,Hedgesville High School Nest Live Stream
like,How 1990s Magic Eye 3D Images Were Made
like,How Balatro Was Made and Why The Creator Expected to Sell Only 6 Copies
like,How Cuphead Was Made and Struggled Finding The Right Protagonist
like,How Fast Can You Softlock Every 3D Zelda Game
like,How I Beat Plants Vs Zombies Blindfolded
like,How Many Stars Can You Get in Mario 64 Without Entering Paintings
like,How NOT to make an indie game
like,How Speedrunners Beat Donkey Kong Country in Under 8 Minutes
like,How To Fail At Puzzle Games
like,How a CPU Broke Mario Kart 7
like,How to play Monopoly Go to Jail Expansion
like,I Accidentally Found a PHENOMENAL TROLL Level
like,I Can CHANGE Reality  Baba Is You
like,I Chopped The Last Tree And Now Im Free  Lumberjacked
like,I Finished My First Game
like,I Finished My First Game
like,I Fully Completed EVERY HalfLife  Portal Game
like,I Got ONE MILLION on EVERY Minigame in Cauldron
like,I Hate The Witness I Love The Witness
like,I Made A Difficult Game About Climbing
like,I Played 100 of Stacklands
like,I Spent 365 Days Remaking Super Mario World In 3D
like,I caught bugs and made them FIGHT
like,I competed in the biggest puzzle contest in America And my new strategy worked
like,I created a NEW Legacy Challenge for The Sims 4
like,I played every single Pikmin game
like,I programmed some creatures They Evolved
like,I stream on Kick now
like,I went AFK and Speedran This Game  Peglin Is A Perfectly Balanced Game With No Exploits
like,IM BACK Find The 10 Hidden Treasures  LEGO Clue Puzzle
like,Ive Spent 9 Years Working On My Board Game Was it worth it
like,Idiot Suffers In Trial Of The Sage Leaf
like,Incremental Tower Defense With Branching Builds  Outhold Demo
like,Indie games are the enemy now
like,Interval 5 Assist Mode Luminous Azure Sword of Convallaria
like,Investors Want In Game Ads Valve Is Blocking Them
like,Is Grindstone worth playing more
like,Is It Possible To Make Guitar Hero Using Only A Guitar
like,Is There A Simple Solution To The Fermi Paradox
like,Is the Nintendo Switch 2 BETTER or WORSE than a PS5
like,Jon Stewart on Elon Musks BlackEyed Exit  Trumps Insane New Biden Conspiracy  The Daily Show
like,Just Shapes  Beats  MUSICAL BULLET HELL 4 Player Gameplay
like,LAST VANGUARD v10 Gameplay Walkthrough FULL GAME No Commentary  ENDING
like,Legend of Zelda GOLD QUEST Part 6 Unfolding Like a Randomizer
like,Lets Play  Part 1
like,Lets Play  Part 1
like,Lets Play Blue Prince 35  School is in session
like,Lets Play Drop Duchy  You play well Simple Mistakes
like,Lets Play Syberia The World Before Part7 Burned Bridges
like,Lets make a character for Critical Roles new game
like,Link And Zelda  Panoply Of Catalia PanoplyOfCatalia Zelda Link
like,Literary Analysis of The Witness
like,Lumines Remastered  Endless Challenge Mode  Score 5262301
like,METAPHOR REFANTAZIO Amazing Game Arrived on GAME PASS Testing on XBOX SERIES S
like,MONGOLS pushing with PERSIANS BYZANTINES and BURMESE
like,Magic Systems Should Be Weirder
like,Making a Roguelike Where Everything Has Gravity
like,MaliciousCompliance  Follow The Time Exactly If You Insist
like,Mario Kart World  Full Gameplay Walkthrough Part 1  Mushroom Cup 150cc Grand Prix
like,Mario The Infamous History of Level 52
like,Mars Power Industries Deluxe Review  Puzzle  Mystery  Addictive
like,Mindblowing graphical tricks in classic games  Your questions answered  White_Pointer Gaming
like,Monster Train 2 Covenant Climb  Livestream
like,Monster Train 2 Session 8
like,Monster Train 2 with GSP
like,More Indie Games You Missed probably i still dont know your life
like,Mustplay Pico8 Games
like,NEW Nintendo Switch 2 News Just Dropped
like,New Chapter Approved Tau vs vs Sisters of Battle Warhammer 40k in 40m Battle
like,New maths discoveries All announced at once
like,Nintendo Switch 2 Unboxing  First Gameplay
like,Nintendo Switch 2 Unboxing  Whats In the Box
like,Nintendo Switch Has So Many Tetris Games
like,Nintendo is opening Pandoras box to destroy Palworld
like,Nintendos change of TOS isnt news peoples apathy is
like,ONE OF THE BEST STEAM DEALS  15 Must Buy Games on May 2025
like,Oblivion Remastered is A PERFECTLY BALANCED GAME WITH NO EXPLOITS  Making A New God
like,Old McPenge Had A Farm  Leaf Town TurnBased Farm Management Game
like,Old Skies  Fully Ramblomatic
like,Old pinball machines are amazingly complex
like,Opus Magnum is One of the Best Puzzle Games and Ive Never Played It
like,Out of This World The Weirdest Sitcom 80s Kids Cant Forget
like,Over an hour of Star Destroyer lore
like,Overcooked TESTED Our Friendship
like,PUT THE POOP DOWN  Cult of the Lamb  BossuVersus Live
like,Panic Has A New Face  NRB Play Blood On The Clocktower
like,Pixel Art Class  Top Down Style Analysis  Tutorial
like,PlateUp Coop with Friends Episode 202 Cafe Loco  Lets Play
like,Pocket Journey Adventure Gear Force Slide N Drop Open Pages Ball and Sort  New Games Daily
like,Price Hikes Could Cost Nintendo Big Time
like,PuzzleSolving  Factory Building Fun
like,Ranking EVERY Ironclad Card in Slay the Spire Tier List
like,Ranking Every Mario Sports Game
like,Ranking the Best Puzzle Games for Nintendo Switch
like,Ranking the Worst Nintendo Games
like,Real Reason Americas New Iron Dome Terrifies The World
like,Reality Evolution Consciousness  Donald Hoffman Λ Philip Goff
like,Reviewing a Bunch of RPG Maker Games
like,Revisiting Wordle Games
like,Roasting Corporate Pride Month Collections What happened Target
like,Run Over or Double it and Give it to the Next Person
like,Rune Factory Guardians of Azuma Gameplay  Nintendo Switch  Save the gods
like,Rune Factory Guardians of Azuma Gameplay  Nintendo Switch  Save the gods
like,SIDEMEN REVERSE CATEGORIES
like,SimCity 3000 25 Years Later An LGR Retrospective
like,Six Days Seven Nights
like,Skara Brea  Solo Playthrough
like,Snipperclips  Gameplay Walkthrough Part 1  Noisy Notebook Cut It Out Together Nintendo Switch
like,Snow White  How to Make a Movie That Everyone Hates  Anatomy of a Failure
like,Someone Made Deckbuilder FTL And Its Kinda Awesome  Star Scum
like,Sorry I stopped posting but I made another game
like,Speedrunning Conspiracy Theories w drewisgooden
like,Stardew Valley  366 The Bottom of the Dangerous Mine
like,State of Play  June 4 2025 English
like,Steam Is Drowning In Slop Now Valve Is Fighting Back
like,Suikoden HD Remaster Playthrough Part 101 Recruiting Jabba  The Nameless Urn Obtained
like,Super Metroid INSANE Rando Metroid 1 Samus CHALLENGE IPWILD MapBEAM Doors Part 1
like,Superheroes Office Drama and Total Chaos  Dispatch Demo First Look verticallive
like,TETRIS EFFECT Grand Master Level 100 Expert Journey
like,THE BEST PLAY IVE EVER SEEN
like,THE ENDLESS TUNNEL  Blue Prince
like,THE GARDENS BETWEEN PS4 PRO  Platinum Trophy Guide Walkthrough Easy 12 hr Platinum
like,TOO SMART FOR MY OWN GOOD  Blue Prince
like,TOP 20 BEST METROIDVANIA Games on Nintendo Switch
like,TOP 25 PERFECT 1010 Nintendo Switch Games You MUST PLAY
like,TOP 30 BEST NEW Nintendo Switch Games in 2025
like,TOP 50 MUSTPLAY Nintendo Switch Games Before Switch 2
like,Taskmaster Season 19 Episode 5  Maybe were the monsters  Full Episode
like,Teens Play NES For The First Time Super Mario Bros Punch Out Donkey Kong
like,Testing Extremely Rare Mario Myths
like,Tetris Effect  E3 2018 Announce Trailer  PS4
like,Tetris Effect and Other Games with Immaculate Vibes
like,The 100 Games That Taught Me Game Design
like,The 100 Year Old Mystery of the Empty Hexagon Problem
like,The 20 WORSTSelling Switch Games
like,The Absurd History of Bad Video Games
like,The Awful World of Skateboarding Games  Caddicarus
like,The BEST Nintendo Handheld Facts on YouTube GB GBA DS 3DS  more
like,The Biggest Misconception in Football
like,The Bizarre Lore of Plants Vs Zombies
like,The Bizarre World of Fake Video Games
like,The CRAZIEST puzzle game Ive EVER played
like,The Current State of Diablo 2
like,The Dumbest Things EV Owners Do
like,The Dumbest War Mistakes Ever Made
like,The Elder Scrolls IV Oblivion Remastered Ep 15  Unintentional ASMR Soft spoken stream VOD
like,The Expensive World of the PS5 Launch  Caddicarus
like,The Game NO ONE Can Beat  Kid Icarus NES
like,The Gardens Between  100 Full Game Walkthrough  All AchievementsTrophies  FREE with Game Pass
like,The Gardens Between 62  Walkthrough  Playthrough
like,The Gardens Between 62  Walkthrough  Playthrough
like,The Gardens Between 71  Walkthrough  Playthrough
like,The Gardens Between Switch Review  NEVER SEEN THIS BEFORE
like,The Hidden Shortcuts of Mario Kart Double Dash
like,The Horrible World of Kinect Games  Caddicarus
like,The Horrifying World of PS1 Games for Babies  Caddicarus
like,The LEGENDARY double cloverleaf is OVERPOWERED in Freeways
like,The Legend of Zelda Breath of the Wild  Gameplay Part 1  Link Awakens Nintendo Switch
like,The MIX Summer Game Showcase 2025
like,The Miserable World of Completing Crash Bandicoot 4  Caddicarus
like,The Most POINTLESS Board Games
like,The Most Poorly Timed Nintendo Games
like,The Music Of Final Fantasy X w FinalFantasyUnion
like,The Nintendo character with zero Google results
like,The Protagonist of Ultimate Chicken Horse
like,The Quest to Beat Matt Turk
like,The Rarest of Games  Scott The Woz
like,The Saga of the Body Buried in the Backyard
like,The Starving Games
like,The Story of Super Mario Bros 3
like,The Sudoku With Only 10 Words Of Rules
like,The TEN Levels of Boardgame Complexity and Depth
like,The TRAGEDY of Nickelodeons Glitch Techs
like,The Talos Principle  Full Game Walkthrough All Endings
like,The Talos Principle Timeline  COMPLETE Talos Principle Story  Lore
like,The Top 100 Indie Games You Must Play
like,The Ugly World of the PS2 EyeToy  Caddicarus
like,The Ultimate Guide To Absolutely Everything In The Universe
like,The Unbearable Now An Interpretation of The Witness
like,The WORST Games in Every Nintendo Franchise
like,The Witness  Full Game
like,The Worst Guide To Oxygen Not Included
like,The Worst Minigame In Every Mario Party
like,The book with a multiplayer firstperson shooter inside
like,The console test prep Ixion first time Dune  Mario Kart tomorrow
like,The correcting feature of typewriters is not what I thought
like,The craziest 90s puzzle Ive ever attempted
like,The incredible Metroid remakefor Super Nintendo HOW
like,The origin of Marios iconic jump sound
like,The rules of this game change as you play it
like,The search for LIFE but NOT as we know it
like,The secret economics of Escape Rooms
like,These Brands Made Their Own Flash Games
like,These Have Been Found All Across Ancient Rome Nobody Knows Why
like,These puzzles make engineers look stupid Baba Is You
like,They Turned an IKEA Manual into a Roguelike
like,Things to Add to an Indie Game that Nobody Really Cares About
like,This Fantastic Woodpunk Automation Sim Is Finally Out In 10  Oddsparks An Automation Adventure
like,This Puzzle Game Took EIGHT YEARS To Make  Taiji
like,This Run Just Hit LEGEND Status
like,This Word Explains Everything About US Schools
like,This Worms Video is Finger Lickin Good
like,This mystery game is a 2025 Game of the Year contender Blue Prince  Part 1
like,Top 10 Upcoming NEW Indie Games of June 2025
like,Top 100 Board Games of All Time  101
like,Training AI to Play Pokemon with Reinforcement Learning
like,Trapped in the past  Fantasy Life i 1
like,True Wireless Power is FINALLY here building a TRULY wirefree setup
like,UnderMine 2 Is Finally Here Almost
like,Unicorn Overlord Switch gameplay
like,Using AI to DOMINATE NERDS in TETRIS
like,Using EFFICIENT ENGINEERING to beat high scores in Mini Motorways
like,VFX Artists React to Bad and Great CGi 178 Ft Adam Savage
like,Video Game Optimization Used To Be Borderline Black Magic
like,Vintage Story Ep 715 More Gathering in the Old Neighborhoods
like,WMass Class D Championship Hopkins vs Pioneer  May 28 2025
like,Waffling anything EDIBLE Crayons are edible
like,Want to Test Your MARIO SKILLS Try This Level
like,Was ZARC About To Defeat EVERYONE A Most Brutal Duel
like,We Lied Again  Bit City
like,We need to talk about DDs new class
like,Weve Played Mario Kart World A LOT  Is It Any Good
like,Weird News You Missed While Living Your Life
like,What All of the Original 151 Pokémon are Each Based On
like,What DeleteMe and Incogni arent telling you
like,What Makes These Animations Good
like,What Makes a Game Timeless
like,What Remains of Edith Finch Review
like,What Went Wrong  Chivalry Medieval Warfare Mordhau Mirage and More
like,What Zelda Content Creators Want From The Next Zelda Game ft 30 YouTubers
like,What if SpongeBob Never Met Squidward
like,What if Squidward Never Met SpongeBob
like,What if you used a flamethrower as a snowblower
like,What is a WitnessLike
like,Whatever You Do Dont Let Enemies Touch  Trial  Drop Duchy Road2100 27
like,When Will the Switch 1 Servers Shut Down
like,Who was the first video game boss And why do we call them that
like,Why Disney Infinity Died
like,Why Does Celeste Feel So Good to Play
like,Why I Became a Crypto Shill
like,Why Is The US Dropping Billions Of Mutant Flies From The Sky
like,Why Its SO Hard to Find a Game You ACTUALLY Like
like,Why Lego Is So Expensive  So Expensive  Business Insider
like,Why Video Game Prices Dont Make Sense Anymore
like,Working border patrol at a zombie quarantine zone
like,XCOM 2  Part 1  First Class of XCOM 2  Lets Play  XCOM 2 Gameplay Legend Ironman
like,Year One Anniversary Stream  Tales from the Stinky Dragon Celebration Event
like,You Must Press Every Button
like,Youll Never Quit Slay the Spire Heres Why
like,Young Thug  Mariah The Scientist Take a Couples Quiz
like,Ys Original I Mobile  Gameplay Walkthrough Part 2 Android iOS
like,how to make Video Games REALLY REALLY fast
like,my nintendo switch collection   ultimate guide to cozy gaming
like,we are backlots to talk about
like,yes the red lines are parallel
notInt,planes if they were 10000 times better
notInt,Highly offensive Jonathan Blow clips to boost your productivity
notInt,Sudoku Expert Plays The Witness
notInt,Saving Athena
notInt,We Play The Witness with Jonathan Blow
notInt,Bonus Video A Very Okay Steward Run That Did Not Win  Monster Train 2
notInt,The Talos Principle 2 OST
notInt,Puyo Puyo Tetris 2  Slight Disadvantage Fighting for My Life
notInt,Literary Analysis of The Witness
notInt,The Coffee Roguelike You Never Knew You Needed
notInt,But what is quantum computing Grovers Algorithm
notInt,Nathan Draws a Monster and Karina Makes it HOT
notInt,Techniques for dealing with lack of motivation malaise depression
notInt,Eighteen thousand hours A conversation with Jonathan Blow
notInt,Guess What Cartoon Character Julia is Describing I Dare You
notInt,How 3D video games do graphics
notInt,The Unbearable Now An Interpretation of The Witness
notInt,Someone Made Deckbuilder FTL And Its Kinda Awesome  Star Scum
notInt,Tetris Effect Connected Longplay  Journey Mode Full Playthrough
notInt,Tetris Effect Connected  Gameplay Preview  Nintendo Switch
notInt,Games are interesting A conversation with Jonathan Blow
notInt,Making the worlds most powerful Red Bull
notInt,Tetris Effect Connected Journey Mode Gameplay Performance Preview  Nintendo Switch
notInt,Video You Puyo Puyod In The Wrong Tetris
notInt,Monster Collection Tower Defense Roguelite  Rogue Monster Rush
notInt,Rediscovering the Mystery of Video Games
notInt,Taskmaster Season 19 Episode 5  Maybe were the monsters  Full Episode
notInt,7 Crimes You Can Commit in Mario Kart World
notInt,Games like Hollow Knight
notInt,AI Teachers and Duolingos New Plan  What Could Go Wrong
notInt,Hades Developers React to 25 Minute Fresh File Speedrun
notInt,10 Board Games You Need To Start A Collection
notInt,Closed captions on DVDs are getting left behind
notInt,I Found A Secret Level In GRINDSTONE
notInt,Jonathan Blow on Deep Work The Shape of a Problem Doesnt Start Anywhere
notInt,the tetris player is at a slight disadvantage
notInt,Air Traffic Control Last Week Tonight with John Oliver HBO
notInt,How to Play Regicide A CHALLENGING Dungeon Crawl Card Game
notInt,I was almost in Squid Game
notInt,A 1989 TETRIS Expert Plays TETRIS EFFECT for the First Time
notInt,Baking brownies from the inside out
notInt,Can Roguelikes be Cozy Games
notInt,Dominos App feat Hatsune Miku The ad that vanished from YouTube
notInt,How Hollow Knight Was Made and First Appeared on Newgrounds
notInt,How Jonathan Blow Designs a Puzzle
notInt,Nebulock Demo Footage
notInt,Super Marios Invisible Difficulty Settings
notInt,The Most POINTLESS Board Games
notInt,The Top 100 Indie Games You Must Play
notInt,Puyo Puyo Tetris 2 how to get murdered in under 30 seconds
notInt,SPOILER  Once Upon A Witchlight Animated in Chronological Order  Legend Of Avantris Compilation
notInt,Heat Pedal To The Metal  How To Play
notInt,How One Programmer Created Gamings Most Complex Ecosystem
notInt,New Mosa Lina Update Means Me Forcing Retromation to Play with Me
notInt,Pixel Art Games The Top 10 Ranked for Early 2023
notInt,The Bizarre Lore of Crash Bandicoot
notInt,The Bizarre Lore of Merge Mansion
notInt,The Talos Principle 2  Fully Ramblomatic
notInt,What Makes A Great Double Boss Fight
notInt,Why Is The US Dropping Billions Of Mutant Flies From The Sky
notInt,AI Learns to Play Soccer and breaks physics
notInt,How The Binding of Isaac Was Made and Designed to Fail
notInt,I Published a Math Paper
notInt,Puyo Puyo Tetris 2  Slight Disadvantage Fighting for My Life
notInt,The Truman Show
notInt,What Games Are Like For Someone Who Doesnt Play Games
notInt,A Modern TETRIS Expert plays TETRIS EFFECT Journey Mode Demo
notInt,Buff So Hard Everything Explodes  Monster Train 2
notInt,Can I fix Zeldas UI using Unity
notInt,Death Squared Part 1  Funhaus Gameplay
notInt,Eat Mushrooms Become HUGE  Monster Train 2
notInt,Games that Break all the Rules
notInt,Jonathan Blow clips to watch at 3 hour lunch break at a web company
notInt,Music that was meant to END
notInt,Nintendo Switch Has So Many Tetris Games
notInt,Otters Cozy Café Vibes  Calm Lofi for Work Relax lofihiphop chillmusic coffeemusic studymusic
notInt,Puyo Puyo Tetris 1  2 Out of Context 1  other funny moments
notInt,Puyo Puyo Tetris 1  2 Out of Context 2  other funny moments
notInt,Sponsored Content Last Week Tonight with John Oliver HBO
notInt,The History of Bethesda Game Studios
notInt,The Rise and Fall of Mini Consoles
notInt,The Roguelike Deckbuilder Where You FEED the Enemies Instead of KILLING Them
notInt,The Top 50 Indie Games That You Simply Must Play
notInt,Thrive The Evolution of a Game
notInt,What Makes a Game Timeless
notInt,lofi hip hop radio  beats to relaxstudy to
notInt,7 Bad Endings You Can Easily Get by Accident Commenter Edition
notInt,A 1989 TETRIS Expert Plays TETRIS EFFECT for the First Time
notInt,Catan  How To Play
notInt,Engineering the PERFECT city layout in a new puzzle game
notInt,Good Design Bad Design Vol 15 The Best and Worst of Video Game Graphic Design
notInt,Grindstone  GamePlay PC
notInt,Guess What Cartoon Character Julia is Describing I Dare You
notInt,Highly offensive Jonathan Blow clips to boost your productivity
notInt,How Balatro Was Made and Why The Creator Expected to Sell Only 6 Copies
notInt,How Can You Make Backtracking Fun
notInt,How Nuclear Flies Protect You from FleshEating Parasites
notInt,Jonathan Blow on his programming language jai
notInt,Lumines Remastered  Basic Challenge Mode  Score 1731929
notInt,Puyo Puyo  A Deep Dive On The First Games Rich History
notInt,Puyo Puyo Tetris Schezo Out of Context
notInt,Saving Athena
notInt,The 100 Year Old Mystery of the Empty Hexagon Problem
notInt,The 3 Types of Detective Game
notInt,The Best Game Animation of 2024
notInt,The Making of Outer Wilds  Documentary
notInt,The Making of PREY  Documentary
notInt,The Most Poorly Timed Nintendo Games
notInt,The Pedestrian Developers React to 11 Minute Speedrun
notInt,The Talos Principle 2 is BETTER than 1 Heres Why
notInt,The Tragic Tale of Squidward Tentacles
notInt,They Turned YouTube Itself Into A Puzzle Game
notInt,They made a game about choosing a seat
notInt,Top 10 Mystery Indie Games
notInt,Tunic Developers React to 24 Minute World Record Speedrun
notInt,What Casual Games Are Like For Someone Who Doesnt Play Games
notInt,What Makes A Good Difficulty Option
notInt,10 Minutes of TETRIS EFFECT Music and Gameplay
notInt,A free game SHOULD NOT be this good
notInt,Animal Well Developers React to 16 Minute Speedrun
notInt,Can a Professional Engineer beat the IMPOSSIBLE quiz
notInt,Climb to Top of Zenith Tower on Tetrio
notInt,Death Becomes Her
notInt,Flip 7  How To Play
notInt,Frog Fractions Documentary
notInt,How Can You Spice Up A Time Limit
notInt,How to ruin video games for yourself
notInt,I Fully Completed EVERY HalfLife  Portal Game
notInt,I played and ranked EVERY Poptropica Island so you dont have to
notInt,Ive Given You 9 Kings Now Make a MILLION Synergies
notInt,Incremental Tower Defense With Branching Builds  Outhold Demo
notInt,Let go of what you cant control  Lofi Rain  Study Beats  Cafe Music
notInt,Major Payne
notInt,More Asgards Fall
notInt,NEW Mario Kart World Gameplay  Switch 2
notInt,Neon White Developers React to 35 Minute Speedrun World Record
notInt,Nintendo Switch 2 UI  Home Screen Tour
notInt,One Chest Is Lying One Chest Is Confused  Mimic Logic
notInt,PacMan Is A Very Weird Series  The Pac is Back But He Never Left
notInt,Pixel Art Class  Art Styles for Indie Games
notInt,Pumpkin Summons Are Cracked In Talented
notInt,Puyo Tutorials Part 3 FixedForm Chaining  Stairs
notInt,Sudoku Expert Plays The Witness
notInt,Super Mario RPG Review
notInt,Taskmaster Season 19 Episode 3  My presumably stum  Full Episode
notInt,Tetris Effect Connected  Gameplay Preview  Nintendo Switch
notInt,Tetris Effect Connected Journey Mode Gameplay Performance Preview  Nintendo Switch
notInt,Tetris But Its an Extremely Unique Roguelike  Drop Duchy
notInt,The Best Ever Indie Games On The Nintendo Switch
notInt,The Cauldron Finale
notInt,The History of Tetris World Records
notInt,The Legend of Zelda Breath of the Wild  Nintendo Switch 2 Edition Review Update
notInt,The Making of Animal Well  Documentary
notInt,The Talos Principle 2 33 Minutes of Gameplay
notInt,The Witness Documentary
notInt,The World Design of BanjoKazooie
notInt,They added gravity to Chess
notInt,This Puzzle Game Is the Definition of a Masterpiece
notInt,This is the BEST 5 game ever made
notInt,Times Contestants Found Loopholes  Taskmaster
notInt,Top 10 Best OFFLINE Games For Android  iOS 2024  New and Updated Games
notInt,Top 10 Best Pixel Art Games for Android and iOS 2025
notInt,What Makes These Animations Good
notInt,Whats Under The Sudoku Fog
notInt,When Your Old Market Shop is Struggling You Call in the CEO
notInt,Why the rush  lofi beats for workstudy  cat jazz
notInt,Puyo Puyosig wants to fly
notInt,2025 is a Strange Number
notInt,7 Biggest Red Flags for Game Reveals That Guarantee Its Going to Suck
notInt,7 Most Misleading Mobile Game Ads
notInt,7 Stupidly Complicated Puzzle Bosses You Wont Beat Without a Walkthrough
notInt,Air Traffic Control Last Week Tonight with John Oliver HBO
notInt,Arkham Horror The Card Game  How To Play
notInt,Attempting to Explain All of Kirby Lore in a Single Video
notInt,BLUE PRINCE FULL GAME IS HERE Ive Been Waiting For This
notInt,Best Selling Godot Games of 2024
notInt,Blue Prince Can a random puzzle game actually work
notInt,Boring History For Sleep  What it was like to visit a Medieval TAVERN and more
notInt,Botanist Explains All GrassType Pokemon
notInt,But what is quantum computing Grovers Algorithm
notInt,Can I find the PERFECT SPOT for everyone  Is this seat taken
notInt,Can Roguelikes be Cozy Games
notInt,Chess But Theres Sidequests
notInt,Cocoon Review
notInt,Crazy Misdrop Fix with a TSpin Triple Tetris
notInt,Cute Mouse Survival Sandbox  Winter Burrow
notInt,DOGE Got Hammered In Court
notInt,Do Original GameCube Controllers Still Work on Switch 2
notInt,Draw fewer tiles  by using a DualGrid system
notInt,Dune Imperium Uprising And CHOAM Module  How To Play
notInt,Even More Indie Games You Missed if i had to guessi cant be sure though
notInt,Everdell  How To Play
notInt,Fantasy Life Is 2025s Most Dangerous Game
notInt,Games like Hollow Knight
notInt,Getting to Know Nintendo Switch 2  System Transfer
notInt,Highly offensive Jonathan Blow clips to boost your productivity
notInt,Highway Engineer COMPLETES road building game
notInt,Hollow Knight speedruns are much harder than you think
notInt,How Deep Does the Rabbit Hole Go  Blue Prince
notInt,How Do Games Make Stealing Fun
notInt,How To Introduce A Character
notInt,How to Reveal A Twist Villain
notInt,I caught bugs and made them FIGHT
notInt,I played another 8 SoulsLike games youve never heard of
notInt,IM BACK Find The 10 Hidden Treasures  LEGO Clue Puzzle
notInt,Intense Tetris Battle Royale Tetrio
notInt,Mario Kart World Gameplay LIVE with GameChat  Nintendo Switch 2 Launch Day
notInt,Mario Kart World Watch a Full Knockout Tour at 150cc on Switch 2
notInt,Mario Odyssey  SwitchSwitch 2 Comparison
notInt,Monster Collection Tower Defense Roguelite  Rogue Monster Rush
notInt,Nathan Draws a Monster and Karina Makes it HOT
notInt,Old School Card Battler RPG That Absolutely Slaps  Anode Heart Layer Null
notInt,Otters Cozy Café Vibes  Calm Lofi for Work Relax lofihiphop chillmusic coffeemusic studymusic
notInt,Outer Wilds Developers React to 10 Minute Speedrun
notInt,Pipistrello and the Cursed Yoyo Review  A GBAEra Adventure Worthy of Sitting Alongside the Greats
notInt,Prohibition  OverSimplified
notInt,Puyo Puyo Tetris 2  Launch Trailer  Nintendo Switch
notInt,Ranking Every Yoshi Game
notInt,Slay the Spire 2  Official Gameplay Trailer
notInt,Someone Made Deckbuilder FTL And Its Kinda Awesome  Star Scum
notInt,Something Strange Happens When You Keep Squaring
notInt,Speed Racer
notInt,THE BEST RunandGun Games you MUST play
notInt,THE TALOS PRINCIPLE 2  Forget GOTY its a GOAT  Review After 50 Hours
notInt,Tactfully Talking Tactical Design Part 1  gamewisdom Perceptive Podcast indiegames gamedesign
notInt,Taskmaster Season 19 Episode 2  An invisible jump rope  Full Episode
notInt,Taskmaster Season 19 Episode 4  Midnight picnic  Full Episode
notInt,Tetris Effect Review
notInt,Tetris Forever Nintendo Switch Review  Is It Worth It
notInt,The 100 Year Old Mystery of the Empty Hexagon Problem
notInt,The Best Games from GMTK Game Jam 2023
notInt,The Bizarre Lore of Crash Bandicoot
notInt,The Coffee Roguelike You Never Knew You Needed
notInt,The Most POINTLESS Board Games
notInt,The Story of Super Mario Bros 3
notInt,The Story of Tetris
notInt,The Talos Principle 2 OST
notInt,The Top 50 Indie Games That You Simply Must Play
notInt,The best puzzle game you cant play  Lumines Electronic Symphony
notInt,The first jungle gym was meant to hack kids brains
notInt,The mistake every new game developer makes Developing 2
notInt,This Fantastic Woodpunk Automation Sim Is Finally Out In 10  Oddsparks An Automation Adventure
notInt,This Funguy Eats Titans  Monster Train 2
notInt,This entire game is a massive spoiler
notInt,This game outsmarted a professional engineer Baba Is You
notInt,This shouldnt be good
notInt,Top 10 Best Offline Games Android  iOS of April 2025
notInt,Top 10 Best Pixel Art Games for Android and iOS 2025 New  Updated
notInt,Top 10 Best PixelArt Games for AndroidiOS in 2024 OfflineOnline  New  Updated Games
notInt,Top 10 Cozy Relaxing Games for Android  iOS To Play in 2025  Stressfree Games
notInt,Transport Fever 3  Official Cinematic Announcement Trailer PC PlayStation 5 Xbox Series XS
notInt,True Facts Beetles That Took Things Too Far
notInt,Trump  The Press Last Week Tonight with John Oliver HBO
notInt,Using SEGREGATION to beat high scores in Mini Motorways
notInt,Valves Secret Weapon
notInt,Waffles Forest Book Nook  Soft Lofi to Escape Withlofihiphop chillmusic coffeemusic studymusic
notInt,Wario taught me game dev
notInt,Weve Played Mario Kart World A LOT  Is It Any Good
notInt,What Casual Games Are Like For Someone Who Doesnt Play Games
notInt,What Makes A Great First Boss
notInt,What Makes a Good Cast of Game Villains
notInt,Wheres my THRONE Room Blue Prince  Day 5859
notInt,You Must Press Every Button
notInt,Youll Never Quit Slay the Spire Heres Why
notInt,eShop Speed Comparison  Switch 1 vs Switch 2
notInt,planes if they were 10000 times better
notInt,shapez 2 Dimension Update  Out Now
notInt,the tetris player is at a slight disadvantage
notInt,Trump will go after Elons money next Michael Cohen predicts toxic TrumpElon fallout
notInt,Video You Puyo Puyod In The Wrong Tetris
notInt,10 Board Games You Need To Start A Collection
notInt,10 Board Games for People Who Hate Rules
notInt,10 Hours of Lofi Video Game Beats
notInt,10 Things I Wish I Knew  Slay the Spire Guide and Tips
notInt,12 Switch Games YOU Cant Live Without
notInt,15 Minutes of Spiritfarer Gameplay  Gamescom 2019
notInt,200cc is NOT in Mario Kart World  Interconnected World is just the tip of the iceberg
notInt,25 GREAT CouchLocal CoOp Games That You Need To Play With Friends
notInt,4 Hours of Ambient Indie Game Music to Study or Chill Celeste OMORI Undertale Hollow Knight
notInt,6 Idiots attempt to beat Mario 64
notInt,7 Biggest Red Flags for Game Reveals That Guarantee Its Going to Suck
notInt,7 Games That Changed Completely on a Second Playthrough Commenter Edition
notInt,7 Games That Cheated To Feel More Fun Commenter Edition
notInt,7 Surprisingly Dark Easter Eggs in NonHorror Games
notInt,7 Weirdest Beat Em Ups We Swear Were Not Making Up
notInt,A 1989 TETRIS Expert Plays TETRIS EFFECT for the First Time
notInt,A Brief History of Graphics
notInt,A Brief History of Graphics
notInt,A Modern TETRIS Expert Plays TETRIS EFFECT
notInt,A Modern TETRIS Expert plays TETRIS EFFECT Journey Mode Demo
notInt,A SOCK PUPPET COURTROOM GAME  Guilty As Sock
notInt,A Simplistic Yet Addicting Incremental Tower Defense  Outhold
notInt,AI Learns to Play Soccer and breaks physics
notInt,AI Learns to Play Soccer and breaks physics
notInt,Addicted to This Game  Fantasy Life
notInt,Addicted to This Game  Fantasy Life
notInt,BEST Indie games that played the Uno Reverse Card
notInt,Baldurs Gate 3 Developers React to 18Minute Speedrun
notInt,Benoit Blanc vs Hercule Poirot  RAP BATTLE  ft The Stupendium Rustage Gianni Matragrano  More
notInt,Best Couch CoOp Multiplayer Games on Nintendo Switch
notInt,Best Selling Godot Games of 2024
notInt,Black Holes Son  Ultimate Chicken Horse
notInt,Blue Prince Can a random puzzle game actually work
notInt,Board Game  Desk Of Deception  Office Mafia  Demo
notInt,Bonus Video A Very Okay Steward Run That Did Not Win  Monster Train 2
notInt,Boring History For Sleep  Why it Sucked to Be a Medieval Assassin and more
notInt,Breaking the MILLION POINT BARRIER  Balatro
notInt,Buff So Hard Everything Explodes  Monster Train 2
notInt,Bugsnax Developers React to 15 Minute Speedrun
notInt,Can Chess with Hexagons
notInt,Can I 100 Every Kirby Game in 2 Weeks
notInt,Can You Beat This Tetris Tower Defense Game  Emberward  First Look
notInt,Chris Evans Dakota Johnson  Pedro Pascal Argue The Weirdest Would You Rather Questions  LADbible
notInt,Classic SpongeBob is FINALLY Meeting Modern SpongeBob
notInt,Closed captions on DVDs are getting left behind
notInt,Combo Tutorial for LUMINES REMASTERED
notInt,Crypto Explained with Bananas
notInt,CultBuilder AutoBattler Roguelike  Becoming Saint Demo  Sponsored
notInt,Death Squared Part 2  Funhaus Gameplay
notInt,Dinkum 10 Release Home Sweet Home dinkum cozygaming creativemode
notInt,Do You Even Need a Switch 2 Pro Controller
notInt,Duster  Exclusive Jim the Roadruner Clip 2025 Josh Holloway
notInt,Early Game Beelephant Farm  Oddsparks Automation Guide  My Best Farming Build For Aether
notInt,Early Game Beelephant Farm  Oddsparks Automation Guide  My Best Farming Build For Aether
notInt,Edmund McMillen Breaks Down His Game Design History Meat Boy Isaac  More  Noclip
notInt,Edmund McMillen Breaks Down His Game Design History Meat Boy Isaac  More  Noclip
notInt,Eighteen thousand hours A conversation with Jonathan Blow
notInt,Engineering impossible dungeons to EXPLOIT heroes for profit
notInt,Even More Indie Games You Missed if i had to guessi cant be sure though
notInt,Everything GREAT About Lilo  Stitch
notInt,Everything GREAT About The Wild Robot
notInt,Everything Wrong With The Final Destination In 24 Minutes Or Less
notInt,Evolution of Tetris Games 19892023
notInt,Exclusive TRAILER  Board Game Documentary  The Hobby  Vortex Productions and Brainstorm Media
notInt,Exploiting the game to make myself smarter
notInt,Fall asleep while I play Tiny Glade
notInt,Fast Fusion Nintendo Switch 2 Gameplay
notInt,First Time Android Experience
notInt,Fraudulent Strikes Lead to a Crazy Investigation
notInt,Frog Fractions Documentary
notInt,Games are interesting A conversation with Jonathan Blow
notInt,Games are interesting A conversation with Jonathan Blow
notInt,Games that Break all the Rules
notInt,Games that Break all the Rules
notInt,Gnomes is the BEST Tower Defense Roguelike of 2025
notInt,Grindstone Nintendo Switch Review
notInt,Guess What Cartoon Character Julia is Describing I Dare You
notInt,Gunpei Yokois Life Story The Man Who Made Nintendo
notInt,Hades Developers React to 25 Minute Fresh File Speedrun
notInt,Have These Sudoku Lines Been Labelled Correctly
notInt,Heat Pedal To The Metal  How To Play
notInt,Holding Out For A Hero  Crownbound Fantasy Kingdom Sim  Demo
notInt,How 1990s Magic Eye 3D Images Were Made
notInt,How 3D video games do graphics
notInt,How Cuphead Was Made and Struggled Finding The Right Protagonist
notInt,How Cuphead Was Made and Struggled Finding The Right Protagonist
notInt,How Do Games Design Around No Damage
notInt,How Do You Make Fun Unlockables
notInt,How Fast Can You Softlock Every Animal Crossing Game
notInt,How Isometric Coordinates Work in 2D games
notInt,How Lithium Was Discovered
notInt,How Much Money my Indie Game Made After 1 Month
notInt,How My First Indie Game Performed On Steam
notInt,How Nuclear Flies Protect You from FleshEating Parasites
notInt,How One Programmer Created Gamings Most Complex Ecosystem
notInt,How PlayStation Created Its Mario By Accident
notInt,How Ron Stoppable Became The Most Dangerous Man In Kim Possible
notInt,How To Foreshadow A Twist Villain  Turbo  Ernesto
notInt,How To PLAN your Game as a Solo Developer
notInt,How To Play Monopoly Correctly  A Full Tutorial
notInt,How Well Do We Remember The 90s
notInt,How to Reveal A Twist Villain
notInt,How to find amazing game ideas
notInt,How to play Puyo Puyo  Lesson 1 Concept of making chains
notInt,I Built a DD City out of PAPER
notInt,I Created the MOST BROKEN Monster Train 2 Run for its Release Today
notInt,I Found A Secret Level In GRINDSTONE
notInt,I Spent 365 Days Remaking Super Mario World In 3D
notInt,I competed in the biggest puzzle contest in America And my new strategy worked
notInt,I made a big three headed wolf
notInt,I played Balan Wonderworld so you dont have to
notInt,I played another 8 SoulsLike games youve never heard of
notInt,I played these Cozy Farming Games in my Quest for the ULTIMATE Farming Sim
notInt,I traveled 8000 miles to come up with this idea
notInt,I tried speedrunning Octodad and became an expert at living in a constant struggle
notInt,ITS COOP NOW  Vampire Survivors 4Player Gameplay
notInt,Incremental Tower Defense With Branching Builds  Outhold Demo
notInt,Inscryption Developers React to World Record Speedruns
notInt,Inscryption Developers React to World Record Speedruns
notInt,Is Grindstone worth playing more
notInt,Is There A Simple Solution To The Fermi Paradox
notInt,Is This The Greatest Card Game Of All Time  Board AF Flip 7
notInt,Its Time to Jailbreak Your Kindle
notInt,Jonathan Blow on Deep Work The Shape of a Problem Doesnt Start Anywhere
notInt,Keeping Proportions Drawing Architecture Freehand
notInt,LUMINES Challange Mode Score 999999 in 5809
notInt,Laika Aged Through Blood Review
notInt,Laika Aged Through Blood Review
notInt,Learning Crossword Week 56  NYT Crossword Wednesday June 4th 2025
notInt,Lets Look At Invisible Inc
notInt,Lets Play COUP  Board Game League  Season 2
notInt,Lets Play Mario Kart World Together
notInt,Lets Play Mario Kart World Together
notInt,Lets Play Opus Magnum  PC Gameplay Part 2  Comprehension
notInt,Lies of P Review
notInt,Lumines Live  VS CPU No Hit
notInt,Lumines Block Challenge  Challenge Mode Full Playthrough
notInt,Make Some Noise contestants understanding the assignment Season 1
notInt,Making the worlds most powerful Red Bull
notInt,Making the worlds most powerful Red Bull
notInt,Mission Impossible  The Final Reckoning Official Parachute Featurette 2025 Tom Cruise
notInt,More Asgards Fall
notInt,More Reddit writing Pickup Lines one word at a time
notInt,Most Iconic Moments  Taskmaster
notInt,Nebulock Demo Footage
notInt,New Dice Roguelike Just Dropped
notInt,Nintendo Switch 2 UI  Home Screen Tour
notInt,Nintendo Switch 2 Unboxing
notInt,Nintendo Switch 2 Unboxing  Whats In the Box
notInt,Nintendo is Pathetic
notInt,No Mans Sky  Official Nintendo Switch 2 Announcement Trailer
notInt,No Stress Just Vibes  Biotopia First Impressions
notInt,Notes from a neurodivergent  Stardew Valley Casual Playthrough Ep 41
notInt,ONE PIECE Season 2  Special Announcement  Netflix
notInt,Okay Well I Broke the Game with Rats in 9 Kings
notInt,Old pinball machines are amazingly complex
notInt,P Diddy Trial is Getting Crazy
notInt,PPT  Chain Practice
notInt,PURRRFECT PARTY GAME  Jumping Jazz Cats PC Gameplay
notInt,Paralyzed cats hilarious reaction to wheelchair
notInt,PlateUp  The Ultimate Automation Tutorial
notInt,Playing A Card Game to SAVE MY LIFE  Inscryption
notInt,Playing A Card Game to SAVE MY LIFE  Inscryption
notInt,Pokemon Legends ZA  Official PreOrder Trailer
notInt,PunchOut Wii  Blindfolded FullGame Speedrun performed at SGDQ 2019 11016
notInt,Puyo Puyo Tetris 1  2 Out of Context 2  other funny moments
notInt,Puyo Puyo Tetris 2 Nintendo Switch Review  Is It Worth It
notInt,Puyo Puyo Tetris 2 part 9 Schezo returns oh and the Dark Prince too
notInt,ROLL THE DICE  Rounds
notInt,Ranking the Worst Nintendo Games
notInt,Really Slow Boss Fights
notInt,Rediscovering the Mystery of Video Games
notInt,Rediscovering the Mystery of Video Games
notInt,Rez Level 5  Fear is the Mindkiller  Mashup Ost  Ingame music
notInt,S2EP45 Working in Unity Pixel Art Roguelite Fantasy Team Builder TurnBase RPG
notInt,Saving Athena
notInt,Sea Of Stars Throes Of The Watchmaker  Feral Queen Battle  Horloge Wheels Coin  Episode 12
notInt,Sea Of Stars Throes Of The Watchmaker  Lost Island Goodies  Wolf Rock Entry  Episode 9
notInt,Skills Not Thought Possible  Super Metroid  Link to the Past Combo Randomizer 08
notInt,Skills Not Thought Possible  Super Metroid  Link to the Past Combo Randomizer 08
notInt,Slay the Spire 2  Official Gameplay Trailer
notInt,Slay the Spire Developers React to 5 Minute Speedrun
notInt,So Many Puzzles EVERYWHERE  Blue Prince
notInt,Some good old fashioned PaperandPencil Games from 3M 50 years ago
notInt,Something Strange Happens When You Keep Squaring
notInt,Sorry I stopped posting but I made another game
notInt,Star Wars Unlimited  How To Play
notInt,Student Accomplice  Official Film of the Year Winner  Rookie Awards 2024
notInt,Superliminal Developers React to 23 Minute Speedrun
notInt,Switch 2 News  Console Breaks Street Date N64 NSO Features  Switch 2 Edition File Sizes
notInt,Switch 2 PSA Dont Make These NSO Mistakes
notInt,Sydney Sweeney Sells Her Bathwater Men Buy The Fantasy
notInt,THE AI ARTISTS ARE MAD AT ME
notInt,TOP 10 Best Puzzle Games on Nintendo Switch to Challenge Your Mind
notInt,TOP 10 Best Puzzle Games on Nintendo Switch to Challenge Your Mind
notInt,Taskmaster Season 19 Episode 5  Maybe were the monsters  Full Episode
notInt,Techniques for dealing with lack of motivation malaise depression
notInt,Tetris Effect Connected Longplay  Journey Mode Full Playthrough
notInt,Tetris Effect Connected  Gameplay Preview  Nintendo Switch
notInt,Tetris Forever Nintendo Switch Review  Is It Worth It
notInt,The 20 Best Indie Games Of The 2020s So Far
notInt,The 3 Types of Detective Game
notInt,The Best Game Animation of 2024
notInt,The Best Game Animation of 2024
notInt,The Best Games from GMTK Game Jam 2021
notInt,The Bizarre Lore of Club Penguin
notInt,The Bizarre Lore of CoolMath Games
notInt,The Bizarre Lore of Goldfish Crackers
notInt,The Bizarre Lore of Plants Vs Zombies
notInt,The Brennan Lee Mulligan Olympics  Game Changer Animated
notInt,The Complete Story of Wizard101
notInt,The Coolest Puzzle Game Mechanic In A LONG TIME  Viewfinder
notInt,The Desert Guardian Armor is Totally BROKEN  Core Keeper 11
notInt,The Devil Wears Prada
notInt,The Games That Designed Themselves
notInt,The Games That Designed Themselves
notInt,The Gardens Between 52  Walkthrough  Playthrough
notInt,The Gardens Between 8  Ending  Credits  Walkthrough  Playthrough
notInt,The Gardens Between Switch Review  NEVER SEEN THIS BEFORE
notInt,The Greatest Language Translating Puzzle Game Ever Made
notInt,The History of 120 Stars Early Era 2004  2014
notInt,The History of Hollow Knight World Records
notInt,The Hustle 2019
notInt,The MOST BREAKABLE Roguelite Ive Ever Played  9Kings
notInt,The Making of Animal Well  Documentary
notInt,The Making of Outer Wilds  Documentary
notInt,The Man Who Almost Broke Math And Himself
notInt,The McRecession  Has Fast Food Cooked Itself
notInt,The Nintendo character with zero Google results
notInt,The Pedestrian Developers React to 11 Minute Speedrun
notInt,The Riddle That Seems Impossible Even If You Know The Answer
notInt,The Roguelike Deckbuilder Where You FEED the Enemies Instead of KILLING Them
notInt,The Saga of the Body Buried in the Backyard
notInt,The Story of Spyro the Dragon
notInt,The Story of Super Mario Kart
notInt,The Story of Super Mario World
notInt,The Story of the Super Mario Land Series
notInt,The Story of the Super Mario Land Series
notInt,The Strange English Translations of Puyo Puyo
notInt,The Strange English Translations of Puyo Puyo
notInt,The Talos Principle 2 is BETTER than 1 Heres Why
notInt,The Talos Principle 2  Fully Ramblomatic
notInt,The Talos Principle 2  Launch Trailer
notInt,The Unbearable Now An Interpretation of The Witness
notInt,The Witcher 4  UE 56 Tech Demo  State of Unreal 2025
notInt,The Witcher 4  UE 56 Tech Demo  State of Unreal 2025
notInt,These are AWESOME Replacements for Your Favorite Roguelike Games
notInt,They Know Theyre Getting Fired
notInt,They Turned YouTube Itself Into A Puzzle Game
notInt,They made a game about cardboard boxes
notInt,They made a game about choosing a seat
notInt,They made a game about choosing a seat
notInt,This Fantastic Woodpunk Automation Sim Is Finally Out In 10  Oddsparks An Automation Adventure
notInt,This Game Looks Like Luck But Its All Skill  Sol Cesto
notInt,This Video Took Us 8 Years To Make
notInt,This game outsmarted a professional engineer Baba Is You
notInt,Thoughts on the Nintendo Switch 2 Direct
notInt,Tim Burtons Corpse Bride
notInt,Tiny Bookshop  Official Release Date Trailer
notInt,Top 10 Cozy Relaxing Games for Android  iOS To Play in 2025  Stressfree Games
notInt,Top 10 Upcoming NEW Indie Games of June 2025
notInt,Top 15 Beautiful Offline Puzzle Games Android  iOS of All Time  Best Puzzle Game
notInt,Tower Defense but YOU are the Bad Guys
notInt,True Facts Beetles That Took Things Too Far
notInt,Trust  Official Trailer 2025 Sophie Turner Rhys Coiro Katey Sagal
notInt,Trying Magnificus Mod  Inscryption Kaycees Mod
notInt,TurnBased Combat in Unity
notInt,Valves Secret Weapon
notInt,Waffles Forest Book Nook  Soft Lofi to Escape Withlofihiphop chillmusic coffeemusic studymusic
notInt,We Had to Make Art Using ONLY These 5 Colors
notInt,We Play The Witness with Jonathan Blow
notInt,We Play The Witness with Jonathan Blow
notInt,We React To The Smosh Hunger Games
notInt,We created a Pokémon game Super Mariomon
notInt,Weve Played Nintendo Switch 2 Welcome Tour  Is It Any Good
notInt,What Does Hank Think is the Coolest Fact  Michelle Khare Asks Hank Anything
notInt,What If Choosing A Seat Was A PUZZLE GAME  Is This Seat Taken
notInt,What Makes A Good Difficulty Option
notInt,What Makes A Good Secret Boss
notInt,What Makes A Good Secret Boss
notInt,What Makes A Great InGame Shop
notInt,What Makes Celestes Assist Mode Special
notInt,What The HELL is Going On With Video Game Prices
notInt,What The HELL is Going on With UBISOFT
notInt,Whats The Point of a DayNight Cycle in Games
notInt,Whats The Point of a Weird Status Effect
notInt,Whats The Point of a Weird Status Effect
notInt,When Your Old Market Shop is Struggling You Call in the CEO
notInt,When you dont need to send the attack to win Slight Disadvantage
notInt,Where Trumps Economy Is Headed  Frugality Is Sexy  Noem Dont Know  Knicks Ticket Scams
notInt,Which Punch Out Boxer is the Biggest Cheater Bumbles McFumbles
notInt,Why almost No One Runs this Game  Kings Quest III Speedrun History
notInt,Why Are Modern Games Obsessed With Parrying  SemiRamblomatic
notInt,Why Does Celeste Feel So Good to Play
notInt,Why Does Celeste Feel So Good to Play
notInt,Why Its SO Hard to Find a Game You ACTUALLY Like
notInt,Why do so many cultures have dragon legends  Timothy J Burbery
notInt,Why is there a cat in caterpillar  BUG WORDS
notInt,Why the rush  lofi beats for workstudy  cat jazz
notInt,Windows Was The Problem All Along
notInt,Wumbo Classic Tetris Progress 6425
notInt,Wumbuyo Stream Live
notInt,You SHOULD Try This Tropical Resort Story Sim
notInt,lofi hip hop radio  beats to relaxstudy to
notInt,medieval lofi radio   beats to scribe manuscripts to
notInt,planes if they were 10000 times better
notInt,synthwave radio  beats to chillgame to
notInt,the tale of tamagotchi the neverending rabbit hole
notInt,HOLD THEM DOWN EPIC The Musical Full 3D Animation
notInt,Who was the first video game boss And why do we call them that
notInt,A 1989 TETRIS Expert Plays TETRIS EFFECT for the First Time
notInt,DOGE Got Hammered In Court
notInt,Puyo Puyo Tetris 2 Nintendo Switch Review  Is It Worth It
notInt,Thrive The Evolution of a Game
notInt,ALL HAIL THE GARBAGE LORD  Wario Land 4 Playthrough Episode 3
notInt,AWESOME STEAM DEALS Right Now20 GREAT SUPER CHEAP STEAM GAME DEALS on May 2025
notInt,Boring History For Sleep  What Medieval JUNK FOOD Was Like and more
notInt,Boring History For Sleep  Why You Wouldnt Last a Day in Ancient Greece and more
notInt,Botanist Explains All GrassType Pokemon
notInt,Closed captions on DVDs are getting left behind
notInt,Closed captions on DVDs are getting left behind
notInt,How 1990s Magic Eye 3D Images Were Made
notInt,How Fast Can You Softlock Every Animal Crossing Game
notInt,I Tried Every Sandwich in Japan
notInt,I was almost in Squid Game
notInt,Lawyers Beat Trump In Court For Now
notInt,Lets Look At Invisible Inc
notInt,Money Town  brutalmoose
notInt,Ranking EVERY Kairosoft Game Ever Made
notInt,SpeedRunners 2 King of Speed  Official Steam Playtest Trailer  tinyBuild Connect 2025
notInt,The Hitchhikers Guide to the Galaxy
notInt,The Insane Influencer Logic That Tricked Millions of People
notInt,The Most POINTLESS Board Games
notInt,The Myth of the Alpha Male
notInt,The Simplest Illusion We Cant Explain
notInt,The Two Types of Random in Game Design
notInt,The story is beautiful but there are still many lives to see
notInt,Things Youll Find Around the Office  How Its Made  Science Channel
notInt,Two Point Museum  E21  Fixing the Oasis
notInt,Duck Detective The Ghost of Glamping New deducktions to quack
notInt,CAT TV 247 NO ADS  Summer Birds  Squirrels Flock to the Birdtable  Birds for cats to watc
notInt,Saving Athena
notInt,Highly offensive Jonathan Blow clips to boost your productivity
notInt,The Talos Principle 2 OST
notInt,Sudoku Expert Plays The Witness
notInt,lofi hip hop radio  beats to relaxstudy to
notInt,The 100 Year Old Mystery of the Empty Hexagon Problem
notInt,Techniques for dealing with lack of motivation malaise depression
notInt,The Witness  100 11543  New World Record
notInt,lofi hip hop radio  beats to sleepchill to
notInt,Taskmaster Season 19 Episode 5  Maybe were the monsters  Full Episode
notInt,We Play The Witness with Jonathan Blow
notInt,How 3D video games do graphics
notInt,Reality Evolution Consciousness  Donald Hoffman Λ Philip Goff
notInt,The Lost Kids Show NO ONE Can Findis Found
notInt,Intense Tetris Battle Royale Tetrio
notInt,The Hitchhikers Guide to the Galaxy
notInt,The Legend of Zelda Breath of the Wild  Nintendo Switch 2 Edition Review Update
notInt,Dominos App feat Hatsune Miku The ad that vanished from YouTube
notInt,Making the worlds most powerful Red Bull
notInt,The Unbearable Now An Interpretation of The Witness
notInt,Puyo Puyo Tetris English  All Cutscenes
notInt,Puyo Puyo Tetris Schezo Out of Context
notInt,A World Without Fruit
notInt,But what is quantum computing Grovers Algorithm
notInt,Tetris Effect Connected Journey Mode Gameplay Performance Preview  Nintendo Switch
notInt,The History of Bethesda Game Studios
notInt,Top 10 Best Pixel Art Games for Android and iOS 2025 New  Updated
notInt,AI Learns to Play Soccer and breaks physics
notInt,How Nuclear Flies Protect You from FleshEating Parasites
notInt,I Hate The Witness I Love The Witness
notInt,Literary Analysis of The Witness
notInt,PPT  Chain Practice
notInt,Predator Killer of Killers Review
notInt,Super Bomberman R  Official Nintendo Switch Trailer
notInt,Super Marios Invisible Difficulty Settings
notInt,The Talos Principle 2  Fully Ramblomatic
notInt,The Truman Show
notInt,The Witness Any Speedrun in 449 Former World Record
notInt,They Turned YouTube Itself Into A Puzzle Game
notInt,Puyo Puyo Tetris 2 how to get murdered in under 30 seconds
notInt,Tetris Effect Connected Longplay  Journey Mode Full Playthrough
notInt,Tetris Forever Nintendo Switch Review  Is It Worth It
notInt,The Looker
notInt,The Making of Animal Well  Documentary
notInt,The World Design of Hollow Knight  Boss Keys
notInt,The book with a multiplayer firstperson shooter inside
notInt,Tim Burtons Corpse Bride
notInt,Top 10 MOST UNDERRATED Movies of 2023
notInt,Top 15 Beautiful Offline Puzzle Games Android  iOS of All Time  Best Puzzle Game
notInt,What is a WitnessLike
notInt,Whats The Point of a Weird Status Effect
notInt,Who was the first video game boss And why do we call them that
notInt,Why The Frequency Illusion Is Everywhere Now
notInt,shapez 2 Dimension Update  Out Now
notInt,the tale of tamagotchi the neverending rabbit hole
notInt,Video You Puyo Puyod In The Wrong Tetris
notInt,AI Teachers and Duolingos New Plan  What Could Go Wrong
notInt,An Aseprite Crash Course In 30 Minutes
notInt,How to Play Regicide A CHALLENGING Dungeon Crawl Card Game
notInt,How to play Monopoly Go to Jail Expansion
notInt,I Found A Secret Level In GRINDSTONE
notInt,Incremental Tower Defense With Branching Builds  Outhold Demo
notInt,Saving Athena
notInt,Tetris Effect Connected  Gameplay Preview  Nintendo Switch
notInt,The Coffee Roguelike You Never Knew You Needed
notInt,The Legend of Zelda Echoes of Wisdom  Part 43
notInt,They added gravity to Chess
notInt,Can Roguelikes be Cozy Games
notInt,Cicada 3301 An Internet Mystery
notInt,Dr Seuss The Lorax
notInt,Guess What Cartoon Character Julia is Describing I Dare You
notInt,How Jonathan Blow Designs a Puzzle
notInt,Ive Spent 9 Years Working On My Board Game Was it worth it
notInt,Lets Play Kirby  the Amazing Mirror Part 1
notInt,Mario Kart World on Switch 2  Playing with VIEWERS
notInt,Monty Python And The Holy Grail
notInt,Puyo Puyo  A Deep Dive On The First Games Rich History
notInt,Puyo Puyo Tetris 2 part 9 Schezo returns oh and the Dark Prince too
notInt,Rediscovering the Mystery of Video Games
notInt,Speed Racer
notInt,The Talos Principle Timeline  COMPLETE Talos Principle Story  Lore
notInt,Vertical stacking works  New 60sec PR   Lumines II
notInt,100 Game Walkthrough  The Witness All 523 Puzzles  135 Environmental Puzzles  49 Audio Logs
notInt,Climb to Top of Zenith Tower on Tetrio
notInt,Death Becomes Her
notInt,Doing things the right way or the stupid way
notInt,How Can You Spice Up A Time Limit
notInt,How One Programmer Created Gamings Most Complex Ecosystem
notInt,Hyper Light Drifter All Secrets  Northern Zone
notInt,I Published a Math Paper
notInt,I competed in the biggest puzzle contest in America And my new strategy worked
notInt,Is Grindstone worth playing more
notInt,LUMINES REMASTERED PS4 Pro 1080p 60fps  The first 10 minutes of gameplay
notInt,Nintendo Switch 2 Mario Kart World Bundle Pick Up and Unboxing
notInt,Nintendo Switch Has So Many Tetris Games
notInt,Puyo Puyo Tetris 1  2 Out of Context 1  other funny moments
notInt,Puyo Puyo Tetris 1  2 Out of Context 2  other funny moments
notInt,Stranger Things 5  Date Announcement  Netflix
notInt,The Cauldron Finale
notInt,The History of 120 Stars Early Era 2004  2014
notInt,The Making of PREY  Documentary
notInt,The World Design of BanjoKazooie
notInt,These are AWESOME Replacements for Your Favorite Roguelike Games
notInt,They made a game about cardboard boxes
notInt,What Makes A Great First Boss
notInt,Windjammers 2  An Arcade Legacy in 2022 Makingof
notInt,Ys VIII Lacrimosa of DANA  REVIEW Nintendo Switch
notInt,lofi hip hop radio  beats to relaxstudy to
notInt,the tetris player is at a slight disadvantage
notInt,A free game SHOULD NOT be this good
notInt,AI Learns to Play Soccer and breaks physics
notInt,Boring History For Sleep  What it was like to visit a Medieval TAVERN and more
notInt,Ghost In The Shell 20
notInt,How 3D video games do graphics
notInt,How Dwarf Fortress Coming to Steam Changed Everything  Series Episode 3
notInt,I Got ONE MILLION on EVERY Minigame in Cauldron
notInt,Ive Given You 9 Kings Now Make a MILLION Synergies
notInt,Is Random Better Than Nothing in Mario Party
notInt,Jonathan Blow on Deep Work The Shape of a Problem Doesnt Start Anywhere
notInt,Lets Play Word Play
notInt,Mario Kart World What We Think After Playing 5 More Hours
notInt,Mission Impossible  The Final Reckoning Official Parachute Featurette 2025 Tom Cruise
notInt,Mosaic  Launch Trailer  Nintendo Switch
notInt,PURRRFECT PARTY GAME  Jumping Jazz Cats PC Gameplay
notInt,Pokemon Legends ZA  Official PreOrder Trailer
notInt,Puyo Puyo Tetris 2  Launch Trailer  Nintendo Switch
notInt,Robin Hood Men In Tights
notInt,Some good old fashioned PaperandPencil Games from 3M 50 years ago
notInt,Sorry I stopped posting but I made another game
notInt,Sushi Striker The Way of Sushido  REVIEW Nintendo Switch
notInt,THE TALOS PRINCIPLE 2  Forget GOTY its a GOAT  Review After 50 Hours
notInt,Taskmaster Season 19 Episode 4  Midnight picnic  Full Episode
notInt,Tetris Effect Review
notInt,Tetris Тоглоцгооё Tetris Effect Connected  Nintendo Switch OLED Handheld
notInt,The 100 Year Old Mystery of the Empty Hexagon Problem
notInt,The Best Games from GMTK Game Jam 2023
notInt,The GMTK Game Jam returns for 2025
notInt,The History of Bethesda Game Studios
notInt,The Most POINTLESS Board Games
notInt,The Nintendo character with zero Google results
notInt,The Roguelike Deckbuilder Where You FEED the Enemies Instead of KILLING Them
notInt,They added a SECRET Steam Achievement for ME
notInt,This Mining Tower Defense Roguelike is SO GOOD
notInt,This shouldnt be good
notInt,Thrive The Evolution of a Game
notInt,True Wireless Power is FINALLY here building a TRULY wirefree setup
notInt,Twisted Cryptids  How to Play
notInt,Unboxing the GameCube Switch 2 Controller  OG Comparison
notInt,We Compete to Make the Most SATISFYING CGi 7
notInt,We Play The Witness with Jonathan Blow
notInt,We designed special dice using math but theres a catch
notInt,What Makes A Great InGame Shop
notInt,creative vs inventive
notInt,10 Minutes of TETRIS EFFECT Music and Gameplay
notInt,200cc is NOT in Mario Kart World  Interconnected World is just the tip of the iceberg
notInt,2025 is a Strange Number
notInt,A 1989 TETRIS Expert Plays TETRIS EFFECT for the First Time
notInt,A free game SHOULD NOT be this good
notInt,Beyond 4D How to Imagine 6D Geometry
notInt,Blades of Fire  Fully Ramblomatic
notInt,Blazing Fast LEGO Mario Kart Spiny Shell Build 40787
notInt,Bugsnax Developers React to 15 Minute Speedrun
notInt,Can You Figure Out Which Chest Is Lying  Mimic Logic
notInt,Combo Tutorial for LUMINES REMASTERED
notInt,Crazy Misdrop Fix with a TSpin Triple Tetris
notInt,Death Squared Review
notInt,Destroying asteroids for HUGE PROFIT
notInt,Do Original GameCube Controllers Still Work on Switch 2
notInt,Donkey Kong Adventure  REVIEW Mario  Rabbids Kingdom Battle DLC
notInt,Emberward is Still the BEST Tower Defense Roguelike
notInt,Grindstone  GamePlay PC
notInt,Heads of State  Official Final Trailer 2025 John Cena Idris Elba Priyanka Chopra Jonas
notInt,Highly offensive Jonathan Blow clips to boost your productivity
notInt,Highly offensive Jonathan Blow clips to boost your productivity
notInt,Highway Engineer COMPLETES road building game
notInt,How Do Games Design Around No Damage
notInt,How Do Games Make Stealing Fun
notInt,How Hollow Knight Was Made and First Appeared on Newgrounds
notInt,How The Binding of Isaac Was Made and Designed to Fail
notInt,How To Get Back Into A Game According to Science
notInt,How to find amazing game ideas
notInt,I programmed some creatures They Evolved
notInt,Ive Given You 3 Tools Now Solve the Level
notInt,Is Grindstone worth playing more
notInt,Jonathan Blow clips to watch at 3 hour lunch break at a web company
notInt,Jonathan Blow on his programming language jai
notInt,Kiss of the Spider Woman  Official Trailer 2025 Jennifer Lopez Diego Luna Tonatiuh
notInt,Less talk more action  Lofi for study work  with Rain sounds
notInt,Let go of what you cant control  Lofi Rain  Study Beats  Cafe Music
notInt,Lies of P Review
notInt,New Mosa Lina Update Means Me Forcing Retromation to Play with Me
notInt,Nine Sols Full Gameplay
notInt,Nintendo Switch 2 Unboxing
notInt,ONE PIECE Season 2  Chopper First Look  Netflix
notInt,Opus Magnum is One of the Best Puzzle Games and Ive Never Played It
notInt,Otters Cozy Café Vibes  Calm Lofi for Work Relax lofihiphop chillmusic coffeemusic studymusic
notInt,Point and Click Puzzle Design
notInt,Preserve Full release v101  Medium Jurassic map play  2598 score gold medal
notInt,Puyo Puyo Tetris 2  Slight Disadvantage Fighting for My Life
notInt,Puyo Puyo Tetris 2 Nintendo Switch Review  Is It Worth It
notInt,Puyo Puyo Tetris 2 part 9 Schezo returns oh and the Dark Prince too
notInt,Puyo Puyo Tetris  Wumbo Ranked 4384244010 Switch
notInt,Reality Evolution Consciousness  Donald Hoffman Λ Philip Goff
notInt,Secrets of the Gungeon  Explaining the Secret Hidden Unlockables of EtG
notInt,Slay the Spire 2  Official Gameplay Trailer
notInt,Snake but with a skill tree
notInt,Super Mario RPG Review
notInt,Switch 2 Backwards Compatibility is Amazing Frame Rates  Load Times Tested
notInt,TOP 10 Best Puzzle Games on Nintendo Switch to Challenge Your Mind
notInt,Tackling the Biggest Unsolved Problems in Math with 3Blue1Brown
notInt,Tetris Effect  E3 2018 Announce Trailer  PS4
notInt,The 3 Types of Detective Game
notInt,The Bizarre Lore of Crash Bandicoot
notInt,The Coffee Roguelike You Never Knew You Needed
notInt,The Fantastic Four First Steps  Official Teaser Trailer 2025 Pedro Pascal Joseph Quinn
notInt,The Games That Designed Themselves
notInt,The Greatest Language Translating Puzzle Game Ever Made
notInt,The Hidden Shortcuts of Mario Kart Double Dash
notInt,The Last Campfire  Announcement Trailer  Nintendo Switch
notInt,The Lost Kids Show NO ONE Can Findis Found
notInt,The Most Complex Ecosystems in Games
notInt,The Mysterious Mechanics of Pokémon Pinball Ruby  Sapphire
notInt,The Nintendo character with zero Google results
notInt,The Pedestrian Developers React to 11 Minute Speedrun
notInt,The Rules are Simple Keep Driving
notInt,The Simplest 3 Masterpiece Youll Ever Play
notInt,The Talos Principle 2 OST
notInt,The Talos Principle 2 OST
notInt,The Talos Principle 2 is BETTER than 1 Heres Why
notInt,The Talos Principle 2 33 Minutes of Gameplay
notInt,The Talos Principle Timeline  COMPLETE Talos Principle Story  Lore
notInt,The Unbearable Now An Interpretation of The Witness
notInt,The mistake every new game developer makes Developing 2
notInt,They made this game TOO ADDICTIVE
notInt,This Massive Talent Tree Roguelike Just Added Overpowered Ninjas  Talented
notInt,This Puzzle Has More Layers Than Expected
notInt,This game made me do UNFORGIVABLE things
notInt,Tiny Glade Getting Started Guide  Hints  Tips For Beginners
notInt,Top 10 Best OFFLINE Games For Android  iOS 2024  New and Updated Games
notInt,Top 10 Best PixelArt Games for AndroidiOS in 2024 OfflineOnline  New  Updated Games
notInt,Top 15 Beautiful Offline Puzzle Games Android  iOS of All Time  Best Puzzle Game
notInt,Trump  Deportations Last Week Tonight with John Oliver HBO
notInt,Trump  The Press Last Week Tonight with John Oliver HBO
notInt,Vampire Survivors I Am The Bullet Heck
notInt,What Makes A Good Difficulty Option
notInt,Whats Under The Sudoku Fog
notInt,When Your Old Market Shop is Struggling You Call in the CEO
notInt,When you dont need to send the attack to win Slight Disadvantage
notInt,Why Does Celeste Feel So Good to Play
notInt,Why Is The US Dropping Billions Of Mutant Flies From The Sky
notInt,Why the rush  lofi beats for workstudy  cat jazz
notInt,Woodpunk Factory Builder But With Pikmin  Oddsparks An Automation Adventure Early Access
notInt,planes if they were 10000 times better
notInt,13 Hidden Gem Long Reach Magnetic Pickup Tool with Quick Release Absolutely worth it
notInt,No Ad Interruptions Cat TV for Cats to Watch Cute Little Birds with Squirrelmania10 Hrs 4K HDR
notInt,15 Amazing Next Level Tools You Must Have
notInt,15 Best Single Player Games You Can FINISH IN 5 Hrs
notInt,15 Minutes of Spiritfarer Gameplay  Gamescom 2019
notInt,20 Best Space Games That LET YOU EXPLORE  BUILD
notInt,2025 is a Strange Number
notInt,2025 worlds strongest handheld laser
notInt,3 Hours of Theories That Will Break Your Perception
notInt,3 LifeSaving Rope Knots for Emergency Situations
notInt,40 MAGNETIC INVENTIONS YOU MUST SEE IN 2025  NEXTGEN INNOVATIONS  GADGETS REVEALED
notInt,4K Video for Cats to Watch Colorful Birds and Cheeky Chipmunks in the Garden
notInt,A Beginners Guide to Puyo Puyo Part 1 The Blocking Method
notInt,A Big Bold Beautiful Journey  Official Trailer 2025 Margot Robbie Colin Farrell
notInt,A Brief History of Graphics
notInt,A Minecraft Movie Pitch Meeting
notInt,A Roguelike All About Mining Coal
notInt,Achieving the Impossible in Mini Motorways  30000 Points
notInt,Amazon EKS Dashboard NEW  HandsOn Demo  Unified Cluster Visibility
notInt,An Aseprite Crash Course In 30 Minutes
notInt,Animal Well Developers React to 16 Minute Speedrun
notInt,Atelier Ryza  Will we EVER finish this
notInt,Attempting to Explain All of Kirby Lore in a Single Video
notInt,BLUE PRINCE FULL GAME IS HERE Ive Been Waiting For This
notInt,Baking brownies from the inside out
notInt,Bakudo  Official Announcement Trailer  The MIX Summer Showcase 2025
notInt,Beautiful Relaxing Music  Stop Overthinking Stress Relief Music Sleep Music Calming Music 131
notInt,Behold The Great ALZARA  Blue Prince
notInt,Blue Prince Can a random puzzle game actually work
notInt,Bonus Video A Very Okay Steward Run That Did Not Win  Monster Train 2
notInt,Botanist Explains All GrassType Pokemon
notInt,Building a 50 Surge Attack in the 1v1
notInt,Calming music heals the heart and calms the nervous system  Music for the soul and relaxation 4
notInt,Can I fix Zeldas UI using Unity
notInt,Can we Improve Tutorials for Complex Games
notInt,Cattle Country Nintendo Switch Gameplay
notInt,Chess But Theres Sidequests
notInt,Cocoon Review
notInt,Coding Adventure Software Rasterizer
notInt,Cosy Maths Practice Stream
notInt,Cozy Café Lofi with Waffle the Otter  Soft Beats lofihiphop chillmusic coffeemusic studymusic
notInt,Creation the State of Art ᐸFull Optionᐳᐸarea 03ᐳ
notInt,CultBuilder AutoBattler Roguelike  Becoming Saint Demo  Sponsored
notInt,DONT WORK ON SWITCH 2 Which Games Have Backward Compatibility Issues
notInt,DVDRAM The Disc that Behaved like a Flash Drive
notInt,Dead by Daylight  Official The Witcher Collection Trailer
notInt,Deadcam  Official Reveal Trailer
notInt,Death Howl  Official Gameplay Trailer  The MIX Summer Showcase 2025
notInt,Dice Legends  Official Announcement Trailer
notInt,Do Original GameCube Controllers Still Work on Switch 2
notInt,Dominos App feat Hatsune Miku The ad that vanished from YouTube
notInt,Donkey Kong Adventure  REVIEW Mario  Rabbids Kingdom Battle DLC
notInt,Downton Abbey The Grand Finale  Official Teaser Trailer 2025
notInt,Dr Seuss Horton Hears a Who
notInt,Dragon Is Dead The First 15 Minutes of Gameplay
notInt,Drawing Classic Drawfee Characters That Weve Never Drawn Before
notInt,Dream the Future Communication  Smart Tech Conversations
notInt,EX3 Gertrude 4T feat Bow Team  Octopath Traveler Cotc
notInt,Eat Mushrooms Become HUGE  Monster Train 2
notInt,Engineering the PERFECT city layout in a new puzzle game
notInt,Even More Indie Games You Missed if i had to guessi cant be sure though
notInt,Every Type of Mimicry Explained
notInt,Exploiting the game to make myself smarter
notInt,Factorio  Wordle  A word game for engineers
notInt,Fake CAPTCHAs Are Taking Over the Internet Heres How to Spot Them
notInt,Flowing Peace  Restful Nights in Natures Arms  sleep  relax  enjoy life  ASMR
notInt,Frog Fractions Documentary
notInt,Fumes  Official Early Access Release Date Trailer
notInt,GRIS  Launch Trailer  Nintendo Switch
notInt,GRIS  Launch Trailer  Nintendo Switch
notInt,Getting to Know Nintendo Switch 2  System Transfer
notInt,Ghost In The Shell 20
notInt,Good Design Bad Design Vol 15 The Best and Worst of Video Game Graphic Design
notInt,Gorgeous but deadly  Synergy
notInt,Grease
notInt,Guilty as Sock  Six One Indie Showcase 2025 Trailer
notInt,HOVSCO HovGtrs 1500W max 48V 15aH Mopedstyle EBike Assembly settings performance tests
notInt,High Ho Down
notInt,Honest Trailers  Monty Python and the Holy Grail
notInt,Hot Shots
notInt,House on Eden  Official Trailer 2025 Kris Collins Celina Myers
notInt,How Can You Make Backtracking Fun
notInt,How Cuphead Was Made and Struggled Finding The Right Protagonist
notInt,How Deep Does the Rabbit Hole Go  Blue Prince
notInt,How Hollow Knight Was Made and First Appeared on Newgrounds
notInt,How Isometric Coordinates Work in 2D games
notInt,How Jonathan Blow Designs a Puzzle
notInt,How Nuclear Flies Protect You from FleshEating Parasites
notInt,How Prey Saved the Predator Franchise  The Backdrop
notInt,How The Binding of Isaac Was Made and Designed to Fail
notInt,How The Legend of Zelda Theme Works
notInt,How To Think Like A Game Designer
notInt,How Video Game Economies are Designed
notInt,How to Play Scoundrel a SOLO DUNGEON CRAWL with a deck of cards
notInt,How to play Monopoly Go to Jail Expansion
notInt,How we share the water in Japan to everyones benefit How the channel watering system works
notInt,Hvac leaking inside  neglect everywhere
notInt,I Built the Simpsons School in Lego  Full Modular MOC Showcase
notInt,I Can Feel the The End Within Our Grasp
notInt,I Chopped The Last Tree And Now Im Free  Lumberjacked
notInt,I Created the MOST BROKEN Monster Train 2 Run for its Release Today
notInt,I Made a DnD Combat System  I CANT Play Without it
notInt,I Used GODS to Destroy Monsters in this Autobattler Roguelike
notInt,I Watched Thunderbolts in 025x Speed and Heres What I Found
notInt,I added Aphid Farming to my Ant Colony Simulation
notInt,I competed in the biggest puzzle contest in America And my new strategy worked
notInt,I must PROTECT this tree
notInt,Ive Given You 3 Tools Now Solve the Level
notInt,Ive Given You 9 Kings Now Make a MILLION Synergies
notInt,Incremental Tower Defense With Branching Builds  Outhold Demo
notInt,Intense Tetris Battle Royale Tetrio
notInt,Is This The Greatest Card Game Of All Time  Board AF Flip 7
notInt,Isoforge Demo  Realease Stream
notInt,Its Finally Here Mario Kart World on Switch 2  Playing with VIEWERS
notInt,Jonathan Blow clips to watch at 3 hour lunch break at a web company
notInt,LUMINES Electronic Symphony VOYAGE100 Gameplay
notInt,LUMINES PLUSPS2 playthrough
notInt,LUMINES REMASTERED PS4 Pro 1080p 60fps  The first 10 minutes of gameplay
notInt,Less talk more action  Lofi for study work  with Rain sounds
notInt,Lets Battle EVERYONE in Cauldron Today
notInt,Lets Play While True Learn  PC Gameplay Part 1  Machine Learning Is Hard
notInt,Lets Play While True Learn  PC Gameplay Part 1  Machine Learning Is Hard
notInt,Looney Tunes  Classic Bugs Bunny vs Yosemite Sam Compilation  Warner Classics
notInt,Lumines Live  VS CPU No Hit
notInt,Lumines Live  VS CPU No Hit
notInt,Lumines Remastered  Basic Challenge Mode  Score 1731929
notInt,Lumines Remastered  Shuffle Challenge Mode  Score 2665538
notInt,Lumines Remastered  VS CPU Mode 4m48sIngame Time
notInt,Lumines Remastered  Announce Trailer  PS4
notInt,Lumines Soundtrack I hear the music in my Soul
notInt,Lumines Block Challenge  Challenge Mode Full Playthrough
notInt,Lumines Electronic Symphony  Embracing The Future 60FPS Hack
notInt,MASSIVE Phaser Drop RC4 Beam Editor  Top Games Phaser World 220
notInt,MIDYEAR GIVEAWAYS COMPETITION  Flosstube 398  SWM HAED THE MOUNTAIN CABIN  STITCHERY LOVERS
notInt,Mario Kart Worlds ALL INTERROGATION PANEL LOCATIONS in TOADS FACTORY Free Roam Collectibles
notInt,Mars Attacks
notInt,MedievaLoFi  Lofi Beats for the Medieval Knight you always wanted to be
notInt,Members First Video April 2025  Slay the Spire
notInt,Minute Cryptic Clue 339 Swift JayZ or Eminem 5
notInt,Modular Shed  Floor Joists
notInt,Monster Collection Tower Defense Roguelite  Rogue Monster Rush
notInt,Monster Train 2 Covenant Climb  Livestream
notInt,Moonlighter 2 The Endless Vault  Gameplay Commentary
notInt,Morning Energy Playlist  Feel Good Vibes to Boost Your Mood
notInt,Mosaic  Launch Trailer  Nintendo Switch
notInt,Mr Buttons Demo Dont Push the Red Button  State of Unreal 2025
notInt,My Favorite City Building Roguelike Got Even Better
notInt,My New Favorite Junk Punk Farm Sim  Doloc Town
notInt,NEW Nintendo Switch 2 News Just Appeared
notInt,Neon White Developers React to 35 Minute Speedrun World Record
notInt,Never Gonna Change  Bronson Diamond  Greta Stanley Music Video
notInt,New Dice Roguelike Just Dropped
notInt,New Inventory Management Roguelike Yes Please
notInt,New MarioKart World Streaming Until I Beat The Game New Nintendo Switch 2 Gameplay 100CC
notInt,New Minigames Just Dropped in Cauldron
notInt,New Minigames Just Dropped in Cauldron
notInt,Nintendo Releases 60fps Footage of Pokemon Scarlet  Violet for Switch 2  IGN Daily Fix
notInt,Nintendo Switch 2 Mario Kart World Bundle Pick Up and Unboxing
notInt,Nintendo Switch 2  Official Launch Trailer
notInt,Nintendo Switch 2 Welcome Tour So Is it Worth 10
notInt,Nintendo Switch 2  Launch Trailer
notInt,Nintendo Switch ESHOP Sale is Live Right Now  Nintendo Switch Deals
notInt,OLYMPIADS  How to Solve tt  t2  Can You Solve for t maths
notInt,Okay the Harder 9 Kings Difficulties are Just Impossible Huh
notInt,Okay the Ice Minigame is Sick Im Sorry for my Negativity Last Episode
notInt,Old pinball machines are amazingly complex
notInt,Opus Magnum is One of the Best Puzzle Games and Ive Never Played It
notInt,Overengineering a chocolate factory
notInt,PAX East 2025 was STACKED with great Indie Games
notInt,Paralyzed cats hilarious reaction to wheelchair
notInt,Path of Exile  Official Secrets of the Atlas Trailer
notInt,Peanuts Bon Voyage Charlie Brown and dont come back
notInt,Pixel Art Animation Reinvented  Astortion Devlog
notInt,Plants vs Zombies 3 Welcome to Zomburbia  Gameplay Walkthrough Part 1  Daves House
notInt,Plants vs Zombies 3 Welcome to Zomburbia  Gameplay Walkthrough Part 1  Daves House
notInt,Playing A Card Game to SAVE MY LIFE  Inscryption
notInt,Pokémon Scarlet  Violet  Misstery for the Ages  Jun 3 25 B
notInt,Pokémon Scarlet  Violet 13 Minutes of Nintendo Switch 2 Gameplay
notInt,Predator Killer of Killers  Exclusive Clip 2025
notInt,Puyo Puyo Tetris 2 Nintendo Switch Review  Is It Worth It
notInt,Puyo Puyo Tetris 2 Nintendo Switch Review  Is It Worth It
notInt,Puyo Puyo Tetris Schezo Out of Context
notInt,Puyo Puyo Tetris Schezo Out of Context
notInt,Puyo Tutorials Part 2 Introduction to Chaining  The Blocking Method
notInt,Puyo Tutorials Part 3 FixedForm Chaining  Stairs
notInt,Ranking Every Kirby Game
notInt,Reality Evolution Consciousness  Donald Hoffman Λ Philip Goff
notInt,Rediscovering the Mystery of Video Games
notInt,Restoring My Deck with Cabot Deck Correct  Pressure Washing and Painting Old Dried Out Decking
notInt,Rock Is Sponge ᐸarea 04ᐳ
notInt,Rune Factory 3 Special Gameplay  Nintendo Switch  No Commentary Part 4
notInt,S2 E7 Municipal Violations Israel  Starbucks Last Week Tonight with John Oliver
notInt,S2EP45 Working in Unity Pixel Art Roguelite Fantasy Team Builder TurnBase RPG
notInt,S5 E23 Facebook Trump  Christine Blasey Ford Last Week Tonight with John Oliver
notInt,SYDER Reloaded  Challenge Mode
notInt,Saving Athena
notInt,Sea of Stars  Review in 3 Minutes
notInt,Secrets of the Gungeon  Explaining the Secret Hidden Unlockables of EtG
notInt,Slay the Spire Developers React to 5 Minute Speedrun
notInt,Songs of Silence  Community Managers Epic Clash  Gigi  Ilcin
notInt,Sonic Symphony  What Im Made of Live NY United PalaceJune 8 20243PM Show
notInt,Sonic X Shadow Generations  Official Nintendo Switch 2 Launch Trailer
notInt,Sorting Inc   Cozy Night Gaming   No commentary just vibes
notInt,Spelunking the Marsh Caves  FINAL FANTASY PIXEL REMASTER  Lets Play Part 4
notInt,Sudoku Expert Plays The Witness
notInt,Super Bomberman R  Official Nintendo Switch Trailer
notInt,Super Marios Invisible Difficulty Settings
notInt,Surfs Up
notInt,Sushi Striker The Way of Sushido  REVIEW Nintendo Switch
notInt,Switch 2  Mario Kart World and Requests
notInt,Switch 2 GameCube Controller Review  The Ultimate Throwback
notInt,THE ENDLESS TUNNEL  Blue Prince
notInt,THE STREAM ENDS WHEN I WIN A KNOCKOUT TOUR MARIO KART WORLD
notInt,TOP 20 Best Couch CoOp Switch Games of All Time
notInt,TOP 20 Best Nintendo Switch COOP Multiplayer Games You Can PLAY RIGHT NOW
notInt,Tackling the Biggest Unsolved Problems in Math with 3Blue1Brown
notInt,Taskmaster Season 19 Episode 3  My presumably stum  Full Episode
notInt,Taskmaster Season 19 Episode 4  Midnight picnic  Full Episode
notInt,Taskmaster Season 19 Episode 5  Maybe were the monsters  Full Episode
notInt,Taskmaster Season 19 Episode 5  Maybe were the monsters  Full Episode
notInt,Techniques for dealing with lack of motivation malaise depression
notInt,Techniques for dealing with lack of motivation malaise depression
notInt,Teem solo challenge column mania rainbow perfect heist match masters today gameplay
notInt,Temtem Swarm  Official Endless Inferno Update Release Date Trailer  The MIX Summer Showcase 2025
notInt,Tetris Effect Connected Longplay  Journey Mode Full Playthrough
notInt,Tetris Effect Connected  Gameplay Preview  Nintendo Switch
notInt,Tetris Forever Nintendo Switch Review  Is It Worth It
notInt,Tetris But Its an Extremely Unique Roguelike  Drop Duchy
notInt,The 3 Types of Detective Game
notInt,The AI Apocalypse  Beyond the Black Void
notInt,The Best Ever Indie Games On The Nintendo Switch
notInt,The Best Ever Indie Games On The Nintendo Switch
notInt,The Best Games from GMTK Game Jam 2021
notInt,The Best Games from GMTK Game Jam 2021
notInt,The Best Tower Defense Roguelike is Finally Here
notInt,The Book of Life
notInt,The Cauldron Finale
notInt,The Chronicles of Riddick Dark Fury
notInt,The Cult Classic That Secretly Inspired The Game Industry
notInt,The Dumbest Things EV Owners Do
notInt,The Gardens Between 61  Walkthrough  Playthrough
notInt,The Gardens Between 71  Walkthrough  Playthrough
notInt,The Gods Must Be Crazy
notInt,The Hitchhikers Guide to the Galaxy
notInt,The Last Campfire  Announcement Trailer  Nintendo Switch
notInt,The Legend of Zelda Echoes of Wisdom  Part 43
notInt,The Legend of Zelda Breath of the Wild  Nintendo Switch 2 Edition Review Update
notInt,The Life of Chuck  Official Trailer 2 2025 Tom Hiddleston Chiwetel Ejiofor Karen Gillan
notInt,The Life of Satoru Iwata
notInt,The Looker
notInt,The Lore  Story of Dead Cells with ALL DLCs
notInt,The Lore  Story of Dead Cells with ALL DLCs
notInt,The Lost Kids Show NO ONE Can Findis Found
notInt,The MIX Summer Game Showcase 2025
notInt,The MOST BREAKABLE Roguelite Ive Ever Played  9Kings
notInt,The Making of Animal Well  Documentary
notInt,The Making of Animal Well  Documentary
notInt,The Making of Outer Wilds  Documentary
notInt,The Miserable World of Completing Crash Bandicoot 4  Caddicarus
notInt,The Most POINTLESS Board Games
notInt,The Origins of Dwarf Fortress  Series Episode One
notInt,The Peanuts Movie
notInt,The Power of Incentives  How Games Help Us Examine Our World  Extra Credits
notInt,The Shaft is completed in Timberborn
notInt,The Story of Super Mario Kart
notInt,The Story of Tetris
notInt,The Strange English Translations of Puyo Puyo
notInt,The Talos Principle  Story Explanation and Analysis
notInt,The Talos Principle 2 Review
notInt,The Talos Principle 2  Gameplay Trailer
notInt,The Talos Principle 2  Launch Trailer
notInt,The Top 50 Indie Games That You Simply Need To Play
notInt,The Tragic Tale of Squidward Tentacles
notInt,The Truman Show
notInt,The Witcher 4  UE 56 Tech Demo  State of Unreal 2025
notInt,The Witness  100 11543  New World Record
notInt,The Witness Documentary
notInt,The book with a multiplayer firstperson shooter inside
notInt,The game mocks my profession
notInt,Theres a New Minigame in Cauldron
notInt,They added gravity to Chess
notInt,They made a game about choosing a seat
notInt,They made rejecting the terms and conditions x1000 harder
notInt,This 6yearolds hand drawn maze FOOLED ME
notInt,This 6yearolds hand drawn maze FOOLED ME
notInt,This Cute Rat Kingdom Builder Is Finally Out In 10  Ratopia
notInt,This Fantastic Woodpunk Automation Sim Is Finally Out In 10  Oddsparks An Automation Adventure
notInt,This Frog Game Took Me Years to Start  Devlog
notInt,This Tower Defense  Citybuilder is Amazing
notInt,This Video Took Us 8 Years To Make
notInt,This classic puzzle game got a cursed sequel
notInt,This entire game is a massive spoiler
notInt,This is how my BRAIN works Shapezio by a REAL CIVIL ENGINEER
notInt,Tim Burtons Corpse Bride
notInt,Top 10 Best OFFLINE Games For Android  iOS 2024  New and Updated Games
notInt,Top 10 Cozy Relaxing Games for Android  iOS To Play in 2025  Stressfree Games
notInt,Top 15 Best Indie Turn Based JRPG MASTERPIECE That Have AMAZING Story and Lore
notInt,Top 30 Best Nintendo Switch METROIDVANIA Games  Best METROIDVANIA Games on Switch Updated 2025
notInt,Tower Defense but YOU are the Bad Guys
notInt,Trust  Official Trailer 2025 Sophie Turner Rhys Coiro Katey Sagal
notInt,UNBOXING THE SWITCH 2
notInt,Unboxing the GameCube Switch 2 Controller  OG Comparison
notInt,Very Casual Hyper Metroid SUPER Run  100 Part 3
notInt,WHO ARE THE PIZZA GNOMES  Plate Up
notInt,We Compete to Make the Most SATISFYING CGi 7
notInt,We designed special dice using math but theres a catch
notInt,What Makes A Good Difficulty Option
notInt,What Makes A Good Secret Boss
notInt,What Makes A Great Double Boss Fight
notInt,What Makes a Game Feel Mysterious
notInt,Wheelsprung  Playdate gameplay  impressions
notInt,Where does punctuation come from
notInt,Whose line is it anyway NEW Scenes from a hat Season 9
notInt,Why The Frequency Illusion Is Everywhere Now
notInt,Why do so many cultures have dragon legends  Timothy J Burbery
notInt,Witchbrook  Announcement Trailer  Nintendo Switch
notInt,Within this cube is a super clever perspective based puzzle game Moncage
notInt,Womens Boulder final  Salt Lake City 2025
notInt,Wonders of Japan  The Hidden Places No One Talks About  Travel Video 4K
notInt,Woodpunk Factory Builder But With Pikmin  Oddsparks An Automation Adventure Early Access
notInt,Wumbo Classic Tetris Progress 6425
notInt,You Know Its a Good Game When You Play as a Brain  Starless Abyss
notInt,You Must Press Every Button
notInt,You Must Press Every Button
notInt,Zelda The Wind Waker  All Item Upgrade Locations
notInt,20221004 Tierlist Time  SM64 Levels ConsolesControllers Final Fantasy Zelda  more
notInt,GameDev PENGUIN   Unity3D C
notInt,Puyo Puyo Tetris 2 how to get murdered in under 30 seconds
notInt,eShop Speed Comparison  Switch 1 vs Switch 2
notInt,i made every dumpling to prove a point
notInt,learning Blender is easy actually
notInt,planes if they were 10000 times better
notInt,shapez 2 Dimension Update  Out Now
notInt,sleep ambient radio  relaxing music to fall asleep to
notInt,AMAZING Discounts on Todays Nintendo ESHOP Sale  35 MustSee Nintendo Switch Deals
notInt,10 Cozy Puzzle Games to Play Anytime  PC Mac  Switch
combined,I Hate The Witness I Love The Witness
combined,Opus Magnum Makes My Brain Melt Through my Ears
combined,Jonathan Blow on his programming language jai
combined,Puyo Puyo  A Deep Dive On The First Games Rich History
combined,Sudoku Expert Plays The Witness
combined,How To Play Monopoly Correctly  A Full Tutorial
combined,Attempting to Explain All of Kirby Lore in a Single Video
combined,Dominos App feat Hatsune Miku The ad that vanished from YouTube
combined,Jas Broke the Game  Game of Life 2 Patreon Pick
combined,This Board Game Is Older Than Stonehenge
combined,Death Squared  2  Offensive Cubism 4 Player Gameplay
combined,The SECRET Mode of Puyo Puyo Champions
combined,Thinky Direct 2025  Exclusive trailers and announcements for puzzle fans
combined,We Play The Witness with Jonathan Blow
combined,I was almost in Squid Game
combined,The NEW No Time To Relax  Walk of Life Demo Gameplay
combined,Arvi Teikari Baba is You What now  Games Now
combined,I Found A Secret Level In GRINDSTONE
combined,Lets Play Opus Magnum  PC Gameplay Part 2  Comprehension
combined,Literary Analysis of The Witness
combined,Major Payne
combined,Rediscovering the Mystery of Video Games
combined,T POSING THROUGH LIFE  To A T Gameplay
combined,Tetris Effect  E3 2018 Announce Trailer  PS4
combined,The Witness  100 11543  New World Record
combined,Death Squared  4  DANCE PARTY Twitch Highlight
combined,How Return of the Obra Dinn Turns You Into a Detective
combined,Puyo Puyo Chronicle  The Unlocalized Puyo RPG
combined,Sea of Stars DLC p3
combined,TETRIS EFFECT Grand Master Level 100 Expert Journey
combined,The State of Puyo Puyo in 2024
combined,ANGEL FREQUENCY 777Hz  Attract Positivity  Luck  Healing Energy For Sleep  Black Screen
combined,Can Roguelikes be Cozy Games
combined,Dr Seuss The Lorax
combined,Exploiting the game to make myself smarter
combined,Gameplay  Opus Magnum Part 1  The Basics of Alchemy
combined,How 3D video games do graphics
combined,How to play Puyo Puyo  Lesson 1 Concept of making chains
combined,I Fought Against a Team of Pro Tetris Players
combined,Mystery Loves Company  Board Game Show Bonus Video
combined,Pixel Art Animation Reinvented  Astortion Devlog
combined,Taskmaster Season 19 Episode 5  Maybe were the monsters  Full Episode
combined,Tetris Effect Launch Trailer  PS4 Optional PS VR
combined,Wingspan  How To Play
combined,You Should Play  Opus Magnum
combined,Closed captions on DVDs are getting left behind
combined,Flat Heroes  1  Its Hip to be Square 4 Player Gameplay
combined,Guess What Cartoon Character Julia is Describing I Dare You
combined,Heat Pedal To The Metal  How To Play
combined,How Nuclear Flies Protect You from FleshEating Parasites
combined,I Thought I Was Cooking in Opus Magnum but I was Actually Engulfed in Flames
combined,Intense Tetris Battle Royale Tetrio
combined,Lets Play  Part 1
combined,Opus Magnum  Hexstabilized Salt
combined,Puyo Puyo Tetris 1  2 Out of Context 2  other funny moments
combined,RAIN Sounds for Sleeping BLACK SCREEN  Rain NO THUNDER  Calm Rain for Sleep Study
combined,ROBBING A BANK FOR GRANDMA  Wobbly Life Switch Coop Gameplay AD
combined,Skara Brea  Solo Playthrough
combined,Sudoku Expert Plays The Witness
combined,Super Bomberman R  Official Nintendo Switch Trailer
combined,Surfs Up
combined,The Art of Puzzle Design  How Game Designers Explore Ideas and Themes with Puzzles and Problems
combined,The Biggest Puyo Puyo Tournament of All Time
combined,The First Guy To Ever Drink Coffee
combined,The Pedestrian Developers React to 11 Minute Speedrun
combined,The State of Puyo Puyo  Puzzle Pop Review  More
combined,The Talos Principle 2 OST
combined,The Talos Principle  ASMR  Sleep Aid  Relaxing beach ambience  music
combined,The Two Types of Random in Game Design
combined,The Unbearable Now An Interpretation of The Witness
combined,The rules of this game change as you play it
combined,They made a game about cardboard boxes
combined,Tim Burtons Corpse Bride
combined,True Wireless Power is FINALLY here building a TRULY wirefree setup
combined,What Makes Celestes Assist Mode Special
combined,When a game makes your academic success worthless
combined,When you dont need to send the attack to win Slight Disadvantage
combined,Why Does Celeste Feel So Good to Play
combined,planes if they were 10000 times better
combined,The Talos Principle II  Full Soundtrack  Unreleased Tracks
combined,the tetris player is at a slight disadvantage
combined,27mins connected vs game virgo
combined,A FT20 Situation Puyo Puyo Tetris 2
combined,A Modern TETRIS Expert Plays TETRIS EFFECT
combined,ANGEL FREQUENCY 777Hz  Attract Positivity  Luck  Healing Energy For Sleep  Black Screen
combined,Building Glorious Bridges Made Entirely of Puzzles
combined,Can we Improve Tutorials for Complex Games
combined,Cicada 3301 An Internet Mystery
combined,Conquering the Whole Island to Summon a Giant Laser Beam
combined,Death Squared  2  Offensive Cubism 4 Player Gameplay
combined,Death Squared  Level 2130 Walkthrough Gameplay  ios
combined,Everdell  How To Play
combined,Good Game Design  Baba Is You
combined,How The Legend of Zelda Theme Works
combined,How to Greatly Benefit From DICTIONARIES in Godot 44
combined,How to play Puyo Puyo Tetris Tetris Basics
combined,I Hate The Witness I Love The Witness
combined,I played 100 of The Talos Principle 2 and heres what I think
combined,Incremental Tower Defense With Branching Builds  Outhold Demo
combined,Its finally done 22 line zone Impossibilitris  Tetris effect Connected
combined,Kosmocean  The Endless Sea  Demo gameplay  Chill under water exploration aside from the deaths
combined,Lets Play Zelda Classic  Dreams Realm Part 49
combined,Literary Analysis of The Witness
combined,Lumines Remastered  Basic Challenge Mode  Score 1731929
combined,Lumines Soundtrack I hear the music in my Soul
combined,Massive Game Where the ENTIRE HOUSE is a Puzzle  The Room 4
combined,Monty Python And The Holy Grail
combined,Mr Fantastic Finds A Way Into Diablos Temple  Fantastic 4 Game 4K 60fps
combined,OMG Switch 2  Mario Kart World LIVE
combined,Optimizing An Extremely Satisfying Robot Factory  Manufactoria 2022
combined,Peanuts Bon Voyage Charlie Brown and dont come back
combined,Rediscovering the Mystery of Video Games
combined,Rock Is Sponge ᐸarea 04ᐳ
combined,Saving Athena
combined,She Remembered Caterpillars  Act 1  Chapter 17  Walkthrough
combined,Snake but with a skill tree
combined,Someone Made a Parody of The Witness And It Is HILARIOUS The Looker
combined,Squid Game Season 3  Official Trailer  Netflix
combined,Super Marios Invisible Difficulty Settings
combined,THE GARDENS BETWEEN PS4 PRO  Platinum Trophy Guide Walkthrough Easy 12 hr Platinum
combined,THE TALOS PRINCIPLE 2  Forget GOTY its a GOAT  Review After 50 Hours
combined,TOP 10 Best Mystery Games on Nintendo Switch You Cant Miss
combined,Terminator Genisys
combined,Tetris Effect and Other Games with Immaculate Vibes
combined,The 100 Games That Taught Me Game Design
combined,The Book of Life
combined,The First Tree  Launch Trailer  Nintendo Switch
combined,The Gardens Between  100 Full Game Walkthrough  All AchievementsTrophies  FREE with Game Pass
combined,The Gardens Between  Full Gameplay Walkthrough Video iOS Android
combined,The Gardens Between REVIEW Nintendo Switch PS4 PC
combined,The Gardens Between Switch Review  NEVER SEEN THIS BEFORE
combined,The Greatest Language Translating Puzzle Game Ever Made
combined,The Hitchhikers Guide to the Galaxy
combined,The Most Satisfying Puzzles Ever Made
combined,The Oracle of the Tides Sea of Stars pt 6
combined,The Peanuts Movie
combined,The best puzzle game you cant play  Lumines Electronic Symphony
combined,They Turned an IKEA Manual into a Roguelike
combined,Top 10 NEW Puzzle Games For Android  iOS in 2024 That You Need To Try
combined,Top 15 Beautiful Offline Puzzle Games Android  iOS of All Time  Best Puzzle Game
combined,Top 15 Beautiful Offline Puzzle Games Android  iOS of All Time  Best Puzzle Game
combined,Transference  100 AchievementTrophy Guide  All Collectibles On Sale For 599 xbox
combined,True Facts Beetles That Took Things Too Far
combined,Vertical stacking works  New 60sec PR   Lumines II
combined,We Play The Witness with Jonathan Blow
combined,Wednesday Season 2  First 6 Minutes  Netflix
combined,What Does It Mean To Be Human  The Talos Principle 1 Timeline
combined,What If Fall Damage Was 10x Worse  Fowl Damage
combined,What is a WitnessLike
combined,Why Is The US Dropping Billions Of Mutant Flies From The Sky
combined,Why Is The US Dropping Billions Of Mutant Flies From The Sky
combined,Wicked For Good  Official Trailer 2025 Cynthia Erivo Ariana Grande
combined,creative vs inventive
combined,Puyo Puyosig wants to fly
combined,Live  We May be Here for Some Time  Mekkablood Quarry Assault
combined,GAMELAB19 Making Baba Is Youwhat is this by Arvi Teikari Hempuli
combined,Video You Puyo Puyod In The Wrong Tetris
combined,free darkwave  artemas  mareux type beat  inhale
combined,10 HARDEST Puzzles in Games You Definitely GOOGLED
combined,16 YO UNDERDOG vs 7TIME CHAMP  Classic Tetris World Championship 2018 Final Round
combined,2025 worlds strongest handheld laser
combined,3 LifeSaving Rope Knots for Emergency Situations
combined,40 Complex Games With BRUTAL Learning Curves
combined,Adorable  Nostalgic Action RPG  The Lonesome Guild Sponsored
combined,Air Traffic Control Last Week Tonight with John Oliver HBO
combined,BACKUPSTHUMBNAIL OPEN   Its Bugsnax SemiScripted Bugsnax MAP  UPDATE
combined,Baba Is You Full Game Walkthrough No Commentary  100 Achievements
combined,Baking brownies from the inside out
combined,Best Selling Godot Games of 2024
combined,Block Hills  Leafs Odyssey Episode 2
combined,Boring History For Sleep  What it was like to visit a Medieval TAVERN and more
combined,Borked  Broken ThreadRipper PC with MAJOR UPS Shipping Damage  PART 2
combined,Botanist Explains All GrassType Pokemon
combined,Buff So Hard Everything Explodes  Monster Train 2
combined,Building a 50 Surge Attack in the 1v1
combined,Camper Disguised As Pallets
combined,Can I fix Zeldas UI using Unity
combined,Can You Solve the Fishing Mystery  Rusty Lake
combined,Can a Professional Engineer beat the IMPOSSIBLE quiz
combined,Can a Professional Engineer beat the IMPOSSIBLE quiz
combined,Carto  100 AchievementTrophy Guide  Full Walkthrough FREE with Xbox Gamepass
combined,Chrono Cross  Shadow Forest PS1 Transcription
combined,Cicada 3301 An Internet Mystery
combined,Classic Mazing Tower Defense With NonTraditional Levels  No Creeps Were Harmed TD
combined,Creation the State of Art ᐸFull Optionᐳᐸarea 03ᐳ
combined,Cryptmaster  Fully Ramblomatic
combined,Cursed Problems in Game Design
combined,DOGE Got Hammered In Court
combined,Dame Riverland Farm  Stardew Valley  No Commentary 155
combined,Dangerous Animals  Exclusive Clip 2025 Jai Courtney Ella Newton
combined,Death Squared  Story Mode  Level 11  Drop pike
combined,Death Squared Part 2  Funhaus Gameplay
combined,Donkey Kong Adventure  REVIEW Mario  Rabbids Kingdom Battle DLC
combined,Dr Seuss Horton Hears a Who
combined,Dr Seuss The Lorax
combined,Enchanted April
combined,Enemy of the State
combined,Esoteric Ebb  Meet the Cleric  This is How You Roll
combined,Everdell  How To Play
combined,Every Fully Ramblomatic 2023  2024
combined,Factorio  Trailer 2020
combined,Finals  2016 Classic Tetris World Championship
combined,Finspan  How To Play
combined,Flush Mewgenics OST
combined,From Chaos to Crops What Stardew Valley Taught Me About Time  OneGenericEric
combined,From The World of John Wick Ballerina Review
combined,Ghost of Yotei  Official June 2025 Trailer  State of Play 2025
combined,Grindstone Daily Grind Update  Apple Arcade iOS Gameplay by Capybara Games
combined,Guide I Wish I Had  Starbound
combined,Hades Developers React to 25 Minute Fresh File Speedrun
combined,How These Puzzles Deceive You
combined,How to Design a Puzzle Game In 5 Steps
combined,How to play Puyo Puyo  Lesson 1 Concept of making chains
combined,I Broke the Rules and Solved the Puzzle Lucias Book Puzzle
combined,I Broke the Rules and Solved the Puzzle Lucias Book Puzzle
combined,I Built the Simpsons School in Lego  Full Modular MOC Showcase
combined,I Found A Secret Level In GRINDSTONE
combined,I Found It The TRUE Game Begins Now
combined,I Made An Infinite Loop When Optimizing My Factory  Manufactoria 2022
combined,I Used 657 Keys to Unlock Giant Puzzle Doors  I Wanna Lockpick
combined,I Used Godot For 100 Hours Heres What I Learned
combined,I made a big three headed wolf
combined,I started a DEMOLITION company and it went terribly
combined,I was almost in Squid Game
combined,In Stone We Crust
combined,Indepth analysis of the Nintendo Music app
combined,Indepth analysis of the Nintendo Music app
combined,Incremental Tower Defense With Branching Builds  Outhold Demo
combined,Its A Small World After All  Mystopia Cozy Sandbox World Builder Game
combined,Its only embarrassing if your embarrassed
combined,Jonathan Blow on his programming language jai
combined,LUMINES REMASTERED Gameplay All 50 Mission
combined,LUMINES REMASTERED Mission 17
combined,Learn Unity 2D Vampire SurvivorsLike Full Game Tutorial
combined,Learning Crossword Week 56  NYT Crossword Wednesday June 4th 2025
combined,Lets Play Kirby  the Amazing Mirror Part 1
combined,Lets Play Treasure Planet Part 12 BENs Tower
combined,Lets Play Zelda Classic  Dreams Realm Part 49
combined,Like a Dragon Infinite Wealth  Fully Ramblomatic
combined,Like a Dragon Pirate Yakuza in Hawaii  Fully Ramblomatic
combined,Lofi hip hop mix  Beats to RelaxStudy to 2018
combined,Lonesome Road Mewgenics Ost
combined,Lumines Block Challenge  Mystic Pulse  Sony Ericsson SF2
combined,Lumines Remastered Feels Better Than Ever On Switch
combined,Lumines Soundtrack Automobile Industry
combined,Lumines Soundtrack DARKSIDE BESIDE THE RIVER
combined,Lumines Soundtrack Shake Ya Body
combined,Max and the Book of Chaos Nintendo Switch Gameplay
combined,Minesweeper  Hexagons  My Dream Video Game  Hexcells
combined,Mini Puyo Lesson Vertical Chaining Fundamentals
combined,New Mosa Lina Update Means Me Forcing Retromation to Play with Me
combined,Nintendo Switch 2  Official Launch Trailer
combined,Nintendo Switch 2  Official Nintendo Switch Online Overview Trailer
combined,Oh Its Another Roguelike  SemiRamblomatic
combined,Opus Magnum  Pions Primal Perception
combined,Opus Magnum Makes My Brain Melt Through my Ears
combined,Ori and the Blind Forest  Part 3
combined,Ox Became a Bot
combined,PURRRFECT PARTY GAME  Jumping Jazz Cats PC Gameplay
combined,Pico Park  WORK TOGETHER DANGIT 4Player Gameplay
combined,Programming Extremely Satisfying Alchemy Machines  Opus Magnum
combined,Put A Pin In It  Map Map  A Game About Maps Cozy Exploration  Mapping Game  Demo
combined,Puyo Lesson Breaking Down Stairs
combined,Puyo Puyo  A Deep Dive On The First Games Rich History
combined,Puyo Puyo Chronicle  The Unlocalized Puyo RPG
combined,Puyo Puyo Tetris English  All Cutscenes
combined,Puyo Puyo Tetris 2  Slight Disadvantage High Level Tetris vs Puyo
combined,Puyo Puyo Tetris 2 Squares Brings Order to Puzzle League
combined,Puyo Tutorials Part 1 Introduction to Puyo  Mechanics Overview
combined,PuzzleSolving  Factory Building Fun
combined,RAIN Sounds for Sleeping BLACK SCREEN  Rain NO THUNDER  Calm Rain for Sleep Study
combined,Reality Evolution Consciousness  Donald Hoffman Λ Philip Goff
combined,RealityScan 20  Official Features Overview Trailer  State of Unreal 2025
combined,Red Planet
combined,Robin Hood Men In Tights
combined,Romancing The Stone
combined,Shadows  E55  Void Stranger Lillie Adventure Johnstruct  Lets Play
combined,Shadows  E55  Void Stranger Lillie Adventure Johnstruct  Lets Play
combined,Skara Brea  Solo Playthrough
combined,Someone Made Deckbuilder FTL And Its Kinda Awesome  Star Scum
combined,Speed Racer
combined,Stardew Valley Lets Play 30  I now speak Slimese
combined,Stardew Valley Lets Play 30  I now speak Slimese
combined,Stardew valley 100 Playthrough Ep 3 no commentary
combined,Street Fighter The Legend of ChunLi
combined,Super Bomberman R  Official Nintendo Switch Trailer
combined,Super Marios Invisible Difficulty Settings
combined,Swapdown  Puyo Puyo Tetris 2
combined,TETRIS EFFECT CONNECTED  Forest Dawn
combined,TOP 25 PERFECT 1010 Nintendo Switch Games You MUST PLAY
combined,Taskmaster Season 19 Episode 4  Midnight picnic  Full Episode
combined,Taskmaster Season 19 Episode 4  Midnight picnic  Full Episode
combined,Taskmaster Season 19 Episode 5  Maybe were the monsters  Full Episode
combined,Tetris Effect  E3 2018 Announce Trailer  PS4
combined,Tetris Effect Connected  Classic VR Puzzle Game  Quest 3
combined,Tetris Effect Connected  Classic Score Attack Singleplayer ver
combined,Tetris Effect  Oculus Quest
combined,The 10 Best Puzzle Games of 2023
combined,The AI Apocalypse  Beyond the Black Void
combined,The Best Puzzle Games on Android
combined,The Book of Life
combined,The Escapists Complete Edition Nintendo Switch Gameplay
combined,The Fantastic Four First Steps  Official Teaser Trailer 2025 Pedro Pascal Joseph Quinn
combined,The Gardens Between 52  Walkthrough  Playthrough
combined,The Gardens Between 71  Walkthrough  Playthrough
combined,The Gardens Between 72  Walkthrough  Playthrough
combined,The Hollow Knight Timeline  COMPLETE Hollow Knight Story  Lore
combined,The Invention that WASNT
combined,The Life of Chuck  Official Trailer 2 2025 Tom Hiddleston Chiwetel Ejiofor Karen Gillan
combined,The Most Useless Website on the Internet
combined,The NEW No Time To Relax  Walk of Life Demo Gameplay
combined,The Puzzle Game With 1000 Plot Twists
combined,The SECRET Mode of Puyo Puyo Champions
combined,The Talos Principle 2  All 3 Endings  Secret Scenes Bonuses Compilation
combined,The Talos Principle 2  Demo OST
combined,The Talos Principle 2 Review  Philosophical Portal Perfected
combined,The Talos Principle 2 33 Minutes of Gameplay
combined,The Talos Principle All Easter Eggs And Secrets  Part 1
combined,The Talos Principle Timeline  COMPLETE Talos Principle Story  Lore
combined,The Witness Any Speedrun in 449 Former World Record
combined,The World Design of Hollow Knight  Boss Keys
combined,The craziest 90s puzzle Ive ever attempted
combined,The final minute barrier ever  Super Mario Bros Warpless World Record Explained
combined,The rules of this game change as you play it
combined,Theres a New Minigame in Cauldron
combined,These are AWESOME Replacements for Your Favorite Roguelike Games
combined,These enemies got a bit too silly
combined,Thinky Direct 2025  Exclusive trailers and announcements for puzzle fans
combined,This Game Looks Like Luck But Its All Skill  Sol Cesto
combined,This New Puzzle Game Will Blow Your Mind  COCOON
combined,This Psychological Trick Makes Rewards Backfire
combined,This device could save my business
combined,Top 10 MOST UNDERRATED Movies of 2023
combined,Top 15 Nintendo Switch Puzzle Games
combined,Top 15 Offline Relaxing Games For Android  iOS  StressFree Games
combined,Tunic Developers React to 24 Minute World Record Speedrun
combined,Unboxing the Switch 2 Bundle  dbrand Killswitch
combined,Underdogs  Official Trailer 2025 Ryan Reynolds
combined,Unicorn Overlord Switch gameplay
combined,Unlocking The Rubber Chicken In Crossy Road Castle  The PRANK PARADE Speedrun Event
combined,Unlocking The Secret MEGA TURTLE Puzzle
combined,Using Apple Trees to Decode Abstract Puzzles
combined,Using Giant Hedge Mazes to Solve Confusing Puzzles
combined,WTFTRIS ACHIEVED  27 Line Zone  Tetris Effect Connected
combined,War of the Worlds
combined,Watch out for the waves Ultimate Chicken Horse  Pier Level 12
combined,We Can CURSE on YouTube  Hollywood Director  Whose Line Is It Anyway
combined,Week 0 End Game  Opus Magnum Tournament 2023
combined,Whats Causing the Parkinsons Belt
combined,When a game makes your academic success worthless
combined,Wumbuyo Stream Live
combined,YIIK A Post Modern RPG  REVIEW A Trippy Fever Dream Into the 90s
combined,Yellow Taxi Goes Vroom  Phantom Fury  Fully Ramblomatic
combined,You Should Play  Opus Magnum
combined,Zelda The Wind Waker  All Item Upgrade Locations
combined,Puyo Puyo Tetris 2 how to get murdered in under 30 seconds
combined,shapez 2 Dimension Update  Out Now
combined,NINTENDO RADIO 247 Nintendo Music Live Stream
combined,LIVE  Home Movies  adult swim
combined,Dominos App feat Hatsune Miku The ad that vanished from YouTube
combined,Bonus Video A Very Okay Steward Run That Did Not Win  Monster Train 2
combined,Cicada 3301 An Internet Mystery
combined,Is This The Greatest Card Game Of All Time  Board AF Flip 7
combined,Taskmaster Season 19 Episode 5  Maybe were the monsters  Full Episode
combined,We Play The Witness with Jonathan Blow
combined,Jonathan Blow on his programming language jai
combined,Sudoku Expert Plays The Witness
combined,True Wireless Power is FINALLY here building a TRULY wirefree setup
combined,The Talos Principle II  Full Soundtrack  Unreleased Tracks
combined,Puyo Puyo Tetris English  All Cutscenes
combined,Air Traffic Control Last Week Tonight with John Oliver HBO
combined,Can a Professional Engineer beat the IMPOSSIBLE quiz
combined,I Found A Secret Level In GRINDSTONE
combined,I was almost in Squid Game
combined,planes if they were 10000 times better
combined,4 HOURS of Ancient Mysteries Science Cant Explain
combined,How to find amazing game ideas
combined,New Age Music Relaxing Music Reiki Music Yoga Music Relaxation Music Spa Music
combined,T POSING THROUGH LIFE  To A T Gameplay
combined,They Turned an IKEA Manual into a Roguelike
combined,Your iPads USBC Port Can Do More Than You Think
combined,12 Switch Games YOU Cant Live Without
combined,Green Noise Sound To Get Enough Sleep Noise Blocking Effective With Black Screen  In 24H
combined,How Nuclear Flies Protect You from FleshEating Parasites
combined,I competed in the biggest puzzle contest in America And my new strategy worked
combined,Lumines Remastered  Basic Challenge Mode  Score 1731929
combined,Monster Collection Tower Defense Roguelite  Rogue Monster Rush
combined,Taskmaster Season 19 Episode 4  Midnight picnic  Full Episode
combined,The Witness  100 11543  New World Record
combined,This Puzzle Game Is the Definition of a Masterpiece
combined,ANGEL FREQUENCY 777Hz  Attract Positivity  Luck  Healing Energy For Sleep  Black Screen
combined,How to Reveal A Twist Villain
combined,Jas Broke the Game  Game of Life 2 Patreon Pick
combined,Mystery Loves Company  Board Game Show Bonus Video
combined,Nebulock Demo Footage
combined,Puyo Puyo  A Deep Dive On The First Games Rich History
combined,Rediscovering the Mystery of Video Games
combined,The Hitchhikers Guide to the Galaxy
combined,The Talos Principle 2 OST
combined,The Talos Principle Timeline  COMPLETE Talos Principle Story  Lore
combined,The Unbearable Now An Interpretation of The Witness
combined,8 HOURS Gentle Rain at Night Rain Raining Soothing Rain for Sleep Noise BlockHeadaches Study
combined,Baba Is You  Release Date Trailer  Nintendo Switch
combined,Best Cozy Games on Nintendo Switch
combined,Buff So Hard Everything Explodes  Monster Train 2
combined,Death Squared  Level 2130 Walkthrough Gameplay  ios
combined,Dominos App feat Hatsune Miku The ad that vanished from YouTube
combined,Down the Nabbit Hole  New Super Mario Bros U Deluxe Gameplay
combined,Flat Heroes  1  Its Hip to be Square 4 Player Gameplay
combined,Grindstone Gameplay on the Nintendo Switch
combined,Grindstone 4K60 Apple TV 4K 2nd generation Gameplay
combined,Incremental Tower Defense With Branching Builds  Outhold Demo
combined,LUMINES REMASTERED Gameplay All 50 Mission
combined,Lets Play Opus Magnum  PC Gameplay Part 2  Comprehension
combined,Live Birds In 4K Cornell Lab FeederWatch Cam at Sapsucker Woods
combined,Oh Its Another Roguelike  SemiRamblomatic
combined,Opus Magnum 2025 Tournament Week 5 Crystallized Air
combined,THE GARDENS BETWEEN PS4 PRO  Platinum Trophy Guide Walkthrough Easy 12 hr Platinum
combined,The 10Year Hunt for the Lost McDonalds DS Game
combined,The Biggest 50 Car Battle of All Time  Junkyard Joust FINALS
combined,The Gardens Between  Easy Platinum Trophy Walkthrough
combined,The Making of PREY  Documentary
combined,Thinky Direct 2025  Exclusive trailers and announcements for puzzle fans
combined,You Aint Ever Seen Cauldron Fishing Gaming like This One
combined,synthwave radio  beats to chillgame to
combined,100 Game Walkthrough  The Witness All 523 Puzzles  135 Environmental Puzzles  49 Audio Logs
combined,27 Exciting New Games Coming to Nintendo Switch 1  2  June 2025
combined,CHAOTIC COOP CAR REPAIRS  Manic Mechanics 4Player Gameplay
combined,Cicada 3301 An Internet Mystery
combined,Gameplay  Opus Magnum Part 1  The Basics of Alchemy
combined,How Return of the Obra Dinn Turns You Into a Detective
combined,ITS COOP NOW  Vampire Survivors 4Player Gameplay
combined,Jonathan Blow on his programming language jai
combined,Lets Play  Part 1
combined,Lets Play Word Play
combined,Lumines Remastered  Challenge Basic IN ONE 326 COMBO
combined,Old School Card Battler RPG That Absolutely Slaps  Anode Heart Layer Null
combined,PURRRFECT PARTY GAME  Jumping Jazz Cats PC Gameplay
combined,Playing A Card Game to SAVE MY LIFE  Inscryption
combined,Point and Click Puzzle Design
combined,RAIN Sounds for Sleeping BLACK SCREEN  Rain NO THUNDER  Calm Rain for Sleep Study
combined,Rez Level 5  Fear is the Mindkiller  Mashup Ost  Ingame music
combined,StepbyStep Guide to Repeating Patterns HALLOWEEN EDITION
combined,Swapdown  Puyo Puyo Tetris 2
combined,Taskmaster Season 19 Episode 3  My presumably stum  Full Episode
combined,The Biggest Puyo Puyo Tournament of All Time
combined,The Making of Outer Wilds  Documentary
combined,The Talos Principle Making Of
combined,The Witness  Full Game
combined,The Witness Any Speedrun in 449 Former World Record
combined,Theres a New Minigame in Cauldron
combined,They made a game about cardboard boxes
combined,This Fantastic Woodpunk Automation Sim Is Finally Out In 10  Oddsparks An Automation Adventure
combined,This shouldnt be good
combined,Tim Burtons Corpse Bride
combined,Top 10 Mystery Indie Games
combined,Top 15 Beautiful Offline Puzzle Games Android  iOS of All Time  Best Puzzle Game
combined,192 Essential JRPGs on Nintendo Switch  The MustPlay RPGs for your Physical Collection
combined,50 words to describe birds  MBMBaM Animation
combined,A FT20 Situation Puyo Puyo Tetris 2
combined,ANOMALIES HAVE TAKEN OVER  Observation Duty 6
combined,An Engineer Ranks All The ZACHTRONICS Game
combined,Baba Is You Full Game Walkthrough No Commentary  100 Achievements
combined,Black Holes Son  Ultimate Chicken Horse
combined,Blue Prince  Fully Ramblomatic
combined,Busted Build Loot Crawler Roguelike Now With CoOp  Megaloot
combined,Can Roguelikes be Cozy Games
combined,Cute Mouse Survival Sandbox  Winter Burrow
combined,Death Becomes Her
combined,Death Squared Part 2  Funhaus Gameplay
combined,Do You Even Need a Switch 2 Pro Controller
combined,Downton Abbey The Grand Finale  Official Teaser Trailer 2025
combined,Early Preview of Years of Division A New FElike Indie SRPG
combined,Fling to the Finish  Whip Your Friends Back and Forth 4 Player Gameplay
combined,Hard Mode As A New Player  Cute  Cozy  Kingdoms  Castles  Lets Play  Gorlie Save Ep 1
combined,Heads of State  Official Final Trailer 2025 John Cena Idris Elba Priyanka Chopra Jonas
combined,How Jonathan Blow Designs a Puzzle
combined,I Broke the Rules and Solved the Puzzle Lucias Book Puzzle
combined,I Built a DD City out of PAPER
combined,I Thought I Was Cooking in Opus Magnum but I was Actually Engulfed in Flames
combined,It is Time to Climb the Mountain
combined,Jade Order Nintendo Switch Review  Strategy Adventure Game Thats Trying Something Different
combined,Let go of what you cant control  Lofi Rain  Study Beats  Cafe Music
combined,Localization Quirks in Puyo Puyo games
combined,Lumines Remastered  Shuffle Challenge Mode  Score 2665538
combined,Massive Game Where the ENTIRE HOUSE is a Puzzle  The Room 4
combined,Meteos Game Concepts
combined,Mystery Loves Company  Board Game Show Bonus Video
combined,New Mosa Lina Update Means Me Forcing Retromation to Play with Me
combined,Nintendo Switch 2 UI  Home Screen Tour
combined,Opus Magnum  Pions Primal Perception
combined,Opus Magnum Makes My Brain Melt Through my Ears
combined,Paralyzed cats hilarious reaction to wheelchair
combined,Pico Park  WORK TOGETHER DANGIT 4Player Gameplay
combined,Pokémon Scarlet  Violet 13 Minutes of Nintendo Switch 2 Gameplay
combined,Puyo Puyo Chronicle  The Unlocalized Puyo RPG
combined,Puyo Puyo Tetris English  All Cutscenes
combined,Ranking the Best Puzzle Games for Nintendo Switch
combined,Recreating EVERY Type Of YouTuber
combined,Robin Hood Men In Tights
combined,Slay the Spire 2  Official Gameplay Trailer
combined,Someone Made Deckbuilder FTL And Its Kinda Awesome  Star Scum
combined,Split Fiction  Fully Ramblomatic
combined,Stardew Valley Lets Play 30  I now speak Slimese
combined,State of Unreal  Unreal Fest Orlando 2025
combined,StepbyStep Guide to Repeating Patterns HALLOWEEN EDITION
combined,Submerged Switch Game Review also on PS4 Xbox PC  iOS
combined,Sudoku Expert Plays The Witness
combined,Superliminal Full Game Walkthrough  All Collectibles
combined,THE ENDLESS TUNNEL  Blue Prince
combined,THE TALOS PRINCIPLE 2  Forget GOTY its a GOAT  Review After 50 Hours
combined,TOP 25 UPCOMING Nintendo Switch Games for 2025
combined,Taskmaster Season 19 Episode 4  Midnight picnic  Full Episode
combined,Taskmaster Season 19 Episode 5  Maybe were the monsters  Full Episode
combined,Tetris Effect and Other Games with Immaculate Vibes
combined,Tetris Effect Connected Journey Mode Gameplay Performance Preview  Nintendo Switch
combined,Tetris Effect Connected Winter 2023 Update Explainer
combined,The COMPLETE Guide to Graveyard Keeper What You NEED to Know Beginner to Advanced
combined,The Cauldron Finale
combined,The Entire History of RPGs
combined,The Gardens Between 61  Walkthrough  Playthrough
combined,The Genius AI Behind The Sims
combined,The NEW No Time To Relax  Walk of Life Demo Gameplay
combined,The Nintendo character with zero Google results
combined,The State of Puyo Puyo in 2024
combined,The State of Puyo Puyo  Puzzle Pop Review  More
combined,The Strange English Translations of Puyo Puyo
combined,The Talos Principle 2  Full Game Walkthrough No Commentary  100 Achievements Part 12
combined,The Talos Principle  ASMR  Sleep Aid  Relaxing beach ambience  music
combined,The Talos Principle  ASMR  Sleep Aid  Relaxing beach ambience  music
combined,The Truman Show
combined,The Ultimate Guide To Absolutely Everything In The Universe
combined,The Witness  Part 1  Puzzle Memory  Lets Play  The Witness Gameplay Livestream
combined,The Witness 100 in 21245
combined,There is a Secret Area Under the Mountain
combined,They added gravity to Chess
combined,They made rejecting the terms and conditions x1000 harder
combined,This Funguy Eats Titans  Monster Train 2
combined,This Opus Magnum machine scores higher than Grahams number
combined,This Puzzle Game Is the Definition of a Masterpiece
combined,Top 10 MOST UNDERRATED Movies of 2023
combined,Top 15 Offline Relaxing Games For Android  iOS  StressFree Games
combined,Top 25 Best Puzzle Games so Far AndroidiOS
combined,We Compete to Make the Most SATISFYING CGi 7
combined,What Does It Mean To Be Human  The Talos Principle 1 Timeline
combined,When a game makes your academic success worthless
combined,You Know Its a Good Game When You Play as a Brain  Starless Abyss
combined,Vlog My lunch for Today A Chocolate snack and the leftover of my daughters breakfast meal
combined,lofi hip hop radio  beats to relaxstudy to
combined,I HATE my vise Return my MONEY
combined,the tetris player is at a slight disadvantage
combined,141 Digging a trench to extend our water and electricity system
combined,10 Minutes of TETRIS EFFECT Music and Gameplay
combined,10 Puzzle Adventure Games for Nintendo Switch that you should not miss
combined,2 Chefs Watch As Home Cooks Remake a Dish From JUST Taste  Sorted Food
combined,27mins connected vs game virgo
combined,3D Resource Based Weapon System  Godot 4 Tutorial
combined,5x Duping Bloodthirsty Blades Is Goofy Busted  Monster Train 2
combined,A 1989 TETRIS Expert Plays TETRIS EFFECT for the First Time
combined,A FT20 Situation Puyo Puyo Tetris 2
combined,A Modern TETRIS Expert Plays TETRIS EFFECT
combined,A Sudoku With Only 4 Given Digits The 2025 Version
combined,AI learns to play Google Chrome Dinosaur Game  Can you beat it
combined,ANOMALIES HAVE TAKEN OVER  Observation Duty 6
combined,Adorable  Nostalgic Action RPG  The Lonesome Guild Sponsored
combined,Air Traffic Control Last Week Tonight with John Oliver HBO
combined,Analyzing The Philosophy of The Talos Principle
combined,Analyzing The Philosophy of The Talos Principle
combined,Animal medium Well ALL EGGS Maybe Deaths Door later
combined,Arvi Teikari Baba is You What now  Games Now
combined,BEAUTIFUL PLANET  The most beautiful places on Earth
combined,Baba Is You Full Game Walkthrough No Commentary  100 Achievements
combined,Behind the Schemes  The Talos Principle 2 with Croteam
combined,Best RPGs on Nintendo Switch
combined,Black Holes Son  Ultimate Chicken Horse
combined,Blue Prince Day 1 Attempt Massive Throw
combined,Bonus Video A Very Okay Steward Run That Did Not Win  Monster Train 2
combined,Boomerang Fu  1  EXPLODING BOOMERANGS 4 Player Gameplay
combined,Building Glorious Bridges Made Entirely of Puzzles
combined,Camping at Sunny Lake  Duck Detective The Ghost of Glamping  Part 1
combined,Can we Improve Tutorials for Complex Games
combined,Can you solve the Leonardo da Vinci riddle  Tanya Khovanova
combined,Carto  100 AchievementTrophy Guide  Full Walkthrough FREE with Xbox Gamepass
combined,Cat TV for Cats to Watch  Playful Birds Chipmunks Squirrels  8 Hours 4K HDR
combined,Chess But Pieces Have Gravity
combined,Chess But Theres Sidequests
combined,Civ 7 Switch 2 Release Date and Features Revealed in New Trailer  Will it be worth it
combined,Cloudy with a Chance of Meatballs 2
combined,Conquering the Whole Island to Summon a Giant Laser Beam
combined,Cosy Maths Practice Stream
combined,Creaks Full Game Walkthrough  All Achievements
combined,Creation the State of Art ᐸFull Optionᐳᐸarea 03ᐳ
combined,Crooks Like Us  BALENCE YOUR LOOT 4 Player Demo Gameplay
combined,Cult Classic Dungeon Crawler RPG  Etrian Odyssey 2 HD
combined,Cuphead Developers React to 23 Minute Speedrun
combined,DOG vs ALEX T  Classic Tetris World Championship 2024 Finals
combined,Day9s Day Off  The Talos Principle P1
combined,Death Squared  3  Death Point 4 Player Gameplay
combined,Death Squared  4  DANCE PARTY Twitch Highlight
combined,Death Squared Part 2  Funhaus Gameplay
combined,Decorating is HEALING  Small Apartment Ideas
combined,Discounty 20 Minutes of Exclusive Gameplay
combined,Downton Abbey The Grand Finale  Official Teaser Trailer 2025
combined,Dr Seuss Horton Hears a Who
combined,Dr Seuss The Lorax
combined,Drawing Classic Drawfee Characters That Weve Never Drawn Before
combined,Duster  Exclusive Jim the Roadruner Clip 2025 Josh Holloway
combined,Exploiting the game to make myself smarter
combined,Exploring Tetris Land to Learn What We Already Know
combined,Exploring the Back Side of the Mountain
combined,FIRST PERSON DECK BUILDER  Shroom and Gloom Steam Demo
combined,First Time Playing This Game  Stardew Valley
combined,Flip 7  How To Play
combined,Flosstube 62  Stitch Maynia 2025 and Summer of Smalls
combined,Frankenstein  Guillermo del Toro  Official Teaser  Netflix
combined,From EBook to Real Book Chapter 3  FINALE
combined,From Tree to Firewood in Seconds  Insane Speed
combined,GET THE BLOCK OUT OF MY WAY  Block Em 4 player demo gameplay
combined,Giant Puzzles That Require Giant Brainpower  Taiji
combined,Girl Steals Clock Now Doing Time  Fantasy Life i The Girl Who Steals Time  Episode 10
combined,Good Game Design  Baba Is You
combined,Googles XR Glasses Are Real and I Tried Them
combined,Great Puzzle Game Alternatives to Tetris
combined,Grindstone Switch Review  consolevania 818
combined,Grindstone  One Furiously Beefy Dad On A Match Three Slashing Spree
combined,Grindstone Daily Grind Update  Apple Arcade iOS Gameplay by Capybara Games
combined,Guess What Cartoon Character Julia is Describing I Dare You
combined,Have These Sudoku Lines Been Labelled Correctly
combined,How Nuclear Flies Protect You from FleshEating Parasites
combined,How Snake Pass Became a Platformer Without Jumping
combined,How To Fail At Puzzle Games
combined,How To Foreshadow A Twist Villain  Turbo  Ernesto
combined,How to Juggle 6 Balls
combined,How to Prep Your Switch 1 for Switch 2 Upgrade  All FREE Switch 2 Game Upgrades
combined,How to find amazing game ideas
combined,How to make a COLOR SWITCH Replica in Unity Livestream Tutorial
combined,How to play Puyo Puyo  Lesson 1 Concept of making chains
combined,I Fought Against a Team of Pro Tetris Players
combined,I Found It The TRUE Game Begins Now
combined,I Got ONE MILLION on EVERY Minigame in Cauldron
combined,I Got ONE MILLION on EVERY Minigame in Cauldron
combined,I Programmed an Extremely Efficient ICE CREAM FACTORY  20th Century Food Court
combined,I Restored and Upgraded This 2 Junk Original Gameboy  Console Restoration  Repair
combined,I Used 657 Keys to Unlock Giant Puzzle Doors  I Wanna Lockpick
combined,I played 100 of The Talos Principle 2 and heres what I think
combined,Ill Take the Worlds Worst Voice Recognition for a Hundred Alex
combined,Ill Take the Worlds Worst Voice Recognition for a Hundred Alex
combined,Ill give you testicular cancer Plate Up ft Kingspirits
combined,Ive Given You 3 Tools Now Solve the Level
combined,Intense Anime Tetris Battle
combined,Intense Tetris Battle Royale Tetrio
combined,Is Grindstone worth playing more
combined,Is Tetris Forever Any Good  REVIEW
combined,Is This A Sudoku A New Discovery
combined,Its 20 Small Mazes How Hard Can It Be
combined,Jade Order Nintendo Switch Review  Strategy Adventure Game Thats Trying Something Different
combined,Jimmy O Yang Guess How Much
combined,Jon Stewart on Elon Musks BlackEyed Exit  Trumps Insane New Biden Conspiracy  The Daily Show
combined,Just Shapes  Beats  MUSICAL BULLET HELL 4 Player Gameplay
combined,LIVE Bird Feeder and Wildlife Cam 4K Gettysburg PA over 30 species identified
combined,LORT  Official Announcement Trailer
combined,LUMINES LIVE gameplay Tokyo Club Mix
combined,Lab Rat  Full Game Walkthrough No Commentary  100 Achievements
combined,Lets Play While True Learn  PC Gameplay Part 1  Machine Learning Is Hard
combined,Lord of the Rings   The Shire Peaceful Music  Ambience During Midnight Thunderstorm
combined,Lumines Block Challenge  Mystic Pulse  Sony Ericsson SF2
combined,Lumines Live  VS CPU No Hit
combined,Lumines Live  VS CPU No Hit
combined,Lumines Remastered  Basic Challenge 1623697pts w Commentary
combined,Lumines Review for the PlayStation Portable
combined,Lumines Soundtrack Get up and Go
combined,Lumines Soundtrack TAKE A DOG OUT A WALK
combined,Lumines Soundtrack Talk 2 You
combined,Lumines puzzle fusion Getting 999999 score on challenge mode Actual PSP gameplay
combined,Lumines puzzle fusion Getting 999999 score on challenge mode Actual PSP gameplay
combined,Lumines Block Challenge  Challenge Mode Full Playthrough
combined,Major Payne
combined,Marathon Art Style Breakdown
combined,Mary Kiss or KILL  Guilty As Sock with Intelligame
combined,Minesweeper  Hexagons  My Dream Video Game  Hexcells
combined,Miss Willoughby and the Haunted Bookshop
combined,More Asgards Fall
combined,Mosaic  Launch Trailer  Nintendo Switch
combined,NEW SUNKEN TREASURES MAP DLC  CLANK PC Gameplay
combined,NEW UPDATE NEW ROLES  Guilty As Sock w TheBrianJ  MattCaulder
combined,Nine Sols  Fully Ramblomatic
combined,Nintendo Switch 2 Unboxing  Whats In the Box
combined,Nintendo Switch Has So Many Tetris Games
combined,Obscure Pokemon Facts You DONT Know
combined,Oh Its Another Roguelike  SemiRamblomatic
combined,Optimizing An Extremely Satisfying Robot Factory  Manufactoria 2022
combined,Optimizing My Factory for Speed AND Size  Opus Magnum
combined,Optimizing My Factory for Speed AND Size  Opus Magnum
combined,Opus Magnum is One of the Best Puzzle Games and Ive Never Played It
combined,Overcooked All You Can Eat  EVERYTHING IS NEW 2Player PS5 Gameplay
combined,Overthinking wont save you Action cures anxiety  Lofi Rain Beats for Study Focus
combined,PPT  Chain Practice
combined,Part 3 Broken 1978 Taito Space Invaders Brought Back To Life Conclusion
combined,Peanuts Bon Voyage Charlie Brown and dont come back
combined,Pipistrello and the Cursed Yoyo Review A Love Letter to Retro Gaming
combined,Pixel Art Games The Top 10 Ranked for Early 2023
combined,PlateUp  A Roguelike Overcooked 4Player Gameplay
combined,Predator Killer of Killers  Exclusive Clip 2025
combined,Predator Killer of Killers  Official Bloody Your Spear Clip 2025
combined,Pumpkin Summons Are Cracked In Talented
combined,Puyo Puyo Chronicle  The Unlocalized Puyo RPG
combined,Puyo Puyo Tetris 1  2 Out of Context 1  other funny moments
combined,Puyo Tutorials Part 2 Introduction to Chaining  The Blocking Method
combined,RealityScan 20  Official Features Overview Trailer  State of Unreal 2025
combined,Rediscovering the Mystery of Video Games
combined,Relaxing Stardew Valley Longplay   Peaceful Spring Start  No Commentary
combined,Revealing 5 Secret Magic Tricks With Science
combined,Roadside Research  Official Reveal Trailer
combined,S2EP45 Working in Unity Pixel Art Roguelite Fantasy Team Builder TurnBase RPG
combined,Shovel Knight Shovel of Hope DX  Announcement Trailer  Nintendo Switch
combined,Solve with Me This IMPOSSIBLE Sudoku Puzzle Step By Step
combined,Solving a Harvard University Entrance Exam Question  Find x
combined,Sony State of Play June 2025 Livestream
combined,Sorry I stopped posting but I made another game
combined,Stumpt Plays  Ultimate Chicken Horse  1  Party Mode 4 Player Gameplay
combined,Super Mario Party Square Off Mode Part 1  Funhaus Gameplay
combined,Super Marios Invisible Difficulty Settings
combined,Surfs Up
combined,Sushi Striker The Way of Sushido  REVIEW Nintendo Switch
combined,Switch 2 vs Switch 1  Pokémon Scarlet  Violet Graphics Comparison
combined,T POSING THROUGH LIFE  To A T Gameplay
combined,TOP 20 BEST METROIDVANIA Games on Nintendo Switch
combined,TOP 20 BEST SINGLE PLAYER Games on Nintendo Switch
combined,TOP 20 BEST SINGLE PLAYER Games on Nintendo Switch
combined,TOP 25 PERFECT 1010 Nintendo Switch Games You MUST PLAY
combined,TOP 30 BEST Platformers on Nintendo Switch to Play RIGHT NOW
combined,TOP 40 Best PUZZLE Games on Nintendo Switch 2024
combined,TRY HARD MODE  Rounds
combined,Terminator Genisys
combined,Tetris Effect  E3 2018 Announce Trailer  PS4
combined,Tetris Effect  E3 2018 Announce Trailer  PS4
combined,Tetris Effect Connected  Classic VR Puzzle Game  Quest 3
combined,Tetris Effect Launch Trailer  PS4 Optional PS VR
combined,Tetris Effect Connected  Gameplay Preview  Nintendo Switch
combined,Tetris Effect Connected Journey Mode Gameplay Performance Preview  Nintendo Switch
combined,Tetris Effect Connected Review
combined,Thank You The Legacy of Thor
combined,The 10 Most Relaxing Puzzle Games on the Nintendo Switch
combined,The 100 Games That Taught Me Game Design
combined,The 2024 Games I Didnt Review  Fully Ramblomatic
combined,The Best Ever Indie Games On The Nintendo Switch
combined,The Best Games from GMTK Game Jam 2024
combined,The Best Mobile Games Youve NEVER Played
combined,The Book of Life
combined,The CasualCore Fallacy  Designing for Depth  Extra Credits
combined,The Fantastic Four First Steps  Official Teaser Trailer 2025 Pedro Pascal Joseph Quinn
combined,The Final Boss of The Witness  The Challenge
combined,The First Tree  Launch Trailer  Nintendo Switch
combined,The Gardens Between  Full Gameplay Walkthrough Video iOS Android
combined,The Gardens Between 73  Walkthrough  Playthrough
combined,The Gardens Between REVIEW Nintendo Switch PS4 PC
combined,The Gardens Between Walkthrough 100 Achievements Guide
combined,The History of Bethesda Game Studios
combined,The MIX Summer Game Showcase 2025
combined,The Most Satisfying Puzzles Ever Made
combined,The NEW No Time To Releax  Walk of Life Demo Gameplay
combined,The Nintendo Switch App Is Almost Perfect After Update
combined,The Power of Incentives  How Games Help Us Examine Our World  Extra Credits
combined,The Power of Incentives  How Games Help Us Examine Our World  Extra Credits
combined,The Roguelike Deckbuilder Where You FEED the Enemies Instead of KILLING Them
combined,The Strange English Translations of Puyo Puyo
combined,The Talos Principle  FULL GAME WALKTHROUGH GAMEPLAY  ALL ENDINGS
combined,The Talos Principle  Full Game Walkthrough All Endings
combined,The Talos Principle  Story Explanation and Analysis
combined,The Talos Principle  The Tower Levels 1  5 with Stars
combined,The Talos Principle 2 OST
combined,The Talos Principle 2 Review  Philosophical Portal Perfected
combined,The Talos Principle 2 33 Minutes of Gameplay
combined,The Top 10 Best Nintendo Launch Games of All Time
combined,The Towering Inferno
combined,The Two Types of Random in Game Design
combined,The Ultimate Guide To Absolutely Everything In The Universe
combined,The Witcher 4  UE 56 Tech Demo  State of Unreal 2025
combined,The Witness  Part 1  Puzzle Memory  Lets Play  The Witness Gameplay Livestream
combined,The Witness 100 in 21245
combined,The Witness Documentary
combined,The World Design of BanjoKazooie
combined,The rules of this game change as you play it
combined,These 12 Games Will Receive FREE Switch 2 Upgrades
combined,They made cable management x1000 more difficult
combined,They made rejecting the terms and conditions x1000 harder
combined,This New Puzzle Game Will Blow Your Mind  COCOON
combined,This Polished Masterpiece is Flying Under the Radar  StarVaders
combined,This Psychological Trick Makes Rewards Backfire
combined,This is the BEST 5 game ever made
combined,Thrive The Evolution of a Game
combined,Top 10 MOST UNDERRATED Movies of 2023
combined,Top 10 NEW Puzzle Games For Android  iOS in 2024 That You Need To Try
combined,Top 10 Shoot Em Ups on Nintendo Switch 2022 Update Best Switch Shmups
combined,Top 20 Best Puzzle Games for Mobile OFFLINE  2023
combined,Tricks Secrets Glitches and More in Super Mario Sunshine Arcade 2
combined,True Wireless Power is FINALLY here building a TRULY wirefree setup
combined,UnderMine 2 Is Finally Here Almost
combined,Underdogs  Official Trailer 2025 Ryan Reynolds
combined,Unlocking The Secret MEGA TURTLE Puzzle
combined,Unravel Review
combined,Using Incredible Improvisation to Beat Quarry Puzzles
combined,Valves Secret Weapon
combined,WTFTRIS ACHIEVED  27 Line Zone  Tetris Effect Connected
combined,WTFTRIS ACHIEVED  27 Line Zone  Tetris Effect Connected
combined,We Lied Again  Bit City
combined,We React To The Smosh Hunger Games
combined,Weve Played Mario Kart World A LOT  Is It Any Good
combined,Week 0 End Game  Opus Magnum Tournament 2023
combined,What Does It Mean To Be Human  The Talos Principle 1 Timeline
combined,What If Fall Damage Was 10x Worse  Fowl Damage
combined,What Makes a Game Timeless
combined,Whispers from the Abyss  Cyberpunk  Cosmic Horror
combined,Who Can You Trust Board AF Munchkin
combined,Why Are Modern Games Obsessed With Parrying  SemiRamblomatic
combined,Why Is The US Dropping Billions Of Mutant Flies From The Sky
combined,Within this cube is a super clever perspective based puzzle game Moncage
combined,Worms WMD Switch Review  Nintendo Switch Strategy Game
combined,Wumbo Classic Tetris Progress 6425
combined,Wumbuyo Stream Live
combined,X4 GUIDE Passive Income  Mining Fleet 24
combined,You Aint Ever Seen Cauldron Fishing Gaming like This One
combined,Tetris Effect Connected All Areas Completed with No Deaths
combined,asian lofi radio  beats to relaxstudy to
combined,lofi hip hop radio  beats to relaxstudy to
combined,peaceful piano radio  music to focusstudy to
combined,planes if they were 10000 times better
combined,puyo puyo tetris 1  2 character selection screens
combined,shapez 2 Dimension Update  Out Now
combined,Birds  Squirrels in Blooming Spring Live 12 Hours in Ultra HD
combined,Dominos App feat Hatsune Miku The ad that vanished from YouTube
combined,You Aint Ever Seen Cauldron Fishing Gaming like This One
combined,Making the worlds most powerful Red Bull
combined,Taskmaster Season 19 Episode 5  Maybe were the monsters  Full Episode
combined,Jonathan Blow on his programming language jai
combined,We Play The Witness with Jonathan Blow
combined,Baking brownies from the inside out
combined,The Talos Principle II  Full Soundtrack  Unreleased Tracks
combined,TETRIS EFFECT Grand Master Level 100 Expert Journey
combined,Rediscovering the Mystery of Video Games
combined,The Most POINTLESS Board Games
combined,The Talos Principle 2 OST
combined,AI Teachers and Duolingos New Plan  What Could Go Wrong
combined,Air Traffic Control Last Week Tonight with John Oliver HBO
combined,Can a Professional Engineer beat the IMPOSSIBLE quiz
combined,Death Squared  4  DANCE PARTY Twitch Highlight
combined,I competed in the biggest puzzle contest in America And my new strategy worked
combined,Lumines Remastered  Skin Edit
combined,Sudoku Expert Plays The Witness
combined,Super Marios Invisible Difficulty Settings
combined,The rules of this game change as you play it
combined,Puyo Puyo Tetris intense swap battle vs livedesu 04032018 PC
combined,Boring History For Sleep  What it was like to visit a Medieval TAVERN and more
combined,Cicada 3301 An Internet Mystery
combined,Coding Adventure Software Rasterizer
combined,I Broke the Rules and Solved the Puzzle Lucias Book Puzzle
combined,Literary Analysis of The Witness
combined,Lumines Remastered Feels Better Than Ever On Switch
combined,Massive Game Where the ENTIRE HOUSE is a Puzzle  The Room 4
combined,THE TALOS PRINCIPLE 2  Forget GOTY its a GOAT  Review After 50 Hours
combined,The 100 Games That Taught Me Game Design
combined,What If Fall Damage Was 10x Worse  Fowl Damage
combined,planes if they were 10000 times better
combined,A FT20 Situation Puyo Puyo Tetris 2
combined,A Man Who Sucks At Tetris Plays Tetris Effect
combined,Analyzing The Philosophy of The Talos Principle
combined,Burst The Balloon From the Furthest Distance  Full Task  Taskmaster
combined,Dr Seuss The Lorax
combined,Grindstone Daily Grind Update  Apple Arcade iOS Gameplay by Capybara Games
combined,How Can You Spice Up A Time Limit
combined,How To Play Monopoly Correctly  A Full Tutorial
combined,How to Play Regicide A CHALLENGING Dungeon Crawl Card Game
combined,I was almost in Squid Game
combined,Intense Tetris Battle Royale Tetrio
combined,Lumines Remastered  Shuffle Challenge Mode  Score 2665538
combined,Monty Python And The Holy Grail
combined,Opus Magnum 2025 Tournament Week 5 Crystallized Air
combined,Point and Click Puzzle Design
combined,Puyo Puyo Tetris English  All Cutscenes
combined,Sea Of Stars Throes Of The Watchmaker  Lost Island Goodies  Wolf Rock Entry  Episode 9
combined,Surfs Up
combined,TOP 40 Best PUZZLE Games on Nintendo Switch 2024
combined,Taskmaster Season 19 Episode 4  Midnight picnic  Full Episode
combined,Tetris 99  Toy Blocks music extended 10 players
combined,Tetris Effect  E3 2018 Announce Trailer  PS4
combined,The Best Ever Indie Games On The Nintendo Switch
combined,The book with a multiplayer firstperson shooter inside
combined,They Turned an IKEA Manual into a Roguelike
combined,They made a game about cardboard boxes
combined,Top 15 Nintendo Switch Puzzle Games
combined,What is a WitnessLike
combined,Why The Frequency Illusion Is Everywhere Now
combined,Tetris Effect Connected murdering a horse with a 80attack KIRBTRIS
combined,10 HARDEST Puzzles in Games You Definitely GOOGLED
combined,10 Puzzle Adventure Games for Nintendo Switch that you should not miss
combined,27mins connected vs game virgo
combined,A MUST PLAY Switch eShop Game For The Holidays Grindstone Switch Gameplay
combined,AI Learns to Play Soccer and breaks physics
combined,Air Traffic Control Last Week Tonight with John Oliver HBO
combined,Board Game Reviews Ep 215 TAK
combined,Breaking All The Rules  Baba Is You  Episode 1
combined,Breaking All The Rules  Baba Is You  Episode 1
combined,Can a Professional Engineer beat the IMPOSSIBLE quiz
combined,DOGE Got Hammered In Court
combined,Down the Nabbit Hole  New Super Mario Bros U Deluxe Gameplay
combined,Every 2D Node Explained in 9 Minutes
combined,Gameplay  Opus Magnum Part 1  The Basics of Alchemy
combined,Gameplay  Opus Magnum Part 1  The Basics of Alchemy
combined,GrindStone Review  First Impression Playstation 5
combined,Grindstone Gameplay on the Nintendo Switch
combined,How 1990s Magic Eye 3D Images Were Made
combined,I Cant Believe How Few People it Takes
combined,I Entered a Doubles Tourney with Krome and This is What Happened
combined,I Fought Against a Team of Pro Tetris Players
combined,I Found A Secret Level In GRINDSTONE
combined,I tried to outsmart AI with impossible puzzles
combined,Intense Tetris Battle Royale Tetrio
combined,It is Time to Climb the Mountain
combined,LUMINES REMASTERED Gameplay All 50 Mission
combined,Lets Play Opus Magnum  PC Gameplay Part 2  Comprehension
combined,Lets Try Opus Magnum  Design and Build Alchemical Machines
combined,Lumines Puzzle Fusion Mobile Java Track 1 OST 1 SHININ on Sony Ericsson sf2
combined,Lumines Remastered  Basic Challenge Mode  Score 1731929
combined,Lumines Review for the PlayStation Portable
combined,Lumines Soundtrack I hear the music in my Soul
combined,Making the worlds most powerful Red Bull
combined,PPT  Chain Practice
combined,Programming Extremely Satisfying Alchemy Machines  Opus Magnum
combined,Puyo Puyo  A Deep Dive On The First Games Rich History
combined,Puyo Puyo Tetris 1  2 Out of Context 2  other funny moments
combined,Ranking Every DISNEY Movie by the 100000th Frame
combined,Sea Of Stars Throes Of The Watchmaker  Feral Queen Battle  Horloge Wheels Coin  Episode 12
combined,Sea Of Stars Throes Of The Watchmaker  The Oubliettes Artys Escape  Solstice Rescue  Episode 2
combined,StepbyStep Guide to Repeating Patterns HALLOWEEN EDITION
combined,Tackling the Biggest Unsolved Problems in Math with 3Blue1Brown
combined,Tetris Effect Launch Trailer  PS4 Optional PS VR
combined,Tetris Effect and Other Games with Immaculate Vibes
combined,Tetris Forever Nintendo Switch Review  Is It Worth It
combined,The 10 Best Puzzle Games of 2023
combined,The Best Games from GMTK Game Jam 2024
combined,The CRAZIEST puzzle game Ive EVER played
combined,The Emerald Tablet Of Hermes Trismegistus  EXPLAINED
combined,The Gardens Between  100 Full Game Walkthrough  All AchievementsTrophies  FREE with Game Pass
combined,The Man Who Almost Broke Math And Himself
combined,The Power of Incentives  How Games Help Us Examine Our World  Extra Credits
combined,The Puzzle Game With 1000 Plot Twists
combined,The State of Puyo Puyo in 2024
combined,The Truman Show
combined,The Ultimate Guide To Absolutely Everything In The Universe
combined,The Unbearable Now An Interpretation of The Witness
combined,The Witness Documentary
combined,The World Design of Hollow Knight  Boss Keys
combined,These Memes Are Funny
combined,They added gravity to Chess
combined,Twilight with a Cat Behind the Scenes
combined,Uncovering the Secrets of the Windmill
combined,What Does It Mean To Be Human  The Talos Principle 1 Timeline
combined,Who was the first video game boss And why do we call them that
combined,Why Are Controller Buttons Like That
combined,Why are classic Tetris pros slower than modern Tetris pros
combined,Puyo Puyo Tetris 2 almost 40 minutes of intense Tetris vs Puyo vs SSENRED231 29032021 PC
combined,creative vs inventive
combined,iPhone and Android Games Thatll Actually Engage Your Brain
combined,Puyo Puyosig wants to fly
combined,the tetris player is at a slight disadvantage
combined,251 HOW TO PICK BEST SFIC CORES
combined,10 Board Games You Need To Start A Collection
combined,10 Board Games You Need To Start A Collection
combined,10 NEW Indie Game Releases THIS WEEK That Will Have Your Wallet Crying
combined,100 Game Walkthrough  The Witness All 523 Puzzles  135 Environmental Puzzles  49 Audio Logs
combined,15 Best Single Player Games You Can FINISH IN 5 Hrs
combined,20 Small Games for a Shoe Box Collection
combined,5 Great Puzzle Games for the Nintendo Switch
combined,A Beginners Guide to Puyo Puyo Part 1 The Blocking Method
combined,A Big Bold Beautiful Journey  Official Trailer 2025 Margot Robbie Colin Farrell
combined,A FT20 Situation Puyo Puyo Tetris 2
combined,A Game Where You Can Stretch to Any Size
combined,A Programmer Plays Wonder Boy The Dragons Trap Episode 6
combined,A free game SHOULD NOT be this good
combined,ASMR Fantasy  Town Crier Tells You the News  Helps You Find Your Way  Journey to Eshon Part IV
combined,Absurd Trolley Problems in Baba is You
combined,Arvi Teikari Baba is You What now  Games Now
combined,Best Fails of the Week  Mistakes Gone Wrong
combined,Best Puzzle Games of All Time
combined,Bionic Recreation and Disaster
combined,Biped  WADDLE OUR ROBO FEET 2Player Coop Gameplay
combined,Boring History For Sleep  WEIRD Sleep Habits of Medieval People and more
combined,Botanist Explains All GrassType Pokemon
combined,Brain training 7 puzzles to challenge your mind
combined,Buff So Hard Everything Explodes  Monster Train 2
combined,Bugsnax Developers React to 15 Minute Speedrun
combined,Building Glorious Bridges Made Entirely of Puzzles
combined,Can Roguelikes be Cozy Games
combined,Can we Improve Tutorials for Complex Games
combined,Can you solve the riddle of Pandoras box  Alex Rosenthal
combined,Cicada 3301 An Internet Mystery
combined,Citizen Sleeper 2 Starward Vector  Fully Ramblomatic
combined,Conquering the Whole Island to Summon a Giant Laser Beam
combined,Crime Scene Cleaner  Fully Ramblomatic
combined,Cryptmaster  Fully Ramblomatic
combined,Dead End Job  Nintendo Switch Review
combined,Death Becomes Her
combined,Dominos App feat Hatsune Miku The ad that vanished from YouTube
combined,EPIC is the Most Exciting Musical in Years
combined,Early Preview of Years of Division A New FElike Indie SRPG
combined,Every Autism Type Explained In 16 Minutes
combined,Every Fully Ramblomatic 2023  2024
combined,Evolution of Tetris Games 19892023
combined,Exploiting the game to make myself smarter
combined,Exploring Natures Secrets with David Attenborough 4K Documentary
combined,Exploring the Back Side of the Mountain
combined,Factorio  Wordle  A word game for engineers
combined,Flat Heroes  1  Its Hip to be Square 4 Player Gameplay
combined,GET THE BLOCK OUT OF MY WAY  Block Em 4 player demo gameplay
combined,Giant Puzzles That Require Giant Brainpower  Taiji
combined,God Of War A Bedtime Story  Ragnarök Lore  Ambience To Fall Asleep  ASMR Norse Myth Sleep Story
combined,Grindstone  One Furiously Beefy Dad On A Match Three Slashing Spree
combined,Grindstone Gameplay on the Nintendo Switch
combined,Guilty as Sock  Six One Indie Showcase 2025 Trailer
combined,Hawk Rescued From Backyard Pool During Intense Heat Wave  The Dodo
combined,He gave her a ZWEIHANDER but the lesson was WRONG
combined,Heads of State  Official Final Trailer 2025 John Cena Idris Elba Priyanka Chopra Jonas
combined,Helldivers 2  Fully Ramblomatic
combined,Highway Engineer COMPLETES road building game
combined,How Balatro Was Made and Why The Creator Expected to Sell Only 6 Copies
combined,How Can You Spice Up A Time Limit
combined,How Isometric Coordinates Work in 2D games
combined,How Jonathan Blow Designs a Puzzle
combined,How NOT to pick a multiplayer game  Death Squared
combined,How Return of the Obra Dinn Turns You Into a Detective
combined,How Snake Pass Became a Platformer Without Jumping
combined,How The Legend of Zelda Theme Works
combined,How The Legend of Zelda Theme Works
combined,How To Get Back Into A Game According to Science
combined,How to Design a Puzzle Game In 5 Steps
combined,How to play Monopoly Longest Game Ever
combined,How to play Puyo Puyo  Lesson 1 Concept of making chains
combined,How to play Puyo Puyo Tetris Tetris Basics
combined,I Made An Infinite Loop When Optimizing My Factory  Manufactoria 2022
combined,I Made An Infinite Loop When Optimizing My Factory  Manufactoria 2022
combined,I Made an Evolution Simulator with silly little guys
combined,I Used 657 Keys to Unlock Giant Puzzle Doors  I Wanna Lockpick
combined,I competed in the biggest puzzle contest in America And my new strategy worked
combined,I made a big three headed wolf
combined,I played 100 of The Talos Principle 2 and heres what I think
combined,I spent 4 years finding the Worlds BEST puzzle games
combined,Ill give you testicular cancer Plate Up ft Kingspirits
combined,Im Becoming Addicted to Special Puzzles
combined,If Inception was a puzzle game
combined,Is Jotun Worth It  Video Game Review
combined,Its a Tetrio TUESDAY
combined,Jade Order Nintendo Switch Review  Strategy Adventure Game Thats Trying Something Different
combined,Jonathan Blow on his programming language jai
combined,Just Shapes  Beats  MUSICAL BULLET HELL 4 Player Gameplay
combined,LUMINES LIVE gameplay Tokyo Club Mix
combined,LUMINES REMASTERED Gameplay All 50 Mission
combined,Lady Charlottes proposal by tea ASMR Roleplay
combined,Learning Crossword Week 55  NYT Crossword Tuesday May 27th 2025
combined,Lets Play Drop Duchy  You play well Simple Mistakes
combined,Lets Play Kirby  the Amazing Mirror Part 1
combined,Lets Play While True Learn  PC Gameplay Part 1  Machine Learning Is Hard
combined,Lets Talk About Tamagotchi Paradise and Why Im So Hyped
combined,Like a Dragon Infinite Wealth  Fully Ramblomatic
combined,Literary Analysis of The Witness
combined,Literary Analysis of The Witness
combined,Localization Quirks in Puyo Puyo games
combined,Lumines Live  VS CPU No Hit
combined,Lumines Remastered  Basic Challenge Mode  Score 1731929
combined,Lumines Remastered  Challenge Basic IN ONE 326 COMBO
combined,Lumines Remastered  Endless Challenge Mode  Score 5262301
combined,Lumines Soundtrack Automobile Industry
combined,Lumines Soundtrack Shake Ya Body
combined,Lumines Soundtrack Talk 2 You
combined,Lumines Block Challenge  Challenge Mode Full Playthrough
combined,Marathon Art Style Breakdown
combined,Mars Power Industries  Nintendo Switch Gameplay Review
combined,Massive Game Where the ENTIRE HOUSE is a Puzzle  The Room 4
combined,Max and the Book of Chaos Nintendo Switch Gameplay
combined,Minesweeper  Hexagons  My Dream Video Game  Hexcells
combined,Mini Puyo Lesson Vertical Chaining Fundamentals
combined,Monty Python And The Holy Grail
combined,Moving In AchievementTrophy  The Gardens Between
combined,My Assistant became my Boss for the Day  AMD 5000 Ultimate Tech Upgrade
combined,My highways are so efficient they BREAK REALITY
combined,Nintendo Releases 60fps Footage of Pokemon Scarlet  Violet for Switch 2  IGN Daily Fix
combined,Nintendo Switch 2  Official GameChat Overview Trailer
combined,Nintendo Switch 2  Official Launch Trailer
combined,Nintendo Switch 2 Welcome Tour So Is it Worth 10
combined,Nintendo Switch Has So Many Tetris Games
combined,Opus Magnum  Pions Primal Perception
combined,Opus Magnum Makes My Brain Melt Through my Ears
combined,Opus Magnum is One of the Best Puzzle Games and Ive Never Played It
combined,Overcooked All You Can Eat  1  WE RETURN 4Player Gameplay
combined,PURRRFECT PARTY GAME  Jumping Jazz Cats PC Gameplay
combined,Point and Click Puzzle Design
combined,Puyo Lesson Breaking Down Stairs
combined,Puyo Tutorials Part 2 Introduction to Chaining  The Blocking Method
combined,RAIN Sounds for Sleeping BLACK SCREEN  Rain NO THUNDER  Calm Rain for Sleep Study
combined,ROLL THE DICE  Rounds
combined,Rain on Your Parade Nintendo Switch Gameplay
combined,Ratopia Gameplay No Commentary
combined,Rejecting cookies now costs money Is this even legal
combined,S2EP45 Working in Unity Pixel Art Roguelite Fantasy Team Builder TurnBase RPG
combined,San Francisco to Seattle by Public Transit ONLY  Day 3
combined,Saving Athena
combined,Sea Of Stars Throes Of The Watchmaker  Facing The Narcis King  Feral Queens Ticket  Episode 8
combined,Shattered Pixel Dungeon  Pacifist Ascent Badge GRIND
combined,Smooth Jazz Instrumental Music  Cozy Coffee Shop Ambience with Jazz Relaxing Music to Study Work
combined,Some good old fashioned PaperandPencil Games from 3M 50 years ago
combined,Someone Made a Parody of The Witness And It Is HILARIOUS The Looker
combined,Sports Betting Last Week Tonight with John Oliver HBO
combined,State of Unreal  Unreal Fest Orlando 2025
combined,Sudoku Expert Plays The Witness
combined,Super Mario Party Square Off Mode Part 1  Funhaus Gameplay
combined,Swapdown  Puyo Puyo Tetris 2
combined,TOP 20 BEST SINGLE PLAYER Games on Nintendo Switch
combined,Taskmaster Season 19 Episode 2  An invisible jump rope  Full Episode
combined,Taskmaster Season 19 Episode 3  My presumably stum  Full Episode
combined,Tetris Effect  PS5 Gameplay 4K HDR
combined,Tetris Effect Connected  We need to talk about Tetris  Meta Quest 3
combined,Tetris Effect In Virtual Reality Is An Incredible Trip
combined,Tetris Effect In Virtual Reality Is An Incredible Trip
combined,The 10 Most Relaxing Puzzle Games on the Nintendo Switch
combined,The 10Year Hunt for the Lost McDonalds DS Game
combined,The 100 Games That Taught Me Game Design
combined,The Answer to These Puzzles is Hiding in the Shadows
combined,The BEST Nintendo Handheld Facts on YouTube GB GBA DS 3DS  more
combined,The Best Games from GMTK Game Jam 2020
combined,The Book Im Still Trapped In  Maze  Video Essay
combined,The Book of Life
combined,The Book of Life
combined,The Book of Life
combined,The Cauldron Finale
combined,The Dumbest Things EV Owners Do
combined,The Fantastic Four First Steps  Official Teaser Trailer 2025 Pedro Pascal Joseph Quinn
combined,The Forgotten Easter Eggs of Portal
combined,The Game of Finding Your Purpose  The Talos Principle
combined,The Gardens Between  Easy Platinum Trophy Walkthrough
combined,The Gardens Between  Full Gameplay Walkthrough Video iOS Android
combined,The Gardens Between 52  Walkthrough  Playthrough
combined,The Gardens Between REVIEW Nintendo Switch PS4 PC
combined,The Gardens Between Switch Review  NEVER SEEN THIS BEFORE
combined,The Greatest Language Translating Puzzle Game Ever Made
combined,The Greatest Language Translating Puzzle Game Ever Made
combined,The History of 120 Stars Early Era 2004  2014
combined,The History of Fantasy Maps
combined,The Hitchhikers Guide to the Galaxy
combined,The Life of Chuck  Official Trailer 2 2025 Tom Hiddleston Chiwetel Ejiofor Karen Gillan
combined,The Most Complex Game Ever Made
combined,The Myth of the Alpha Male
combined,The Nintendo Switch App Is Almost Perfect After Update
combined,The Nintendo character with zero Google results
combined,The State of Puyo Puyo  Puzzle Pop Review  More
combined,The Story of Tetris
combined,The Sudoku With Only 10 Words Of Rules
combined,The Talos Principle 2  All 3 Endings  Secret Scenes Bonuses Compilation
combined,The Talos Principle 2  Easter Eggs Secrets  References
combined,The Talos Principle 2 Review  Philosophical Portal Perfected
combined,The Talos Principle 2 33 Minutes of Gameplay
combined,The Talos Principle Timeline  COMPLETE Talos Principle Story  Lore
combined,The Talos Principle  ASMR  Sleep Aid  Relaxing beach ambience  music
combined,The Talos Principle Making Of
combined,The Two Types of Random in Game Design
combined,The Two Types of Random in Game Design
combined,The UNSCAMMABLE PC  Feat Kitboga
combined,The Witness  100 11543  New World Record
combined,The World of Myst  The Full Saga  Complete Chronologies
combined,The secret economics of Escape Rooms
combined,Theres no straight stacker  Insane Factory EP01  Shapez 2  Dimensions Update
combined,These Desert Puzzles are the Bane of my Existence
combined,These are AWESOME Replacements for Your Favorite Roguelike Games
combined,They Turned YouTube Itself Into A Puzzle Game
combined,They made rejecting the terms and conditions x1000 harder
combined,Thinky Direct 2025  Exclusive trailers and announcements for puzzle fans
combined,This Fantastic Woodpunk Automation Sim Is Finally Out In 10  Oddsparks An Automation Adventure
combined,This Game Looks Like Luck But Its All Skill  Sol Cesto
combined,This Opus Magnum machine scores higher than Grahams number
combined,This Psychological Trick Makes Rewards Backfire
combined,This Puzzle Game Is the Definition of a Masterpiece
combined,This Puzzle Game Took EIGHT YEARS To Make  Taiji
combined,This Reverse Puzzle Takes THREE Players to Solve
combined,This Video Took Us 8 Years To Make
combined,This game SHOULD BE ILLEGAL
combined,This game gives you one hour to live
combined,This game outsmarted a professional engineer Baba Is You
combined,Thrive The Evolution of a Game
combined,Top 10 FREE Puzzle Games for Android in 2025  You Must Try
combined,Top 10 NEW Puzzle Games For Android  iOS in 2024 That You Need To Try
combined,Top 5 Best Cozy Puzzle Games you MUST PLAY
combined,Tour de Force  Star Wars Games w Cameron Monaghan
combined,True Facts Beetles That Took Things Too Far
combined,True Wireless Power is FINALLY here building a TRULY wirefree setup
combined,Trump  The Press Last Week Tonight with John Oliver HBO
combined,Trump Orders Ban on Trans Military  Plans Lavish Military Parade All in 5 Months  The Daily Show
combined,Twitch Chat Makes It Impossible to Solve These Puzzles
combined,Using Giant Hedge Mazes to Solve Confusing Puzzles
combined,Using Incredible Improvisation to Beat Quarry Puzzles
combined,VFX Artists React to Bad and Great CGi 178 Ft Adam Savage
combined,Waffles Forest Book Nook  Soft Lofi to Escape Withlofihiphop chillmusic coffeemusic studymusic
combined,Welcome to the ASMR Library  Whispering Page Flipping Typing Etc
combined,Welcome to the ASMR Library  Whispering Page Flipping Typing Etc
combined,Whats Under The Sudoku Fog
combined,Whats Under The Sudoku Fog
combined,When a game makes your academic success worthless
combined,Why Is The US Dropping Billions Of Mutant Flies From The Sky
combined,Why Is The US Dropping Billions Of Mutant Flies From The Sky
combined,Why Its SO Hard to Find a Game You ACTUALLY Like
combined,Why The SCP Foundation Works and The Backrooms Failed
combined,Why are classic Tetris pros slower than modern Tetris pros
combined,Wicked For Good  Official Trailer 2025 Cynthia Erivo Ariana Grande
combined,Windows Was The Problem All Along
combined,Within this cube is a super clever perspective based puzzle game Moncage
combined,You Must Press Every Button
combined,First Try Lumines II 2006 PSP  More Musical Squares 1080p60
combined,Puyo Puyo Tetris 2 how to get murdered in under 30 seconds
combined,bro they had to know they were giving us one of the greatest characters in movie history
combined,creative vs inventive
combined,i dont think the witness is very good
combined,over 3 hours of disturbing unsolved mysteries
combined,10 Cozy Puzzle Games to Play Anytime  PC Mac  Switch
