persona,cleanTitle,llmCategory
watch,Bonus Video A Very Okay Steward Run That Did Not Win  Monster Train 2,gaming-other
watch,Nebulock Demo Footage,gaming-other
watch,Dr Seuss The Lorax,other
watch,Buff So Hard Everything Explodes  Monster Train 2,gaming-other
watch,True Wireless Power is FINALLY here building a TRULY wirefree setup,other
watch,Chess But Pieces Have Gravity,gaming-puzzle
watch,Cute Mouse Survival Sandbox  Winter Burrow,gaming-other
watch,How To Make Indie Games In 2025 w Jonathan Blow  Full Time Game Dev Podcast Ep 024,gaming-other
watch,I Found it The Ultimate Incremental Idle Game,gaming-other
watch,I Got EVERY Achievement For 100 Games,gaming-other
watch,Intense Tetris Battle Royale Tetrio,gaming-puzzle
watch,More Asgards Fall,gaming-other
watch,Pumpkin Summons Are Cracked In Talented,gaming-other
watch,Ranking and Analyzing PVZ 2s Modern Plants,gaming-other
watch,Someone Made Deckbuilder FTL And Its Kinda Awesome  Star Scum,gaming-other
watch,Speedrunning Conspiracy Theories w drewisgooden,other
watch,Stardew Valley  365 Fishing Mastery,gaming-other
watch,Tackling the Biggest Unsolved Problems in Math with 3Blue1Brown,other
watch,This Worms Video is Finger Lickin Good,gaming-other
watch,Where Is Wind Wakers Water From,gaming-other
watch,shapez 2 Dimension Update  Out Now,gaming-other
watch,its a gloomy afternoonlets play stardew valley   1hr cozy asmr gaming vlog,gaming-other
watch,16 YO UNDERDOG vs 7TIME CHAMP  Classic Tetris World Championship 2018 Final Round,gaming-puzzle
watch,Air Traffic Control Last Week Tonight with John Oliver HBO,other
watch,An Endless Labyrinth How BIG is Aperture Science,gaming-other
watch,Balatro Creator LocalThunk Talks Inspirations and Jokers  Game Makers Notebook Podcast,gaming-other
watch,Becoming a Better Indie Dev  From Prototype To Polish,gaming-other
watch,Building a New Game in Game Builder Garage  GBJune Dev Days  Live,gaming-other
watch,Can You Beat Spyros INFAMOUS AntiPiracy,gaming-other
watch,Cult Classic Dungeon Crawler RPG  Etrian Odyssey 2 HD,gaming-other
watch,Drawing Classic Drawfee Characters That Weve Never Drawn Before,other
watch,Everything Is Random,other
watch,Haunted House Deckbuilder Roguelike  Deck of Haunts Demo,gaming-other
watch,Highway Engineer COMPLETES road building game,gaming-other
watch,How India runs the worlds biggest election,other
watch,I Challenged an Isaac Pro to BLACKOUT Bingo,gaming-other
watch,I Made Millions by Openly Ripping Off Every Person Who Hired Me  Cash Cleaner Simulator,gaming-other
watch,I Played Every MySims Game so you dont have to,gaming-other
watch,I Spent 250 on the Worst EShop Games,gaming-other
watch,I Spent 30 Days in a Dead MMO and it was amazing,gaming-other
watch,I went AFK and Speedran This Game  Peglin Is A Perfectly Balanced Game With No Exploits,gaming-other
watch,Is It Possible To Beat Battleblock Theater Without Jumping feat BarelyAlec,gaming-other
watch,Making the worlds most powerful Red Bull,other
watch,Mario Kart 8s completely normal Time Trial leaderboards,gaming-other
watch,Minecraft with Too Many Custom Hearts,gaming-other
watch,My Assistant became my Boss for the Day  AMD 5000 Ultimate Tech Upgrade,other
watch,My New Favorite Incremental Game Seriously,gaming-other
watch,Nintendo had us in the first half,gaming-other
watch,Oblivion Remastered is A PERFECTLY BALANCED GAME WITH NO EXPLOITS  Making A New God,gaming-other
watch,Peanuts Bon Voyage Charlie Brown and dont come back,other
watch,Portal 2s Biggest Skip Took 11 Years To Discover And No One Uses It,gaming-other
watch,Sudoku Expert Plays The Witness,gaming-puzzle
watch,TETRIS EFFECT CONNECTED  Forest Dawn,gaming-puzzle
watch,Tackling the Biggest Unsolved Problems in Math with 3Blue1Brown,other
watch,Taskmaster Season 19 Episode 4  Midnight picnic  Full Episode,other
watch,The Mostly Complete Lore of Hollow Knight,gaming-other
watch,The Lore  Story of Dead Cells with ALL DLCs,gaming-other
watch,The Most Complex Ecosystem in any Game,gaming-other
watch,The TRAGEDY of Nickelodeons Glitch Techs,other
watch,These Have Been Found All Across Ancient Rome Nobody Knows Why,other
watch,This Funguy Eats Titans  Monster Train 2,gaming-other
watch,This game outsmarted a professional engineer Baba Is You,gaming-puzzle
watch,Why Does Celeste Feel So Good to Play,gaming-other
watch,Zelda BotW Drum Any WR Speedrun 11422 Worlds First Sub 75min Speedrum,gaming-other
watch,155 The Best Indie Video Games Worldbuilding  Theology with PJ,gaming-other
watch,1 Porter Gargantuar Level 40 vs 36 Plants Use Unlimited Power Up  Who Will Win  Pvz2 Challenge,gaming-other
watch,10 Magic Cards You Wont Believe Were Once REALLY Good,other
watch,100 Speedrunning Burrito Bison Was A Mistake,gaming-other
watch,100 Speedrunning Slime Rancher Was An Adorable Mistake,gaming-other
watch,100 Valve References  Crossovers in Video Games,gaming-other
watch,2 Hours of Mario Marathons to Fall Asleep To,gaming-other
watch,3 Hours of RealLife Cheat Codes to Fall Asleep to,other
watch,4 Days of Terrible Choices in a Survival Game,gaming-other
watch,40 Complex Games With BRUTAL Learning Curves,gaming-other
watch,A Bad Moon Rises  NRB Play Blood On The Clocktower,gaming-other
watch,A bell for my boyfriend  Animal Crossing New Horizons 2,gaming-other
watch,A history of attempts to fix English spelling,other
watch,AI Teachers and Duolingos New Plan  What Could Go Wrong,other
watch,Animal Crossing in LEGO 42 Acre Isle,gaming-other
watch,Apples AI Disaster Government Texts Hacked and North Koreas Sad Warship  Stuff Keeps Happening,other
watch,Back with a BANG  RoboCop Rogue City Unfinished Business Gameplay Preview,gaming-other
watch,Baking brownies from the inside out,other
watch,Baking brownies from the inside out,other
watch,BarthEound Pt1,other
watch,Bionic Recreation and Disaster,other
watch,Bisnap Streams Isaac Repentance  Part 1120,gaming-other
watch,Bonus Video A Very Okay Steward Run That Did Not Win  Monster Train 2,gaming-other
watch,Boring History For Sleep  WEIRD Sleep Habits of Medieval People and more,other
watch,Boring History For Sleep  What did Alexander the Great EAT and more,other
watch,Boring History For Sleep  Why it Sucked to Be a Medieval Assassin and more,other
watch,Botanist Explains All GrassType Pokemon,gaming-other
watch,Bubble Bobble Any Randomizer Coop  Vauhtijuoksu 2025,gaming-other
watch,Building a LEGO Waffle Factory,other
watch,But what is quantum computing Grovers Algorithm,other
watch,CAN I PLEASE GET A VICTORY ROYALE,gaming-other
watch,CVS Employee Arrested Waiting on Bench for Lyft Driver 7 MINUTES after closing the store,other
watch,Call of Cthulhu  Edge of Darkness  Alex Ward Joe Johnson Persephone Valentin Trisha Hershberger,gaming-other
watch,Can I Beat Terraria on Nintendo Switch,gaming-other
watch,Can I GAMBLE Dice Chess,gaming-other
watch,Can I Remake Super Mario World in Godot Part 1,gaming-other
watch,Can I Remake Super Mario World in Godot Part 1,gaming-other
watch,Can I find the PERFECT SPOT for everyone  Is this seat taken,other
watch,Can I survive Mario Superstar Baseball with the WORST team,gaming-other
watch,Can We Spot The Anomaly,other
watch,Can YOU Beat CUPHEAD WITHOUT GETTING HIT,gaming-other
watch,Can You Beat Spyro The Dragon Reignited Without Gliding,gaming-other
watch,Can You Beat Spyros INFAMOUS AntiPiracy,gaming-other
watch,Can You Beat Total Warhammer 3 Using Only DEER,gaming-other
watch,Can my 9 smartest viewers count to 10,other
watch,Can you Remake Super Mario Bros 2 in Super Mario Maker 2,gaming-other
watch,Can you beat Deathworld with NO WEAPONS,gaming-other
watch,Can you beat Plants vs Zombies 2 with DOUBLE SUN COST Plants Part 1,gaming-other
watch,Casual Player Accidentally Makes a HUGE Discovery That Speedrunners Missed,gaming-other
watch,Clicky Tactile PSP Button Mod  Install  Review,other
watch,Closed captions on DVDs are getting left behind,other
watch,Coding Stream 28  Creating a Metroidvania like Hollow Knight in Unity,gaming-other
watch,DOGE Got Hammered In Court,other
watch,Dansg08 Checks Out ALL Of The Final Fantasy Magic The Gathering Cards Livestream VOD,gaming-other
watch,Dead Rails,gaming-other
watch,Dear Creatives I Bet You Can Relate Lets fix it,other
watch,Death Becomes Her,other
watch,Desperloch  Age of Umbra  Episode 1,gaming-other
watch,Detail Diatribe The Lost Art of Marvels Phase 1,other
watch,Detail Diatribe The Lost Art of Marvels Phase 1,other
watch,Digging a SECRET Garage Part 6 THE COVER UP,other
watch,Doctor Reacts To GOATED Medical Memes,other
watch,E X P A N D I N G to THE STARS in Factorio,gaming-other
watch,EPIC is the Most Exciting Musical in Years,other
watch,EVERYTHING To Know About DBDs FNAF Chapter,gaming-other
watch,EX3 Ceraphina 2T feat Lightening Team  Octopath Traveler Cotc,gaming-other
watch,Every Acting Oscar Winner of the 2020s Ranked,other
watch,Every Acting Oscar Winner of the 2020s Ranked,other
watch,Every Softlock in Portal,gaming-puzzle
watch,Everyone Hates Nvidia,gaming-other
watch,Factorio Review,gaming-other
watch,Fall asleep while I play Stardew Valley,gaming-other
watch,Fallout Any Anthology In 13059,gaming-other
watch,Family Guy Season 22 Ep 228  Family Guy 2024 UnCuts 1080p,other
watch,Fields of Mistria  Lets Play Ep 39,gaming-other
watch,Filet Mignon Fondue Doesnt Go Well  Kitchen Nightmares FULL EPISODE,other
watch,Final Fantasy Tactics The War of the Lions First Play 06,gaming-other
watch,Finding the source of the Fire Ants  Fallout 3  Ep 5,gaming-other
watch,First Time Android Experience,other
watch,Food in the Trenches of World War One,other
watch,Fortress of Hope session 8 on Bugbears Basement,gaming-other
watch,Gasp Behold Were playing Balatro,gaming-other
watch,Goat in the Tiny Glade   Cozy Build Stream,gaming-other
watch,Hacking The Switch 2 Wont Be Easy,gaming-other
watch,Heat Pedal To The Metal  How To Play,gaming-other
watch,Help Me Tricky Story vs Fork N Sausage  Hard Levels Challenge Walkthrough Gameplay Ep0538,gaming-puzzle
watch,Hollow Knight fanatic plays Ori for the first time  Ori and the Blind Forest 1,gaming-other
watch,Hollow Knight fanatic plays Ori for the first time  Ori and the Blind Forest 1,gaming-other
watch,Hollow Knight speedruns are much harder than you think,gaming-other
watch,Hollywood Keeps Failing Tomb Raider,gaming-other
watch,How 3D video games do graphics,gaming-other
watch,How Can You Make Backtracking Fun,gaming-other
watch,How Cuphead Was Made and Struggled Finding The Right Protagonist,gaming-other
watch,How Fast Can You Softlock Every Animal Crossing Game,gaming-other
watch,How I Beat Pikmin Without Making Pikmin,gaming-other
watch,How Im Finally Getting Beautiful Animations in Unity,gaming-other
watch,How Jonathan Blow Designs a Puzzle,gaming-puzzle
watch,How Many Plants are there in Plants vs Zombies,gaming-other
watch,How Mormon Doctrine Created Crumbl Cookie,other
watch,How One Company Secretly Poisoned The Planet,other
watch,How Satisfactory Hacks Your Brain,gaming-other
watch,How The Binding of Isaac Was Made and Designed to Fail,gaming-other
watch,How Toxic Can Music Get  Wiki Weekdays Podcast,other
watch,How advertisers ruined a good idea,other
watch,How good is MAX WATER SPEED in Mario Kart 8 Deluxe,gaming-other
watch,How to Survive the Current State of the World,other
watch,I 100 Blackbordered EVERY MAP in BTD6 It was painful Bloons TD6,gaming-other
watch,I Built Every Hidden Base to Find the Best One,gaming-other
watch,I Built a DD City out of PAPER,other
watch,I Coded Your Absurd Command Ideas into Minecraft,gaming-other
watch,I Coded Your Absurd Speedrun Ideas into Minecraft,gaming-other
watch,I Completed the ACNH Critterpedia in 5 DAYS,gaming-other
watch,I DIDNT DRAW FOR 2 YEARS  Art JournalStorytime,other
watch,I Dropped My Sanity in Drop Duchy A Tetris Roguelike,gaming-puzzle
watch,I Fully Completed EVERY HalfLife  Portal Game,gaming-other
watch,I Got EVERY 3 Star In Cut The Rope,gaming-puzzle
watch,I Have to Talk About How Crazy This Is,other
watch,I Made The ULTIMATE Lucky Block Tycoon In Minecraft,gaming-other
watch,I Made an Evolution Simulator with silly little guys,gaming-other
watch,I Played 100 Of Mario Wonder It Was Truly Wonderful,gaming-other
watch,I Played 100 Of Papas Pizzeria,gaming-other
watch,I Played 100 of Cult of the Lamb,gaming-other
watch,I Played 100 of Forager,gaming-other
watch,I Played Balatro Every Day for a Month,gaming-other
watch,I Spent 200 on the Worst Wii Games,gaming-other
watch,I Spent 5000000 So You Can Go To Space For FREE,other
watch,I Spent 1000 Hours Making My Own Version of Scratch,gaming-other
watch,I Tested the Weirdest Phones on the Internet,other
watch,I Tried Answering YOUR Most Searched Google Questions About Me but Instantly Regret It,other
watch,I Tried Every Sandwich in Japan,other
watch,I played another 8 SoulsLike games youve never heard of,gaming-other
watch,I played every single Pikmin game,gaming-other
watch,I played these Cozy Farming Games in my Quest for the ULTIMATE Farming Sim,gaming-other
watch,I spent 100 Years building one City in Open Transport Tycoon,gaming-other
watch,I tried every Phineas and Ferb speedrun,gaming-other
watch,Ive Given You 9 Kings Now Make a MILLION Synergies,gaming-other
watch,Ive Spent 9 Years Working On My Board Game Was it worth it,gaming-other
watch,Inside The MuskTrump Breakup  MTG Didnt Read The BBB  Trumps Attack On The LGBTQ Community,other
watch,Is It Possible To Make Guitar Hero Using Only A Guitar,gaming-other
watch,Is The Gamegenic Castle Better Than The Stanley Organizer for Magic The Gathering and Pokemon Cards,gaming-other
watch,Is this strategy OP or TROLL  AoE 2 ranking,gaming-other
watch,Is this the MOST REALISTIC road building simulator ever,gaming-other
watch,It Takes Two with Jaiden,gaming-other
watch,Its A Small World After All  Mystopia Cozy Sandbox World Builder Game,gaming-puzzle
watch,Its Time,other
watch,Jon Lovitz Knows Bobbys Terrible in Bed  TigerBelly 505,other
watch,Jon Stewart on Elon Musks BlackEyed Exit  Trumps Insane New Biden Conspiracy  The Daily Show,other
watch,Lasers vs Lightning Which Is More Powerful,other
watch,Legal Myths That Will Land You in Prison  rBadLegalAdvice,other
watch,Legend of Zelda NES Remastered  Full Gameplay  All Items and Hearts,gaming-other
watch,Lego Games  Scott The Woz,gaming-other
watch,Lets Play Bravely Default 2 Part 1 PC A Bravely Third Blind,gaming-other
watch,Lets Play SAY ANYTHING feat TomSka  Board Game Club,gaming-other
watch,Lets Play Word Play,gaming-puzzle
watch,Level 1 to 100 Philosophy Concepts to Fall Asleep To,other
watch,Lynked Banner of the Spark  VOD 22May2025,gaming-other
watch,Magic Systems Should Be Weirder,other
watch,Making a Game About Weak Points,gaming-other
watch,Mario Odyssey  SwitchSwitch 2 Comparison,gaming-other
watch,Microsoft Says They Fixed Windows Recall I Still Dont Like It,other
watch,Minecraft but I Can Mine Anything,gaming-other
watch,Mix  Seperate  The Team Marble Race 02 in Algodoo,gaming-puzzle
watch,More Asgards Fall,gaming-other
watch,MotM Michaela on the Move  GalaxyCon Oklahoma City,other
watch,Mr Sleepy Man Is a Game We Can All Relate To w Jack and Jess,gaming-other
watch,Multi Game Stream with MULTIPLE GIVEAWAYS,gaming-other
watch,My FIRST 12 in the UNDERGROUND with DOUBLE Marin  Hearthstone Arena,gaming-other
watch,NEW Trophy Road  MASTERIES REMOVED  Update Info,gaming-other
watch,Nigel Ng Uncle Roger  This Past Weekend w Theo Von 586,other
watch,Nintendo is opening Pandoras box to destroy Palworld,gaming-other
watch,Nintendos The Wizard Is A Lie  Rerez,gaming-other
watch,Oblivion beats music,other
watch,Oddsparks An Automation Adventure  Episode 7  2025 PS5 Gameplay  Early Game Item Sorting,gaming-other
watch,Old pinball machines are amazingly complex,other
watch,Only 500 People Have Done This Before  Los Angeles Playthrough  Discussion  Mini Motorways,gaming-other
watch,Oracle of Ages  E17 Beneath the waves,gaming-puzzle
watch,Over an hour of Star Destroyer lore,gaming-other
watch,PART 87 Minecraft with Mouse  Keyboard on Nintendo Switch,gaming-other
watch,PORTUGUESE against SARACENS  Couldnt focus this game lot of things on my mind,gaming-other
watch,PSG vs Inter Extended Highlights  UCL Final  CBS Sports Golazo,other
watch,Playing Final Fantasy Magic The Gathering w Gavin Verhey Numot and Crim  Shuffle Up  Play 79,gaming-other
watch,Playing RollerCoaster Tycoon on the Original Xbox,gaming-other
watch,Pokemon but Our Worlds are Merged Together,gaming-other
watch,Presenting my Billion Dollar Plan,other
watch,Printing a LifeSized LEGOStyle Castle  Walls and Figures,other
watch,RealTime Strategy is incredible and you should play it,gaming-other
watch,Red Planet,other
watch,Revealing 5 Secret Magic Tricks With Science,other
watch,Revisiting io Games in 2025,gaming-other
watch,Revisiting Coolmath Games in 2025,gaming-puzzle
watch,Revisiting Wordle Games,gaming-puzzle
watch,Robin Hood Men In Tights,other
watch,Rollercoasters with Tom Scott  SciShow Tangents Podcast,other
watch,Rune Factory Guardians of Azuma Gameplay  Nintendo Switch  Save the gods,gaming-other
watch,SIDEMEN REVERSE CATEGORIES,gaming-other
watch,SMG4 The Lil Fellas,gaming-other
watch,SPANISH  Eic going custom to rat his Persian pick Teal playing too relaxed or just too slow,gaming-other
watch,Scarletts ridiculous creep spread has broken StarCraft 2,gaming-other
watch,Scott Sam Eric and Justin Make a Massive Mistake Playing Beerio Kart,gaming-other
watch,Scott Sam Eric and Justin Make a Massive Mistake Playing Beerio Kart,gaming-other
watch,Sea Of Stars Throes Of The Watchmaker  The Oubliettes Artys Escape  Solstice Rescue  Episode 2,gaming-other
watch,Sea of Stars Throes of the Watchmaker 4 Enter the Ivory Towers,gaming-other
watch,Silksong Switch 2 Direct Footage Analysis 9 whole seconds of new footage,gaming-other
watch,SimCity 2000 30 Years Later An LGR Retrospective,gaming-other
watch,Snake but with a skill tree,gaming-puzzle
watch,So Is GRINDSTONE Worth Playing,gaming-puzzle
watch,So Is GRINDSTONE Worth Playing,gaming-other
watch,Something Strange Happens When You Keep Squaring,other
watch,SpaceCorp Digital App Preview with John LaRuffa,gaming-other
watch,Splatoon Isnt 10 Years Old But It Is,gaming-other
watch,Sudoku Expert Plays The Witness,gaming-puzzle
watch,Super Hand Pixel  Super Paper Mario Ch3,gaming-other
watch,Swingin Back to the Backyard,other
watch,Sydney Sweeney Sells Her Bathwater Men Buy The Fantasy,other
watch,TShirts made up in Peoples Dreams,other
watch,TF2s most popular map sucks Heres how I fixed it,gaming-other
watch,THE BEST STEAK CHALLENGE IVE EVER ATTEMPTED  BeardMeatsFood,other
watch,THE ENDLESS TUNNEL  Blue Prince,gaming-other
watch,THIS PVZ DLC UPDATE CHANGED EVERYTHING,gaming-other
watch,TOO SMART FOR MY OWN GOOD  Blue Prince,gaming-other
watch,TROLL LEVEL OF THE YEAR 2025,gaming-other
watch,Tariff Fight Heads to the Supreme Court  Prof G Markets,other
watch,Taskmaster Season 19 Episode 3  My presumably stum  Full Episode,other
watch,Taskmaster Season 19 Episode 5  Maybe were the monsters  Full Episode,other
watch,Tasting the Rainbow and going insane p2  Darkened Skye GameCube,gaming-other
watch,Tati Rush You Might Be Dead But I will Kill Him  Teammate,gaming-other
watch,Terminator Genisys,other
watch,The Mostly Complete Lore of Hollow Knight,gaming-other
watch,The Awful World of Skateboarding Games  Caddicarus,gaming-other
watch,The Best Games Are Kinda Bad,gaming-other
watch,The Best Word Game Mechanics Ever,gaming-puzzle
watch,The Biggest Misconception in Football,other
watch,The Binding of Isaacs Platinum is ADDICTING,gaming-other
watch,The Bizarre Lore of Donkey Kong,gaming-other
watch,The Bizarre Lore of Plants Vs Zombies,gaming-other
watch,The Bizarre Lore of Rayman,gaming-other
watch,The Bizarre Lore of Wizard101,gaming-other
watch,The Book of Life,other
watch,The Building Contest  Animation vs Minecraft Shorts Ep 2,gaming-other
watch,The Cauldron Finale,other
watch,The Cauldron Finale,other
watch,The Dark Crystal,other
watch,The Deep Dip World Record Might be Unbeatable Now,gaming-other
watch,The Devil Wears Prada,other
watch,The Downfall of Xbox,gaming-other
watch,The ENTIRE The Rookie Iceberg Explained,other
watch,The Gen Z News Star Taking On Trump,other
watch,The Great Outdoors Baer Plays Blue Prince,gaming-other
watch,The Greatest Game Ever Played,other
watch,The Hardest Kacky Yet,gaming-other
watch,The History of 120 Stars Early Era 2004  2014,gaming-other
watch,The Horrible World of Kinect Games  Caddicarus,gaming-other
watch,The IMPOSSIBLE FNAF World CHALLENGE Level 1 Starter Only No Moves No Upgrades No InstaKills,gaming-other
watch,The Legendary World of Spyro Games  Caddicarus,gaming-other
watch,The Legendary World of Spyro Games  Caddicarus  SLEEP EDITION,gaming-other
watch,The Lower Depths of the Nintendo Iceberg,gaming-other
watch,The MIX Summer Game Showcase 2025,gaming-other
watch,The Miserable World of Completing Crash Bandicoot 4  Caddicarus,gaming-other
watch,The Mockery Unbelievable,other
watch,The Most Complex Ecosystems in Games,gaming-other
watch,The NEW Arena is CRAZY,gaming-other
watch,The Peanuts Movie,other
watch,The RISKIEST TRIO in Rust,gaming-other
watch,The Sad Greedy Death of Little Big Planet,gaming-other
watch,The Simplest Illusion We Cant Explain,other
watch,The Story of Spyro the Dragon,gaming-other
watch,The Subtle Details That Make Hollow Knight Great,gaming-other
watch,The Trackmania Campaign with 0 turns,gaming-other
watch,The Viral Business of Smashburgers,other
watch,The Woman and the Bird Celeste Finale,gaming-other
watch,The search for LIFE but NOT as we know it,other
watch,The secret economics of Escape Rooms,other
watch,Theres no straight stacker  Insane Factory EP01  Shapez 2  Dimensions Update,gaming-puzzle
watch,These Nerdy Students Took Vegas for Millions,other
watch,This Achievement in Super Meat Boy Took 16407 Attempts,gaming-other
watch,This Fantastic Woodpunk Automation Sim Is Finally Out In 10  Oddsparks An Automation Adventure,gaming-other
watch,This Game is SAD but FUN Kittys Last Adventure and Game Giveaway,gaming-other
watch,This Level Makes You PUSH WALLS  Clearing 69420 EXPERT Levels  S8 EP89,gaming-other
watch,This Run Just Hit LEGEND Status,gaming-other
watch,This Video Took Us 8 Years To Make,other
watch,This game gives you one hour to live,gaming-other
watch,This is the BEST 5 game ever made,gaming-other
watch,Tim Burtons Corpse Bride,other
watch,Tiny Bookshop  Official Release Date Trailer,other
watch,Titan Complex 304 TODAY IS THE DAY,gaming-other
watch,Too Many Types almost broke me,gaming-puzzle
watch,Top 30 Things Only Americans Do And Think Its Normal,other
watch,Training AI to Play Pokemon with Reinforcement Learning,gaming-other
watch,True Facts Beetles That Took Things Too Far,other
watch,Trump Furious After Musk Rips His Signature Bill Calls It Disgusting Abomination A Closer Look,other
watch,Trying out Age of Empires Definitive Edition and reacting to Sony State of Play with LianaPlays,gaming-other
watch,Unforeseen Consequences A HalfLife Documentary,gaming-other
watch,Unicorn Overlord and a Legacy of Second Chances,other
watch,VFX Artists React to Bad and Great CGi 177,other
watch,VFX Artists React to Bad and Great CGi 178 Ft Adam Savage,other
watch,Vintage Story Ep 716 The Old Fort Gets a Clean Out,gaming-other
watch,Want to Test Your MARIO SKILLS Try This Level,gaming-other
watch,Was ZARC About To Defeat EVERYONE A Most Brutal Duel,gaming-other
watch,Was it Good  Rayman 1,gaming-other
watch,We Compete to Make the Most SATISFYING CGi 7,other
watch,We need to talk about DDs new class,gaming-other
watch,What Went Wrong  Chivalry Medieval Warfare Mordhau Mirage and More,gaming-other
watch,What Went Wrong  Chivalry Medieval Warfare Mordhau Mirage and More,gaming-other
watch,What Zelda Content Creators Want From The Next Zelda Game ft 30 YouTubers,gaming-other
watch,Who Can Go Under The Mario Pipe   Super Smash Bros Ultimate,gaming-other
watch,Who Let All These Freaks Into My Run  Classic Unfair,gaming-other
watch,Who was the first video game boss And why do we call them that,gaming-other
watch,Why Are Beach Holes So Deadly,other
watch,Why Are Controller Buttons Like That,gaming-other
watch,Why EA Ruined Its Own Masterpiece  Spore,gaming-other
watch,Why Video Game Prices Dont Make Sense Anymore,gaming-other
watch,Why are Smokestacks So Tall,other
watch,World Record Speedrun of Enter the Gungeon  All Floors All Bosses category 2949,gaming-other
watch,Honor Mode Act 2 Is In Sight 9,gaming-other
watch,Shattered Tale of the Forgotten King A smol soulsllike 1,gaming-other
watch,cursed and unholy PC CDROM software,gaming-other
watch,fCK EM,other
watch,first playthrough sea of stars dlc its real good,gaming-other
watch,learning Blender is easy actually,other
watch,planes if they were 10000 times better,other
watch,shapez 2 Dimension Update  Out Now,gaming-puzzle
watch,when becoming a fulltime influencer goes wrong,other
watch,40000 gone Why Im not being paid for my book,other
watch,PIKMIN 2GOING INTO ANOTHER HOLE FOR TREASUREPart 6,gaming-other
watch,FAR Lone Sails  The Cutest PostApocalyptic Adventure  Spanish Review,gaming-other
watch,Heaters Freezers and Brain Teasers in Lanayru Temple  Echoes of Wisdom  Part 15,gaming-puzzle
watch,Sudoku Expert Plays The Witness,gaming-puzzle
watch,Bonus Video A Very Okay Steward Run That Did Not Win  Monster Train 2,gaming-other
watch,Someone Made Deckbuilder FTL And Its Kinda Awesome  Star Scum,gaming-other
watch,Nebulock Demo Footage,gaming-other
watch,Buff So Hard Everything Explodes  Monster Train 2,gaming-other
watch,Can my 9 smartest viewers count to 10,other
watch,Speedrunning Conspiracy Theories w drewisgooden,other
watch,How Fast Can You Softlock Every Animal Crossing Game,gaming-other
watch,Intense Tetris Battle Royale Tetrio,gaming-puzzle
watch,We Played Hide and Seek Across NYC,other
watch,shapez 2 Dimension Update  Out Now,gaming-other
watch,I went AFK and Speedran This Game  Peglin Is A Perfectly Balanced Game With No Exploits,gaming-other
watch,Making the worlds most powerful Red Bull,other
watch,More Asgards Fall,gaming-other
watch,Sudoku Expert Plays The Witness,gaming-puzzle
watch,The Looker,other
watch,planes if they were 10000 times better,other
watch,Closed captions on DVDs are getting left behind,other
watch,Cult Classic Dungeon Crawler RPG  Etrian Odyssey 2 HD,gaming-other
watch,Cute Mouse Survival Sandbox  Winter Burrow,gaming-other
watch,DOGE Got Hammered In Court,other
watch,Desperloch  Age of Umbra  Episode 1,gaming-other
watch,Drawing Classic Drawfee Characters That Weve Never Drawn Before,other
watch,How India runs the worlds biggest election,other
watch,How One Company Secretly Poisoned The Planet,other
watch,How To Make Indie Games In 2025 w Jonathan Blow  Full Time Game Dev Podcast Ep 024,gaming-other
watch,I Found it The Ultimate Incremental Idle Game,gaming-other
watch,I played every single Pikmin game,gaming-other
watch,Lets Play  Part 1,gaming-other
watch,Price Hikes Could Cost Nintendo Big Time,gaming-other
watch,Ranking and Analyzing PVZ 2s Modern Plants,gaming-other
watch,SpaceCorp Digital App Preview with John LaRuffa,gaming-other
watch,TETRIS EFFECT CONNECTED  Forest Dawn,gaming-puzzle
watch,The Bizarre World of Fake Video Games,gaming-other
watch,The Expensive World of the PS5 Launch  Caddicarus,gaming-other
watch,This Worms Video is Finger Lickin Good,gaming-other
watch,16 YO UNDERDOG vs 7TIME CHAMP  Classic Tetris World Championship 2018 Final Round,gaming-puzzle
watch,7 Programming Myths that waste your time,other
watch,Boring History For Sleep  What Medieval JUNK FOOD Was Like and more,other
watch,Boring History For Sleep  What it was like to visit a Medieval TAVERN and more,other
watch,Camper Disguised As Pallets,gaming-other
watch,Can I 100 Every Kirby Game in 2 Weeks,gaming-other
watch,Can a Professional Engineer beat the IMPOSSIBLE quiz,gaming-puzzle
watch,Do NOT Play Google Translated Mario Kart,gaming-other
watch,Dragons Lair ReRevisited  Angry Video Game Nerd AVGN,gaming-other
watch,EX3 Ceraphina 2T feat Lightening Team  Octopath Traveler Cotc,gaming-other
watch,Every Softlock in Portal,gaming-puzzle
watch,FANTASY LIFE i The Girl Who Steals Time On Switch Is UNMISSABLE  Review  Performance,gaming-other
watch,Fields of Mistria  Lets Play Ep 40,gaming-other
watch,First Time Android Experience,other
watch,First Update From Dianna Physics Girl,other
watch,Game Theory The Hidden Truth of Aftons Experiments Finally REVEALED,gaming-other
watch,Hes Still Crashing Out,other
watch,Honest Trailers  Snow White,other
watch,How 1990s Magic Eye 3D Images Were Made,other
watch,How Balatro Was Made and Why The Creator Expected to Sell Only 6 Copies,gaming-other
watch,How Nuclear Flies Protect You from FleshEating Parasites,other
watch,How To Make Indie Games In 2025 w Jonathan Blow  Full Time Game Dev Podcast Ep 024,gaming-other
watch,How advertisers ruined a good idea,other
watch,I Coded Your Absurd Command Ideas into Minecraft,gaming-other
watch,I Found a New Softlock in Tears of the Kingdom Nintendo Please Fix,gaming-other
watch,I Have to Talk About How Crazy This Is,other
watch,I Made Millions by Openly Ripping Off Every Person Who Hired Me  Cash Cleaner Simulator,gaming-other
watch,I Played 100 Days of Dinkum,gaming-other
watch,I Tried Every Sandwich in Japan,other
watch,I Watched Thunderbolts in 025x Speed and Heres What I Found,other
watch,I bought every Nintendo Handheld EVER,gaming-other
watch,Its Time to Jailbreak Your Kindle,other
watch,Only 8 people beat this level 5000000 Failed it,gaming-puzzle
watch,Overengineering the LONDON UNDERGROUND in Mini Metro,gaming-puzzle
watch,Presenting my Billion Dollar Plan,other
watch,Printing a LifeSized LEGOStyle Castle  Walls and Figures,other
watch,Pumpkin Summons Are Cracked In Talented,gaming-other
watch,Red Planet,other
watch,Rune Factory Guardians of Azuma  Nintendo Switch Gameplay,gaming-other
watch,SMG4 The Lil Fellas,gaming-other
watch,Sintopia  June Update  God Game  City Builder  Strategy Tycoon  Full Gameplay Steam Next Fest,gaming-other
watch,Solving Wordle using information theory,gaming-puzzle
watch,Splatoon Isnt 10 Years Old But It Is,gaming-other
watch,Stardew Valley Board Game  Teach Playthrough  Review,gaming-other
watch,TROLL LEVEL OF THE YEAR 2025,gaming-other
watch,Tackling the Biggest Unsolved Problems in Math with 3Blue1Brown,other
watch,Talk Short You WIN  Board AF Poetry For Neanderthals,gaming-other
watch,Techniques for dealing with lack of motivation malaise depression,other
watch,Texts from 5YearOlds,other
watch,The Biggest Misconception in Football,other
watch,The Game NO ONE Can Beat  Kid Icarus NES,gaming-other
watch,The Making of Animal Well  Documentary,other
watch,The Trackmania Campaign with 0 turns,gaming-other
watch,These Are The 8 Greatest  Best City Builders Of All Time,gaming-other
watch,They added gravity to Chess,gaming-other
watch,This Funguy Eats Titans  Monster Train 2,gaming-other
watch,This game outsmarted a professional engineer Baba Is You,gaming-puzzle
watch,Touch the blade avoid the nuts  Legend of Zelda The Minish Cap,gaming-other
watch,Using SEGREGATION to beat high scores in Mini Motorways,gaming-puzzle
watch,Waffling anything EDIBLE Crayons are edible,other
watch,What Happened,other
watch,What Went Wrong  Chivalry Medieval Warfare Mordhau Mirage and More,gaming-other
watch,What Zelda Content Creators Want From The Next Zelda Game ft 30 YouTubers,gaming-other
watch,Why Are Controller Buttons Like That,gaming-other
watch,Why is Everything So Boring Now,other
watch,book red flags and the Male Reading Crisis,other
watch,pixars LUCA is incredibly underrated,other
watch,BREAKING Tornado Outbreak Coverage  Tornadoes Possible  With Live Storm Chasers,other
watch,1 Hour VS 100 Hours To Make A Movie Trailer,other
watch,10 WEIRD Gaming Stories of MAY 2025,gaming-other
watch,100 Speedrunning Slime Rancher Was An Adorable Mistake,gaming-other
watch,15 Handheld games to cure your depression,gaming-other
watch,25 years later I finally 100d Sonic Adventure DX,gaming-other
watch,3 Hours of Logical Paradoxes to Fall Asleep to,gaming-puzzle
watch,4 Days of Terrible Choices in a Survival Game,gaming-other
watch,40 Complex Games With BRUTAL Learning Curves,gaming-other
watch,47 New Board Games  UKGE 2025 Haul,gaming-other
watch,8 Best Pair Plants  Mint Battlez  Which Plants Team Will Win  PvZ 2 Gameplay,gaming-other
watch,A Studio Update  Cancelled Game  New Projects,gaming-other
watch,A free game SHOULD NOT be this good,gaming-other
watch,AI Teachers and Duolingos New Plan  What Could Go Wrong,other
watch,AI Decides on Absurd Trolley Problems,other
watch,AI Learns to play JUMP KING,gaming-other
watch,ASMR  Ditzy Rude Doctor Gives You A Cranial Nerve Exam,other
watch,Actually the Craziest Movie Ever Made,other
watch,Actually the Craziest Movie Ever Made,other
watch,Adulthood  Teach  Playthrough,gaming-other
watch,Americas Forgotten Natural Wonder The Great Raft,other
watch,Animal Crossing in LEGO 42 Acre Isle,gaming-other
watch,Another AWFUL Release That No One Asked For,gaming-other
watch,Arcs is 2024s Best New Board Game,gaming-other
watch,Attempting to Explain All of Kirby Lore in a Single Video,gaming-other
watch,Automating tree chopping with chainsaw wielding drones,other
watch,Avantris Plays REPO  Spooky Hilarity with FirstTime Players,gaming-other
watch,Baking brownies from the inside out,other
watch,Base Build Part 1 Barracks  Cult of the Lamb,gaming-other
watch,Blades of Fire  Fully Ramblomatic,gaming-other
watch,Blazing Saddles 1974 20 Weird Facts You Didnt Know,other
watch,Bonus Video A Very Okay Steward Run That Did Not Win  Monster Train 2,gaming-other
watch,Boring History For Sleep  Why it Sucked to Be a Medieval Assassin and more,other
watch,Botanist Explains All GrassType Pokemon,other
watch,Bugsnax Developers React to 15 Minute Speedrun,gaming-other
watch,Building the Worlds First Invisible Chair PC,other
watch,CATS Crazy Antics and Unstoppable Chaos,other
watch,Call of Cthulhu  Edge of Darkness  Alex Ward Joe Johnson Persephone Valentin Trisha Hershberger,gaming-other
watch,Can A MAX Level CabbagePult Solo ALL of PvZ2,gaming-other
watch,Can Chess with Hexagons,gaming-puzzle
watch,Can I Beat Super Mario Bros Wonder While Touching Every Coin,gaming-other
watch,Can I Beat Terraria on Nintendo Switch,gaming-other
watch,Can I GAMBLE Dice Chess,gaming-other
watch,Can I Remake Super Mario World in Godot Part 1,gaming-other
watch,Can My 3 Dumb Bots Beat 1 MASTER CPU in Mario Party,gaming-other
watch,Can You Figure Out Which Chest Is Lying  Mimic Logic,gaming-puzzle
watch,Can You Get 1 TRILLION Pops On One Tower Bloons TD 6,gaming-other
watch,Can my Friends Solve This New Type of Puzzle,gaming-puzzle
watch,Can you beat Deathworld with NO WEAPONS,gaming-other
watch,Casual Player Accidentally Makes a HUGE Discovery That Speedrunners Missed,gaming-other
watch,Casual Player Accidentally Makes a HUGE Discovery That Speedrunners Missed,gaming-other
watch,Cattle Country  REVIEW Nintendo Switch,gaming-other
watch,Chess But Pieces Have Gravity,gaming-puzzle
watch,Chess But Your Opponent Can Cheat,gaming-puzzle
watch,Curse of the Sea Rats Part 3,gaming-other
watch,DUCK DETECTIVE THE GHOST OF GLAMPING Gameplay Walkthrough FULL GAME PC 4K 60FPS  No Commentary,gaming-other
watch,Dead by Daylight  Year 9 Anniversary Livestream Part 2,gaming-other
watch,Detail Diatribe The Lost Art of Marvels Phase 1,other
watch,Duck Detective the Ghost of Glamping Playthrough Part 4,gaming-other
watch,Dude whos fighting Chicken Jockeys in 1911,gaming-other
watch,EPIC is the Most Exciting Musical in Years,other
watch,Eighteen thousand hours A conversation with Jonathan Blow,other
watch,Engineering impossible dungeons to EXPLOIT heroes for profit,gaming-other
watch,Every Level of Wealth in 13 Minutes,other
watch,FUN  CUTE WAYS TO SPICE UP YOUR OC,other
watch,Fallout 3s Point Lookout DLC is WILD,gaming-other
watch,Fallout 4 Survival Playthrough  Part 73  Far Harbor DiMAs Memories,gaming-other
watch,Fields of Mistria  Lets Play Ep 39,gaming-other
watch,First Update From Dianna Physics Girl,other
watch,Food Theory Whats SO Special About Luckys Charms,other
watch,Food in the Trenches of World War One,other
watch,Forget Flatland  Build Here Instead  MC 48,gaming-other
watch,Garden Galaxy Ep3 Chatty Lets Play  CozyLotusGames,gaming-other
watch,Gasp Behold Were playing Balatro,gaming-other
watch,Geoguessr but every round is a famous album cover PLAY ALONG,gaming-puzzle
watch,Get In Its Time for Your Nightmare Vacation  Drive Beyond Horizons,gaming-other
watch,Gloomhaven 2nd Edition Playthrough with Isaac Childres,gaming-other
watch,Google goes wild again 11 things you missed at IO,other
watch,Grindstone Switch Review  Addictive Puzzle Game,gaming-puzzle
watch,Guess The Animated Movies By Bad Parents Reviews,other
watch,Guess What Cartoon Character Julia is Describing I Dare You,other
watch,Guilty as Sock  Six One Indie Showcase 2025 Trailer,gaming-other
watch,HalfLife but its CoOp  Sven CoOp Part 1,gaming-other
watch,Harvards International Students Unbanned in Record Time,other
watch,Hidden Gem by Shinen  Fast Fusion Developer  The Punchuin  Nintendo Switch  gogamego,gaming-other
watch,Highly offensive Jonathan Blow clips to boost your productivity,other
watch,Holding Out For A Hero  Crownbound Fantasy Kingdom Sim  Demo,gaming-other
watch,Hollow Knight fanatic plays Ori for the first time  Ori and the Blind Forest 1,gaming-other
watch,Hollow Knight speedruns are much harder than you think,gaming-other
watch,Hollywood Keeps Failing Tomb Raider,gaming-other
watch,Honest Trailers  A Minecraft Movie,gaming-other
watch,How 3D video games do graphics,gaming-other
watch,How Deep Does the Rabbit Hole Go  Blue Prince,other
watch,How I Accidentally Won Twitchs Biggest Chess Tournament,gaming-other
watch,How I Finished my Indie Game After 5 Years  Slimekeep Out Now,gaming-other
watch,How Long Can You Survive In Super Mario Sunshine,gaming-other
watch,How Nuclear Flies Protect You from FleshEating Parasites,other
watch,How Speedrunners Beat Super Metroid Backwards,gaming-other
watch,How Studio Ghibli Makes The Everyday Feel Magical,other
watch,How To Build A Rocket For Dummies like me,other
watch,How To PLAN your Game as a Solo Developer,gaming-other
watch,How Well Do We Remember The 90s,other
watch,How an Apple AirTag Led to 17 Shots Fired,other
watch,How to Play Regicide A CHALLENGING Dungeon Crawl Card Game,gaming-other
watch,How to Setup Windows PROPERLY,other
watch,How to Survive the Current State of the World,other
watch,I Beat Plants Vs Zombies 2 Only Using Nuts  The Movie,gaming-other
watch,I Beat The FINAL BOSS  Fox VTuber plays ORI AND THE WILL OF THE WISPS  Part 3 Partial game,gaming-other
watch,I Built a DD City out of PAPER,other
watch,I Built a Nightmare Factory That Manufactures Perpetual Mayhem  shapez 2,gaming-puzzle
watch,I Cant Resist,other
watch,I Cant Believe How Few People it Takes,other
watch,I Caught 100 Shiny Pokémon in 7 Hours,gaming-other
watch,I Coded Your Absurd Speedrun Ideas into Minecraft,gaming-other
watch,I DIDNT DRAW FOR 2 YEARS  Art JournalStorytime,other
watch,I Finished My First Game,gaming-other
watch,I Fully Completed EVERY HalfLife  Portal Game,gaming-other
watch,I Got EVERY 3 Star In Cut The Rope,gaming-puzzle
watch,I Got EVERY Achievement For 100 Games,gaming-other
watch,I Got ONE MILLION on EVERY Minigame in Cauldron,gaming-other
watch,I Made Super Mario Bros but its 3D,gaming-other
watch,I Made an Evolution Simulator with silly little guys,gaming-other
watch,I Played 100 Of Papas Pizzeria,gaming-other
watch,I Played 100 of Stacklands,gaming-other
watch,I Played Satisfactorys HARDEST Mod  it Drove Me Insane,gaming-other
watch,I Ran a Chess Programming Tournament Heres How it Went,other
watch,I Regret Leaving YouTube to be a Doctor,other
watch,I Spent 30 Days in a Dead MMO and it was amazing,gaming-other
watch,I Spent 365 Days Remaking Super Mario World In 3D,gaming-other
watch,I Tested Celebrities Favourite Restaurants,other
watch,I Took the Official PvZ Heroes Survey,gaming-other
watch,I Tried Every Oreo Flavor,other
watch,I Tried Every Sandwich in Japan,other
watch,I Tried Every Sandwich in Japan,other
watch,I Used GODS to Destroy Monsters in this Autobattler Roguelike,gaming-other
watch,I Used GODS to Destroy Monsters in this Autobattler Roguelike,gaming-other
watch,I built a cursed factory that ruined everything,gaming-other
watch,I competed in the biggest puzzle contest in America And my new strategy worked,gaming-puzzle
watch,I created a NEW Legacy Challenge for The Sims 4,gaming-other
watch,I found a 2 year old mystery box It was cursed,other
watch,I found a 2 year old mystery box It was cursed,other
watch,I got the world record for Cut The Rope,gaming-puzzle
watch,I programmed some creatures They Evolved,other
watch,I traveled 8000 miles to come up with this idea,other
watch,I was almost in Squid Game,other
watch,Ill give you testicular cancer Plate Up ft Kingspirits,other
watch,INSANELY Smooth pixel ATTACK Animation Tutorial,gaming-other
watch,Infinity Nikki 15 A Whales Perspective  My thoughts on the situation,gaming-other
watch,Inside The MuskTrump Breakup  MTG Didnt Read The BBB  Trumps Attack On The LGBTQ Community,other
watch,Instincts You Fight Daily That Evolution Forgot To Delete,other
watch,Investors Want In Game Ads Valve Is Blocking Them,gaming-other
watch,Is It Possible To Make Guitar Hero Using Only A Guitar,gaming-other
watch,Is Random Better Than Mashing One Button in Mario Party,gaming-other
watch,Is this the MOST REALISTIC road building simulator ever,gaming-other
watch,It Takes Two with Jaiden,gaming-other
watch,JWSTs 3 BIG mysteries of the early Universe,other
watch,Jon Stewart on Elon Musks BlackEyed Exit  Trumps Insane New Biden Conspiracy  The Daily Show,other
watch,Jonathan Blow on his programming language jai,other
watch,Kyle Stream sm1thyplays_,gaming-other
watch,Last of Us Season 2 Wasnt Good,gaming-other
watch,Lawyers Beat Trump In Court For Now,other
watch,Learning Crossword Week 56  NYT Crossword Wednesday June 4th 2025,gaming-puzzle
watch,Legend of Zelda NES Remastered  Full Gameplay  All Items and Hearts,gaming-other
watch,Lego Games  Scott The Woz,gaming-other
watch,Lets Play HORRIFIED  Board Game Club,gaming-other
watch,Lets Play WHITEHALL MYSTERY  Board Game Club,gaming-other
watch,Lets make a character for Critical Roles new game,gaming-other
watch,Level 1 to 100 Philosophy Concepts to Fall Asleep To,other
watch,Making a Ton of Enemies for my Indie Game,gaming-other
watch,Mario Odyssey  SwitchSwitch 2 Comparison,gaming-other
watch,Mario Wonder but Characters have CUSTOM ABILITIES,gaming-other
watch,Microsoft Says They Fixed Windows Recall I Still Dont Like It,other
watch,Music that was meant to END,other
watch,My 1st Attempt to Reach GOLD in Competitive Mario Kart 8 Deluxe,gaming-other
watch,My Favorite Things 2025 One Piece Mouthwashing Other Stuff,other
watch,My beavers make a GREAT ESCAPE in Timberborn,gaming-other
watch,Natsuki and Sayori Play Cry of Fear  Worst Open House Ever 20,gaming-other
watch,New Dice Roguelike Just Dropped,gaming-other
watch,New Mosa Lina Update Means Me Forcing Retromation to Play with Me,gaming-other
watch,New Update Adds New Challenges Locations And Much More  Into The Dead Our Darkest Days  01,gaming-other
watch,New maths discoveries All announced at once,other
watch,Nintendo Switch 2 Teardown  Full Disassembly,gaming-other
watch,Nintendo had us in the first half,gaming-other
watch,No one actually knows why AI works,other
watch,No You Cant Have a Robot Puppy Because its a SCAM Scam Awareness,other
watch,Null 2500 Time LV 60 F2P Endgame Solo Character  Crystal of Atlan  Yudora01  Cloudstrider Main,gaming-other
watch,Oblivion Remastered is A PERFECTLY BALANCED GAME WITH NO EXPLOITS  Making A New God,gaming-other
watch,Oddsparks An Automation Adventure  Episode 7  2025 PS5 Gameplay  Early Game Item Sorting,gaming-other
watch,Out Of Sight VR  Part 1  Using A Teddy Bears Eyes To Help A Girl Escape The Horror,gaming-other
watch,Over an hour of Star Destroyer lore,other
watch,Panic Has A New Face  NRB Play Blood On The Clocktower,gaming-other
watch,Phineas and Ferb Just Killed Their Mom,other
watch,Pixel Art Class  Top Down Style Analysis  Tutorial,other
watch,PlateUp Coop with Friends Episode 202 Cafe Loco  Lets Play,gaming-other
watch,Portal 2s Biggest Skip Took 11 Years To Discover And No One Uses It,gaming-puzzle
watch,Portal but I softlock myself on every chamber,gaming-puzzle
watch,Promise Mascot Agency  Fully Ramblomatic,other
watch,Ranking EVERY Peashooter EVER,gaming-other
watch,Rebirth Random,gaming-other
watch,Rediscovering the Mystery of Video Games,gaming-other
watch,Reviewing a Bunch of RPG Maker Games,gaming-other
watch,Revisiting Wordle Games,gaming-puzzle
watch,Roasting Corporate Pride Month Collections What happened Target,other
watch,Robbing People IRLoo LIVE  REPO,other
watch,Run Over or Double it and Give it to the Next Person,other
watch,Rune Factory Guardians of Azuma  Nintendo Switch Gameplay,gaming-other
watch,Running the Gauntlet Core Keeper with Bob_Does_Stuff1 Part 10,gaming-other
watch,SEASHOOTER New Plant  Plants vs Zombies 2  Gameplay Walkthrough Part 1228,gaming-other
watch,SIDEMEN REVERSE CATEGORIES,other
watch,Scott Sam Eric and Justin Make a Massive Mistake Playing Beerio Kart,gaming-other
watch,Sea of Stars  Lets Play  Episode 40,gaming-other
watch,Showing Scammers Their Own CCTV Cameras On My Computer,other
watch,SimCity 2000 30 Years Later An LGR Retrospective,gaming-other
watch,Snow White actress ruined her life,other
watch,Snow White  How to Make a Movie That Everyone Hates  Anatomy of a Failure,other
watch,Someone Made Deckbuilder FTL And Its Kinda Awesome  Star Scum,gaming-other
watch,Something About Super Metroid ANIMATED SPEEDRUN Loud Sound  Flashing Light Warning,gaming-other
watch,Speedrunning Conspiracy Theories w drewisgooden,gaming-other
watch,Stardew Valley  365 Fishing Mastery,gaming-other
watch,Stardew Valley  366 The Bottom of the Dangerous Mine,gaming-other
watch,State of Play  June 4 2025 English,gaming-other
watch,Super Marios Invisible Difficulty Settings,gaming-other
watch,Super Sunday Stream Lets play Super Metroid,gaming-other
watch,Supreme Court Shenanigans,other
watch,T POSING THROUGH LIFE  To A T Gameplay,gaming-other
watch,TShirts made up in Peoples Dreams,other
watch,TSpin Perfect Clear into TSpin 20 Combo VS Puyo,gaming-puzzle
watch,THE ADVENTURES OF SAMSLASH  TRIOOOOS,gaming-other
watch,THE EDGE OF TUBI,other
watch,THE ENDLESS TUNNEL  Blue Prince,gaming-other
watch,THIS Can Save The Gaming Industry,gaming-other
watch,TOO SMART FOR MY OWN GOOD  Blue Prince,gaming-puzzle
watch,Tammy Hodges and Grandma Helen,other
watch,Taskmaster Season 19 Episode 4  Midnight picnic  Full Episode,other
watch,Taskmaster Season 19 Episode 4  Midnight picnic  Full Episode,other
watch,Taskmaster Season 19 Episode 5  Maybe were the monsters  Full Episode,other
watch,Techniques for dealing with lack of motivation malaise depression,other
watch,The 10 Most STRESSFUL Moments in Zelda Games,gaming-other
watch,The 100 Year Old Mystery of the Empty Hexagon Problem,other
watch,The AlduinAkatosh Dichotomy  Reading Skyrim,gaming-other
watch,The Bizarre Lore of Donkey Kong,gaming-other
watch,The Bizarre Lore of Donkey Kong,gaming-other
watch,The Blind Box Addiction,other
watch,The Cauldron Finale,gaming-other
watch,The Coffee Roguelike You Never Knew You Needed,gaming-other
watch,The DVD Logo Not Hitting the Corner but as an Incremental Game,gaming-other
watch,The Downfall of Xbox,gaming-other
watch,The Entire History of RPGs,gaming-other
watch,The HARDEST Ive LAUGHED  Party Animals,gaming-other
watch,The HARDEST Ive LAUGHED  Party Animals,gaming-other
watch,The Hardest Kacky Yet,other
watch,The History of 120 Stars Early Era 2004  2014,gaming-other
watch,The Hollywood Blockbuster They Forgot To Copyright,other
watch,The Horrible World of Kinect Games  Caddicarus,gaming-other
watch,The Idle Game You Never Knew You Needed,gaming-other
watch,The Insane Density of Earths Most Crowded Island,other
watch,The Legend Of Zelda Echoes Of Wisdom Gameplay Nintendo Switch Part 34  Volvagia Boss Fight,gaming-other
watch,The Legend Of Zelda Echoes Of Wisdom Gameplay Nintendo Switch Part 35  The Eternal Forest,gaming-other
watch,The MIX Summer Game Showcase 2025,gaming-other
watch,The Making of Outer Wilds  Documentary,gaming-other
watch,The Man Behind Nubbys Number Factory  The Fridge 35,other
watch,The Mockery Unbelievable,other
watch,The Moon Why We Havent Been Back,other
watch,The Most Awkward Rejection in Button History,other
watch,The Most Dangerous Building in Manhattan,other
watch,The Most Implausible Tunneling Method,other
watch,The Ripoff World of Crash Bandicoot Merchandise  Caddicarus,gaming-other
watch,The Sad Greedy Death of Little Big Planet,gaming-other
watch,The Sleepy Scientist  What Is Time Really,other
watch,The Superspeed Dilemma,other
watch,The TRAGEDY of Nickelodeons Glitch Techs,gaming-other
watch,The Tools I Use For Full Time Indie Game Development,gaming-other
watch,The Tragic Unexpected Death of Disney Infinity,gaming-other
watch,The Useless World of PS1 Accessories  Caddicarus,gaming-other
watch,The Weird Disneyland Keyhole Saga,other
watch,The Witcher 4  Gameplay UE 56 Tech Demo  State of Unreal 2025,gaming-other
watch,The World Design of Hollow Knight  Boss Keys,gaming-other
watch,The Worst Guide To Oxygen Not Included,gaming-other
watch,The YouTube Golf Major Stroke Play,other
watch,The book with a multiplayer firstperson shooter inside,gaming-other
watch,The book with a multiplayer firstperson shooter inside,gaming-other
watch,The correcting feature of typewriters is not what I thought,other
watch,The correcting feature of typewriters is not what I thought,other
watch,The final area of RePik 3,gaming-other
watch,The love and hate for turn based games,gaming-other
watch,The origin of Marios iconic jump sound,gaming-other
watch,The search for LIFE but NOT as we know it,other
watch,The smartest and funniest game ever made,gaming-other
watch,The trillion dollar paradox  George Zaidan,other
watch,These Have Been Found All Across Ancient Rome Nobody Knows Why,other
watch,They Made a Balatro Mod Based on ME,gaming-other
watch,They made cable management x1000 more difficult,other
watch,This GEM Autobattler Roguelite Just Added BRAND NEW HEROES  Seers Gambit Dawn Of Unlikely Heroes,gaming-other
watch,This Puzzle Game Is the Definition of a Masterpiece,gaming-puzzle
watch,This Run Just Hit LEGEND Status,gaming-other
watch,This Video Took Us 8 Years To Make,other
watch,This game outsmarted a professional engineer Baba Is You,gaming-puzzle
watch,This is What Plateup Endgame Looks Like,gaming-other
watch,This is a totally normal game about gardening,gaming-other
watch,This is the BEST 5 game ever made,gaming-other
watch,Training AI to Play Pokemon with Reinforcement Learning,gaming-other
watch,Training AI to Play Pokemon with Reinforcement Learning,gaming-other
watch,Trespassing for Content,other
watch,True Wireless Power is FINALLY here building a TRULY wirefree setup,other
watch,Trying The Trickiest Tongue Twisters We Could Find  Smosh Mouth 96,other
watch,Trying to Paint IRL Backgrounds,other
watch,Ukrainian drones strike airbases across Russia destroying dozens of warplanes BBC News,other
watch,UnderMine 2 Is Finally Here Almost,gaming-other
watch,Unicorn Overlord Switch gameplay,gaming-other
watch,Using EFFICIENT ENGINEERING to beat high scores in Mini Motorways,gaming-puzzle
watch,V13 Development Update and QA,other
watch,VFX Artists DEBUNK Ai Slop,other
watch,Vampire Survivors I Am The Bullet Heck,gaming-other
watch,Vintage Canned Food Taste Test,other
watch,Waffling anything EDIBLE Crayons are edible,other
watch,Waffling anything EDIBLE Crayons are edible,other
watch,Want to Test Your MARIO SKILLS Try This Level,gaming-other
watch,War of the Worlds,other
watch,Was ZARC About To Defeat EVERYONE A Most Brutal Duel,gaming-other
watch,Was ZARC About To Defeat EVERYONE A Most Brutal Duel,gaming-other
watch,We 100 Donkey Kong Country Tropical Freeze It was AWFUL,gaming-other
watch,We React To The Smosh Hunger Games,other
watch,What Country Is This Snack Really From,other
watch,What Everyone Gets Wrong About Football ft Tom Brady,other
watch,What If It Rains Bananas For A Single Day Spoiler Its Bad,other
watch,What Is The WORST Pokemon Of EACH TYPE,gaming-other
watch,What Killed the Scribblenauts Franchise,gaming-other
watch,What Makes These Animations Good,other
watch,What Splatoon 4 Needs to Feel Fresh,gaming-other
watch,What if you used a flamethrower as a snowblower,other
watch,Whatever You Do Dont Let Enemies Touch  Trial  Drop Duchy Road2100 27,gaming-other
watch,Where Is Wind Wakers Water From,gaming-other
watch,Who ACTUALLY Lost the Console War,gaming-other
watch,Why Are Disney Songs So Bad Lately,other
watch,Why Canada Will NEVER Be The 51st State,other
watch,Why Convenience is Killing Us,other
watch,Why Disney Infinity Died,gaming-other
watch,Why Does Celeste Feel So Good to Play,gaming-other
watch,Why Getting Silksongs Release Date This Week Is Very Likely,gaming-other
watch,Why Nintendo Renamed a Mario Enemy After 30 Years,gaming-other
watch,Why are Smokestacks So Tall,other
watch,Wii Are Not Good at Nintendo Switch Sports ft Jaiden Animations,gaming-other
watch,Yeh Sirf Game Nahi Emotion Hai  Unravel 2 Hindi Part 01,gaming-other
watch,You Are Given The Solution And Must Create The Puzzle,gaming-puzzle
watch,You Cant Convince Me DK64 Isnt a Masterpiece,gaming-other
watch,Youll Never Quit Slay the Spire Heres Why,gaming-other
watch,Zelda Breath of the Wild  WiiU  Switch  Switch 2  Final Graphics Comparison,gaming-other
watch,creative vs inventive,other
watch,creative vs inventive,other
watch,infected mushroom at its finest mapped by interz beat saber mixed reality composited live stream,gaming-other
watch,live chill subnautica below zero gameplay p1,gaming-other
watch,mario kart wii makes me break another wii remote,gaming-other
watch,the minecraft movie is utterly bizarre,gaming-other
watch,the tale of tamagotchi the neverending rabbit hole,gaming-other
watch,we are backlots to talk about,other
watch,when becoming a fulltime influencer goes wrong,other
watch,wii party expert difficulty but i have to get first and second place at the same time,gaming-other
watch,40000 gone Why Im not being paid for my book,other
watch,EPISODE 7 Keep It Down,other
watch,THE STREAM ENDS WHEN I PLATINUM  MAY GAME CLUB  live,gaming-other
watch,Forgotten DD Rules That Actually Made the Game Better,gaming-other
watch,12 INCREDIBLE Gadgets You Didnt Know Existed  Theyre on SALE 2025,other
watch,BREAKING Tornado On The Ground In Illinois  Tornadoes Possible  With Live Storm Chasers,other
watch,HERO RANK LIVES  100 Hours in Fantasy Life i,gaming-other
watch,LIVE  SPOILERS  Devving on Terror of Necromancy Demo 5 Final Playtesting P6,gaming-other
watch,Live  We May be Here for Some Time  Mekkablood Quarry Assault,gaming-other
watch,16 YO UNDERDOG vs 7TIME CHAMP  Classic Tetris World Championship 2018 Final Round,gaming-puzzle
watch,Air Traffic Control Last Week Tonight with John Oliver HBO,other
watch,Major Payne,other
watch,shapez 2 Dimension Update  Out Now,gaming-other
watch,Chess But Pieces Have Gravity,gaming-puzzle
watch,How To Make Indie Games In 2025 w Jonathan Blow  Full Time Game Dev Podcast Ep 024,gaming-other
watch,Tackling the Biggest Unsolved Problems in Math with 3Blue1Brown,other
watch,The Legendary World of Spyro Games  Caddicarus,gaming-other
watch,Casual Player Accidentally Makes a HUGE Discovery That Speedrunners Missed,gaming-other
watch,I Fully Completed EVERY HalfLife  Portal Game,gaming-other
watch,Making the worlds most powerful Red Bull,other
watch,Panic Has A New Face  NRB Play Blood On The Clocktower,gaming-other
watch,These Have Been Found All Across Ancient Rome Nobody Knows Why,other
watch,25 years later I finally 100d Sonic Adventure DX,gaming-other
watch,Desperloch  Age of Umbra  Episode 1,gaming-other
watch,Dr Seuss The Lorax,other
watch,Highway Engineer COMPLETES road building game,gaming-other
watch,How Jonathan Blow Designs a Puzzle,gaming-puzzle
watch,I Found it The Ultimate Incremental Idle Game,gaming-other
watch,I Tried Every Sandwich in Japan,other
watch,I played Balan Wonderworld so you dont have to,gaming-other
watch,Jonathan Blow on his programming language jai,other
watch,Oblivion Remastered is A PERFECTLY BALANCED GAME WITH NO EXPLOITS  Making A New God,gaming-other
watch,Stardew Valley  366 The Bottom of the Dangerous Mine,gaming-other
watch,Sydney Sweeney Sells Her Bathwater Men Buy The Fantasy,other
watch,THE BEST STEAK CHALLENGE IVE EVER ATTEMPTED  BeardMeatsFood,other
watch,The Godfather,other
watch,The Hitchhikers Guide to the Galaxy,other
watch,True Wireless Power is FINALLY here building a TRULY wirefree setup,other
watch,Waffling anything EDIBLE Crayons are edible,other
watch,Who Let All These Freaks Into My Run  Classic Unfair,gaming-other
watch,World Record Speedrun of Enter the Gungeon  All Floors All Bosses category 2949,gaming-other
watch,16 YO UNDERDOG vs 7TIME CHAMP  Classic Tetris World Championship 2018 Final Round,gaming-puzzle
watch,4 Days of Terrible Choices in a Survival Game,gaming-other
watch,40 Complex Games With BRUTAL Learning Curves,gaming-other
watch,A Fresh Start In Terraria,gaming-other
watch,A Game About Digging a Hole,gaming-other
watch,AI Teachers and Duolingos New Plan  What Could Go Wrong,other
watch,Americans Samurai  The 442nd Infantry  Most Decorated Unit of WW2,other
watch,Boring History For Sleep  What did Alexander the Great EAT and more,other
watch,Can You Beat Spyros INFAMOUS AntiPiracy,gaming-other
watch,Castle Crashers Industrial Prince 5 ftZumbee,gaming-other
watch,Cicada 3301 An Internet Mystery,other
watch,DOMINOID  Gameplay  No Commentary,gaming-other
watch,Detail Diatribe The Lost Art of Marvels Phase 1,other
watch,EVERY SINGLE Vault Experiment In Fallout Explained,gaming-other
watch,Fall asleep while I play Minecraft,gaming-other
watch,Hidden Gem by Shinen  Fast Fusion Developer  The Punchuin  Nintendo Switch  gogamego,gaming-other
watch,Hollywood Keeps Failing Tomb Raider,gaming-other
watch,How Nuclear Flies Protect You from FleshEating Parasites,other
watch,How advertisers ruined a good idea,other
watch,I 100d Slime Rancher It Was Insane,gaming-other
watch,I Coded Your Absurd Speedrun Ideas into Minecraft,gaming-other
watch,I Got EVERY 3 Star In Cut The Rope,gaming-puzzle
watch,I MAXED My Graveyard While Completing 9999 of Graveyard Keeper,gaming-other
watch,Insane Battle Brothers Run  NO Settlements NO Loss NO Cheese ALL Legendaries Day 60 Attempt28,gaming-other
watch,Inside The MuskTrump Breakup  MTG Didnt Read The BBB  Trumps Attack On The LGBTQ Community,other
watch,Investors Want In Game Ads Valve Is Blocking Them,gaming-other
watch,Its Time to Jailbreak Your Kindle,other
watch,King Crimson Gaming,gaming-other
watch,Making an SNES Game the Way Nintendo Intended,gaming-other
watch,Mario Kart 8s completely normal Time Trial leaderboards,gaming-other
watch,Pikuniku  Gameplay Walkthrough Part 1  The Beast Awakens Nintendo Switch PC,gaming-other
watch,PlateUp Coop with Friends Episode 202 Cafe Loco  Lets Play,gaming-other
watch,Revisiting Wordle Games,gaming-puzzle
watch,SIDEMEN REVERSE CATEGORIES,other
watch,Snake but with a skill tree,gaming-puzzle
watch,Stardew Valley  365 Fishing Mastery,gaming-other
watch,TOO SMART FOR MY OWN GOOD  Blue Prince,gaming-puzzle
watch,Taskmaster Season 19 Episode 5  Maybe were the monsters  Full Episode,other
watch,The Game NO ONE Can Beat  Kid Icarus NES,gaming-other
watch,The Legend of Zelda Dungeons of Infinity SNES  A Link to the Past MOD Ep3,gaming-other
watch,The Lore  Story of Dead Cells with ALL DLCs,gaming-other
watch,The Mockery Unbelievable,other
watch,The TRAGEDY of Nickelodeons Glitch Techs,other
watch,The Trackmania Campaign with 0 turns,gaming-other
watch,The Useless World of PS1 Accessories  Caddicarus,gaming-other
watch,Tim Burtons Corpse Bride,other
watch,True Facts Beetles That Took Things Too Far,other
watch,Want to Test Your MARIO SKILLS Try This Level,gaming-other
watch,We Ran Into Some WEIRD People During Diddys Trial,gaming-other
watch,JP Our First Octopath 1 Villain  Esmeralda Preview  Octopath Traveler CotC,gaming-other
watch,i am so screwed if im right feat PunkDuck  final v3,gaming-other
watch,IroncladDefect 202564 A Video of XecnaR,gaming-other
watch,10 Magic Cards You Wont Believe Were Once REALLY Good,other
watch,100 Speedrunning Slime Rancher Was An Adorable Mistake,gaming-other
watch,4 Artists Design Pokemon From Silhouettes,other
watch,50 Archaeological Mysteries Science Cant Explain,other
watch,6 Days Jungle Survival Camping with NO Food  US Marine Corps Jungle Survival School,other
watch,75 Glitches You Forgot About in Super Mario Odyssey,gaming-other
watch,A Brief History of Graphics,other
watch,A Developers First Game  Scott The Woz,gaming-other
watch,A Fresh Start In Terraria,gaming-other
watch,A Mod With Totems Youve Never Seen Before,gaming-other
watch,A Psychopath Becomes The Worlds MOST Loved DICTATOR  Tropico 4 Is Perfectly Balanced,gaming-other
watch,A perfectly balanced IMPOSSIBLE game with no exploits,gaming-other
watch,A problem so hard even Google relies on Random Chance,other
watch,Adrian Rogers Make Disciples  The Heart of the Great Commission,other
watch,Air Traffic Control Last Week Tonight with John Oliver HBO,other
watch,Americas Forgotten Natural Wonder The Great Raft,other
watch,An Autopsy of House MD,other
watch,An Endless Labyrinth How BIG is Aperture Science,gaming-other
watch,Animal medium Well ALL EGGS Maybe Deaths Door later,gaming-other
watch,Any Speedruns for sub 3930 5302025,gaming-other
watch,Automating tree chopping with chainsaw wielding drones,other
watch,Baking brownies from the inside out,other
watch,Balatro Secrets and Easter Eggs,gaming-other
watch,Beating every possible game of Pokemon Platinum at the same time,gaming-other
watch,Becoming a Better Indie Dev  From Prototype To Polish,gaming-other
watch,Bill Murray Doesnt Flinch While Eating Spicy Wings  Hot Ones,other
watch,Black Holes Son  Ultimate Chicken Horse,gaming-other
watch,Bonus Video A Very Okay Steward Run That Did Not Win  Monster Train 2,gaming-other
watch,Boring History For Sleep  WEIRD Sleep Habits of Medieval People and more,other
watch,Boss Used GUN It Was Super Effective  Sea of Stars  Part 23,gaming-other
watch,Botanist Explains All GrassType Pokemon,gaming-other
watch,Building a New Game in Game Builder Garage  GBJune Dev Days  Live,gaming-other
watch,But what is quantum computing Grovers Algorithm,other
watch,CVS Employee Arrested Waiting on Bench for Lyft Driver 7 MINUTES after closing the store,other
watch,Call of Cthulhu  Edge of Darkness  Alex Ward Joe Johnson Persephone Valentin Trisha Hershberger,gaming-other
watch,Camper Disguised As Pallets,other
watch,Can I Beat Terraria on Nintendo Switch,gaming-other
watch,Can I find the PERFECT SPOT for everyone  Is this seat taken,gaming-other
watch,Can I survive Mario Superstar Baseball with the WORST team,gaming-other
watch,Can You Figure Out Which Chest Is Lying  Mimic Logic,gaming-puzzle
watch,Can You Make An Honest Living in Skyrim Self Made Man Challenge,gaming-other
watch,Can a Lawyer Name all 1025 Pokemon in 60 Minutes,other
watch,Can you beat Deathworld with NO WEAPONS,gaming-other
watch,Can you beat Plants vs Zombies 2 with DOUBLE SUN COST Plants Part 1,gaming-other
watch,Clem Hates This Ultralisk Rush,gaming-other
watch,Closed captions on DVDs are getting left behind,other
watch,Dan Richards is a Pointless Troll,other
watch,Dave in a Cave  Dave the Diver Part 7  ENVTuber,other
watch,Dead Rails,gaming-other
watch,Dead by Daylight  Year 9 Anniversary Livestream Part 2,gaming-other
watch,Death Becomes Her,other
watch,Diving Into The World of BookTok,other
watch,Do NOT Play Google Translated Mario Kart,gaming-other
watch,Dr Seuss Horton Hears a Who,other
watch,Dragons Lair ReRevisited  Angry Video Game Nerd AVGN,gaming-other
watch,Drawing Classic Drawfee Characters That Weve Never Drawn Before,other
watch,Drawing Classic Drawfee Characters That Weve Never Drawn Before,other
watch,Dune Awakenings Beta has won me over Austins HandsOn Impressions,gaming-other
watch,E X P A N D I N G to THE STARS in Factorio,gaming-other
watch,EPIC is the Most Exciting Musical in Years,other
watch,ETERNITY STRAT MAIN  back to eternity today  rank discord,gaming-other
watch,EVERQUEST  The Heros Journey  Trying to defeat Phinigel at level 10  Self Found mode THJ,gaming-other
watch,EVERYTHING To Know About DBDs FNAF Chapter,gaming-other
watch,EX3 Ceraphina 2T feat Lightening Team  Octopath Traveler Cotc,gaming-other
watch,Early Access Final Fantasy Precons  EDH Gameplay  Ep 104,gaming-other
watch,Early Galleon gaming,gaming-other
watch,Every Acting Oscar Winner of the 2020s Ranked,other
watch,Every Level of Wealth in 13 Minutes,other
watch,Every Softlock in Portal,gaming-puzzle
watch,Everything Is Random,other
watch,Everything we know about Haunted Chocolatier  Cozy Corner,gaming-other
watch,Exploiting the game to make myself smarter,gaming-other
watch,Fall asleep while I play Stardew Valley,gaming-other
watch,Fall asleep while I play Tales of the Shire,gaming-other
watch,Filet Mignon Fondue Doesnt Go Well  Kitchen Nightmares FULL EPISODE,other
watch,First Time Android Experience,other
watch,Food in the Trenches of World War One,other
watch,Game Boy Advance Incredible tech on just 2 AA Batteries,gaming-other
watch,Gasp Behold Were playing Balatro,gaming-other
watch,Get In Its Time for Your Nightmare Vacation  Drive Beyond Horizons,gaming-other
watch,Googles Last Event Was Amazing,other
watch,Guess What Cartoon Character Julia is Describing I Dare You,other
watch,Gunpei Yokois Life Story The Man Who Made Nintendo,gaming-other
watch,Guys I dont think this Switch is real,gaming-other
watch,Heat Pedal To The Metal  How To Play,gaming-other
watch,Hollow Knight  Speedrunner vs 4 Hunters but hunters have Fireball,gaming-other
watch,Hollow Knight speedruns are much harder than you think,gaming-other
watch,Honey boulders and Meatball catcher  Pushing Terrarias limits 6,gaming-other
watch,How Cuphead Was Made and Struggled Finding The Right Protagonist,gaming-other
watch,How DOOM Will Teach You What CS Degrees Miss,gaming-other
watch,How He Sold 1000000 Copies Of His Game Thomas Vandenberg  Full Time Game Dev Podcast Ep 030,gaming-other
watch,How India runs the worlds biggest election,other
watch,How India runs the worlds biggest election,other
watch,How Many Plants are there in Plants vs Zombies,gaming-other
watch,How Much did it Cost to Beat Golden Axe in 1989  Arcade Economy,gaming-other
watch,How Satisfactory Hacks Your Brain,gaming-other
watch,How Small OpenWorld Games Feel Big,gaming-other
watch,How Speedrunners Beat Super Metroid Backwards,gaming-other
watch,How The Binding of Isaac Was Made and Designed to Fail,gaming-other
watch,How good is MAX WATER SPEED in Mario Kart 8 Deluxe,gaming-other
watch,How hard is it to build a Factorio MEGABASE,gaming-other
watch,How to Make a Google Chrome TRex Style Sidescroller In Godot  Beginner Tutorial,gaming-other
watch,How to Make a Roguelike Card Game on Godot,gaming-other
watch,How to NOT screw up your indie game launch 30 mistakes in 30 minutes  Chris Zukowski,gaming-other
watch,How to ruin video games for yourself,gaming-other
watch,Hyrule Warriors Age Of Calamity FINALLY 60 FPS On Switch 2,gaming-other
watch,I 100d Cookie Clicker It Ruined My Life,gaming-other
watch,I 100d Pikmin A Horror Game in Plain Sight,gaming-other
watch,I 100d Spore It was BRUTAL,gaming-other
watch,I Broke This Game So Hard Its Whole Universe Gave Up  Outpath,gaming-other
watch,I Built a DD City out of PAPER,other
watch,I Coded WAY Too Many Bricks into Minecraft,gaming-other
watch,I Completed the ACNH Critterpedia in 5 DAYS,gaming-other
watch,I DIDNT DRAW FOR 2 YEARS  Art JournalStorytime,other
watch,I Found it The Ultimate Galaga Inspired Incremental Roguelite,gaming-other
watch,I Made A Drawing Game But I Cant Draw,gaming-puzzle
watch,I Made A Game But The Players Ruined It,gaming-other
watch,I Played 100 Days of Dinkum,gaming-other
watch,I Played 100 Of Papas Pizzeria,gaming-other
watch,I Played 100 of Balatro,gaming-other
watch,I Played 100 of Peglin,gaming-puzzle
watch,I Played 100 of Stacklands,gaming-puzzle
watch,I Played Enter The Gungeon Until I Beat It,gaming-other
watch,I Played Enter The Gungeon Until I Beat It,gaming-other
watch,I Played Every MySims Game so you dont have to,gaming-other
watch,I Spent 200 on the Worst Wii Games,gaming-other
watch,I Spent 30 Days in a Dead MMO and it was amazing,gaming-other
watch,I Spent 365 Days Remaking Super Mario World In 3D,gaming-other
watch,I Tested Illegal Operating Systems,other
watch,I built a cursed factory that ruined everything,gaming-other
watch,I forced this idiot to fight bosses for all eternity,gaming-other
watch,I got a job as a Crime Scene Cleaner,other
watch,I played another 8 SoulsLike games youve never heard of,gaming-other
watch,I played every single Pikmin game,gaming-other
watch,I played these Cozy Farming Games in my Quest for the ULTIMATE Farming Sim,gaming-other
watch,I spent 100 Years building one City in Open Transport Tycoon,gaming-other
watch,I spent the entire day playing Stardew Valley,gaming-other
watch,I tried every Phineas and Ferb speedrun,gaming-other
watch,I tried every Phineas and Ferb speedrun,gaming-other
watch,I went fishing the AMERICAN WAY,other
watch,Im Not Watching Love on the Spectrum Again Heres Why,other
watch,Ive Given You 3 Tools Now Solve the Level,gaming-puzzle
watch,Inside Ukraines secret deep strike against Russian bombers  About That,other
watch,Is It Possible To Beat Battleblock Theater Without Jumping feat BarelyAlec,gaming-other
watch,Is It Possible To Make Guitar Hero Using Only A Guitar,gaming-other
watch,Is It Possible to Beat Shovel Knight Without Touching Gold,gaming-other
watch,It Takes Two with Jaiden,gaming-other
watch,Its a Nice Day For Fishing and Im Catching BOSS Level Fish,gaming-other
watch,Jon Stewart on Elon Musks BlackEyed Exit  Trumps Insane New Biden Conspiracy  The Daily Show,other
watch,Jordan Klepper Fingers the Pulse MAGA The Next Generation  The Daily Show,other
watch,Joshua NO  Oxygen Not Included Frosty Planet Playthrough 2025 13,gaming-other
watch,Jump ship demo wrealCheesbugga,gaming-other
watch,Kyle Stream sm1thyplays_,gaming-other
watch,LAST VANGUARD v10 Gameplay Walkthrough FULL GAME No Commentary  ENDING,gaming-other
watch,Late Night Infernum Mode First Time w Infernum in 4 Years,gaming-other
watch,Lets Play Mana Khemia  Alchemists of AlRevis Part 59,gaming-other
watch,Lets Play Mana Khemia  Alchemists of AlRevis Part 60 Final,gaming-other
watch,Lets Play Zelda Classic  Dreams Realm Part 49,gaming-other
watch,Level 1 to 100 Philosophy Concepts to Fall Asleep To,other
watch,Level 1040003 Impossible Level  Highway to the Danger Room pvz2,gaming-puzzle
watch,Little Sim World is finally here New Cozy Life Sim Game,gaming-other
watch,Magic Player Rates NEW YuGiOh Cards ft covertgoblue,gaming-other
watch,Main Story Continues Straylight Flip  Dust Off Dash  Cyber Knights Flashpoint Chrome 10 2,gaming-other
watch,Making fun of MORE Luxury Homes,other
watch,Mana Plays Castlevania Symphony of the Night First Playthrough Part 4,gaming-other
watch,Marchofempires,gaming-other
watch,Mario Kart 8s completely normal Time Trial leaderboards,gaming-other
watch,Mario Kart Double Dash Goes the Extra Mile,gaming-other
watch,Mario Odyssey  SwitchSwitch 2 Comparison,gaming-other
watch,MechAssault  Green Difficulty  Emulator Speedrun in 5243 WR,gaming-other
watch,Metaphor ReFantazio  024  PlayStation 4 Slim Full Gameplay metaphorrefantazio,gaming-other
watch,Metroid Prime Remastered Lets Play Part 21  TBGN  Plasma Processing,gaming-other
watch,Metroid Prime Remastered Lets Play Part 22  TBGN  3D Platforming Was A Mistake,gaming-other
watch,Minecraft with Too Many Custom Hearts,gaming-other
watch,My Assistant became my Boss for the Day  AMD 5000 Ultimate Tech Upgrade,other
watch,My New Favorite Incremental Game Seriously,gaming-other
watch,My highways are so efficient they BREAK REALITY,gaming-other
watch,NARCISSIST mom thought she could lie to the cops she was WRONG,other
watch,NOWHERE IS SAFE  REPIK 3 Part 4 Pikmin 3 Mod,gaming-other
watch,New City Builder Synergy 10,gaming-other
watch,New Route 32933  CT Any Vortex Save,gaming-other
watch,Nintendo had us in the first half,gaming-other
watch,Nintendo is opening Pandoras box to destroy Palworld,gaming-other
watch,OGs HONESTLY RANK THEMSELVES,other
watch,Oddsparks An Automation Adventure  Episode 7  2025 PS5 Gameplay  Early Game Item Sorting,gaming-other
watch,Old pinball machines are amazingly complex,other
watch,Ori and the Blind Forest  Part 3,gaming-other
watch,PSG vs Inter Extended Highlights  UCL Final  CBS Sports Golazo,other
watch,PURRRFECT PARTY GAME  Jumping Jazz Cats PC Gameplay,gaming-other
watch,Packers Wearing Leather Helmets Sort of,other
watch,Paper Mario The ThousandYear Door 41 Stylight Twon,gaming-other
watch,Peanuts Bon Voyage Charlie Brown and dont come back,other
watch,People waste years losing at chess until they learn this SIMPLE STRATEGY,other
watch,Phoenix Suns Hiring Jordan Ott Is A Risk Regardless of Michigan State Ties,other
watch,Portal 2s Biggest Skip Took 11 Years To Discover And No One Uses It,gaming-puzzle
watch,Presenting my Billion Dollar Plan,other
watch,Price Hikes Could Cost Nintendo Big Time,gaming-other
watch,Pro Chefs Blind Taste Test Every Frozen Burrito  The Taste Panel  Epicurious,other
watch,Pro Chefs Blind Taste Test Every Instant Ramen  The Taste Panel  Epicurious,other
watch,Pushing Minecraft Steves Power to its LIMIT,gaming-other
watch,Putting a homemade jet engine on a swing,other
watch,RG Slide REVEALED 8bitdo Ult 2 Giveaway  Is Switch 2 WORTH IT,gaming-other
watch,Ranking Every Action Roguelike Game Ive Played 40 Games Tier List,gaming-other
watch,RealTime Strategy is incredible and you should play it,gaming-other
watch,Rebirth Random,gaming-other
watch,Red Planet,other
watch,Rememento White Shadow The gacha rates arent adding up at all  2 my ass,gaming-other
watch,Retro Pokemon Lugias ocean gameplay  chatters get name on hat,gaming-other
watch,Revealing 5 Secret Magic Tricks With Science,other
watch,Reviewing a Bunch of RPG Maker Games,gaming-other
watch,Revisiting io Games in 2025,gaming-other
watch,RomHack Race Week 344H,gaming-other
watch,SMG4 The Lil Fellas,gaming-other
watch,Scarletts ridiculous creep spread has broken StarCraft 2,gaming-other
watch,Sea of Stars Throes of the Watchmaker 4 Enter the Ivory Towers,gaming-other
watch,Secret of Mana Randomizer Challenge Seed  WE RAN OUT OF GOLD Mana Tree Revival 14408,gaming-other
watch,Secrets of the Gungeon  Explaining the Secret Hidden Unlockables of EtG,gaming-puzzle
watch,Silksong Switch 2 Direct Footage Analysis 9 whole seconds of new footage,gaming-other
watch,SimCity 2000 30 Years Later An LGR Retrospective,gaming-other
watch,SimCity 3000 25 Years Later An LGR Retrospective,gaming-other
watch,Simon Sinek Youre Being Lied To About AIs Real Purpose Were Teaching Our Kids To Not Be Human,other
watch,Six Days Seven Nights,other
watch,Slay the Spire and Monster Train 2 Show 1658 20250603,gaming-other
watch,Snow White  How to Make a Movie That Everyone Hates  Anatomy of a Failure,other
watch,So I Gave 100 Players Creative Mode to Build Secret Houses  Minecraft,gaming-other
watch,So Is GRINDSTONE Worth Playing,gaming-other
watch,So Many Puzzles EVERYWHERE  Blue Prince,gaming-puzzle
watch,Someone Made A MOBILE PHONE AD Game In Mario Maker 2,gaming-other
watch,Someone Made Deckbuilder FTL And Its Kinda Awesome  Star Scum,gaming-other
watch,Something Strange Happens When You Keep Squaring,other
watch,Songs of Silence  Community Managers Epic Clash  Gigi  Ilcin,other
watch,Songs of Silence  DEV Stream  Y1 Anniversary  Update 14,gaming-other
watch,SpaceCorp Digital App Preview with John LaRuffa,other
watch,Speedrunning Conspiracy Theories w drewisgooden,gaming-other
watch,Spicy social LIVE  Dune Spice Wars,gaming-other
watch,Star Citizen officially went too far After making 800M,gaming-other
watch,Stupid RPG Classes in Video Games,gaming-other
watch,Sudoku Expert Plays The Witness,gaming-puzzle
watch,Suikoden HD Remaster Playthrough Part 101 Recruiting Jabba  The Nameless Urn Obtained,gaming-other
watch,Super Mario Kart Early Prototype Builds  LOST BITS TetraBitGaming,gaming-other
watch,Surfs Up,other
watch,Switch Up Shuffle Physical Fiesta Day 5 31525,other
watch,Sydney Sweeney Sells Her Bathwater Men Buy The Fantasy,other
watch,THE BEST STEAK CHALLENGE IVE EVER ATTEMPTED  BeardMeatsFood,other
watch,THE ENDLESS TUNNEL  Blue Prince,other
watch,THIS PVZ DLC UPDATE CHANGED EVERYTHING,gaming-other
watch,TOMO PLAYS  The Legend of Zelda A Link To The Past  PART 6,gaming-other
watch,Techniques for dealing with lack of motivation malaise depression,other
watch,Terminator Genisys,other
watch,Terrarias Platinum Trophy Was A GRIND,gaming-other
watch,Texts from 5YearOlds,other
watch,The Buy Now Pay Later Trap Explained,other
watch,The Mostly Complete Lore of Hollow Knight,gaming-other
watch,The 100 Games That Taught Me Game Design,gaming-other
watch,The 100 Year Old Mystery of the Empty Hexagon Problem,gaming-puzzle
watch,The 4Chan VS Taylor Swift Saga,other
watch,The ACTUAL History of Dont Starve,gaming-other
watch,The Absurd History of Bad Video Games,gaming-other
watch,The Absurd History of Bad Video Games,gaming-other
watch,The Best Games Are Kinda Bad,gaming-other
watch,The Biggest Misconception in Football,other
watch,The Binding of Isaacs Platinum is ADDICTING,gaming-other
watch,The Bizarre Lore of Plants Vs Zombies,gaming-other
watch,The Bizarre Lore of Rayman,gaming-other
watch,The Book of Life,other
watch,The Cauldron Finale,gaming-other
watch,The Deep Dip World Record Might be Unbeatable Now,gaming-other
watch,The Devs Didnt Want Us To See This Trailmakers PvP Update Review,gaming-other
watch,The Entire History of RPGs,gaming-other
watch,The Finals  ft Kyle,other
watch,The Greatest Game Ever Played,gaming-other
watch,The History of 120 Stars Early Era 2004  2014,gaming-other
watch,The History of Hollow Knight World Records,gaming-other
watch,The History of Original Dungeons  Dragons,gaming-other
watch,The Horrible World of Kinect Games  Caddicarus,gaming-other
watch,The Horrifying World of PS1 Games for Babies  Caddicarus,gaming-other
watch,The Horrors of Victorian Train Travel,other
watch,The Hunting Squad Strikes Back PvZ Heroes,gaming-other
watch,The Hustle 2019,other
watch,The Incredible World of User Created Tracks in Trials Rising,gaming-other
watch,The Infamous Grilled Lettuce  Kitchen Nightmares FULL EPISODE,other
watch,The Infinite Pattern That Never Repeats,other
watch,The Legend of Nayuta Boundless Trails Episode 50,gaming-other
watch,The Longest Road on Earth  Full Playthrough,gaming-other
watch,The MIX Summer Game Showcase 2025,gaming-other
watch,The Miserable World of Completing Crash Bandicoot 4  Caddicarus,gaming-other
watch,The Mysterious Universe Of The NES Turtles  TMNT,gaming-other
watch,The Painful World of LEGO Games  Caddicarus,gaming-other
watch,The Peanuts Movie,other
watch,The Picnic at the Battle of Bull Run,other
watch,The Pyramid A Presses are a Tragedy,gaming-puzzle
watch,The Rise and Fall of Poptropica,gaming-other
watch,The Sad Greedy Death of Little Big Planet,gaming-other
watch,The Simplest 3 Masterpiece Youll Ever Play,gaming-other
watch,The Sims 1 The Console Edition Nightmare,gaming-other
watch,The Strangest Extinct Creatures Ever Found,other
watch,The Truman Show,other
watch,The Two Types of Random in Game Design,gaming-other
watch,The Ugly World of the PS2 EyeToy  Caddicarus,gaming-other
watch,The Weeknd Taylor Swift Ed Sheeran Adele Rihanna Bruno Mars Justin Bieber Sia  Top Hits 2024,other
watch,The YouTube Golf Major Stroke Play,other
watch,The book with a multiplayer firstperson shooter inside,gaming-other
watch,The original plot of Inside Out 2 was different,other
watch,The secret economics of Escape Rooms,gaming-puzzle
watch,Theres no straight stacker  Insane Factory EP01  Shapez 2  Dimensions Update,gaming-puzzle
watch,They Tore Down a Highway and Made it a River and traffic got better,other
watch,They added gravity to Chess,gaming-puzzle
watch,They added gravity to Chess,gaming-other
watch,They turned MATH into a factory game,gaming-other
watch,This ALARM Fob stopped working  Can I Fix It,other
watch,This Achievement in Super Meat Boy Took 16407 Attempts,gaming-other
watch,This Level Makes You PUSH WALLS  Clearing 69420 EXPERT Levels  S8 EP89,gaming-other
watch,This Run Just Hit LEGEND Status,gaming-other
watch,This Video Took Us 8 Years To Make,other
watch,This Worms Video is Finger Lickin Good,gaming-other
watch,This entire game is a massive spoiler,gaming-other
watch,This game outsmarted a professional engineer Baba Is You,gaming-puzzle
watch,Thrifting With Friends  Viewers Through Bins Of Movies  More  Thrift With Me,other
watch,Tiny Bookshop  Official Release Date Trailer,gaming-other
watch,Training AI to Play Pokemon with Reinforcement Learning,gaming-other
watch,Unforeseen Consequences A HalfLife Documentary,gaming-other
watch,Unreal Engine 5 Environment Tutorial for Beginners  Creating an Island,gaming-other
watch,Using Apple Trees to Decode Abstract Puzzles,gaming-puzzle
watch,VFX Artists React to Bad and Great CGi 177,other
watch,VFX Artists React to Bad and Great CGi 178 Ft Adam Savage,other
watch,Video Game Megastructures That Make You Feel Temporary,gaming-other
watch,Walmart From American dream to American NIGHTMARE,other
watch,War of the Worlds,other
watch,Was ZARC About To Defeat EVERYONE A Most Brutal Duel,gaming-other
watch,Was it Good  Rayman 1,gaming-other
watch,Watch as I try to take WoC to the top of this SFT,gaming-other
watch,We Couldnt Stop Drinking,other
watch,We Turned Core Keeper into Bomberman and It Was Chaos,gaming-other
watch,We played Mario Odyssey JEOPARDY,gaming-other
watch,What Is The BEST Version Of PVZ1,gaming-other
watch,What Killed the Scribblenauts Franchise,gaming-puzzle
watch,What Makes A Great Double Boss Fight,gaming-other
watch,What Makes These Animations Good,other
watch,What Went Wrong  Chivalry Medieval Warfare Mordhau Mirage and More,gaming-other
watch,What Zelda Content Creators Want From The Next Zelda Game ft 30 YouTubers,gaming-other
watch,What if Squidward Never Met SpongeBob,other
watch,Where Is Wind Wakers Water From,gaming-other
watch,Who Can Go Under The Mario Pipe   Super Smash Bros Ultimate,gaming-other
watch,Why Canada Will NEVER Be The 51st State,other
watch,Why EA Ruined Its Own Masterpiece  Spore,gaming-other
watch,Why Is The US Dropping Billions Of Mutant Flies From The Sky,other
watch,Why Lego Is So Expensive  So Expensive  Business Insider,other
watch,Why Video Game Prices Dont Make Sense Anymore,gaming-other
watch,Why Your Grandmother Is an Evolutionary Mystery,other
watch,Why are Smokestacks So Tall,other
watch,Why is Everything So Boring Now,other
watch,Working With Robin Williams,other
watch,Yall Mind if I Talk Critically about Animal Crossing New Horizons,gaming-other
watch,You Cant Kill the Undying  FINAL FANTASY PIXEL REMASTER  Lets Play Part 7,gaming-other
watch,Youll Never Quit Slay the Spire Heres Why,gaming-other
watch,Zelda Links Awakening  SwitchSwitch 2 Comparison,gaming-other
watch,Part 17 Sea of Stars First Playthrough,gaming-other
watch,Shattered Tale of the Forgotten King A smol soulsllike 1,gaming-other
watch,the reality of being neurodivergent,other
watch,Heaters Freezers and Brain Teasers in Lanayru Temple  Echoes of Wisdom  Part 15,gaming-puzzle
watch,LIVE ENGPC NMS  PotatoLand  RUST  ArkSE   P  2025,gaming-other
watch,LIVE Rayman 1995 First Playthrough,gaming-other
watch,Terraria Summoner Only Master Mode,gaming-other
like,I 100d Subnautica It Was Beautiful and Terrifying,gaming-other
like,They said theres treasure at the bottom,gaming-other
like,Making the worlds most powerful Red Bull,other
like,I competed in the biggest puzzle contest in America And my new strategy worked,gaming-puzzle
like,Jon Stewart on Elon Musks BlackEyed Exit  Trumps Insane New Biden Conspiracy  The Daily Show,other
like,Revisiting Wordle Games,gaming-puzzle
like,TOO SMART FOR MY OWN GOOD  Blue Prince,gaming-other
like,Air Traffic Control Last Week Tonight with John Oliver HBO,other
like,Detail Diatribe The Lost Art of Marvels Phase 1,other
like,Guess What Cartoon Character Julia is Describing I Dare You,other
like,How to play Monopoly Go to Jail Expansion,gaming-other
like,Pixel Art Class  Top Down Style Analysis  Tutorial,gaming-other
like,The Bizarre World of Fake Video Games,gaming-other
like,The Judge Was Ruthless Now Gaming WILL Change,gaming-other
like,The Ugly World of the PS2 EyeToy  Caddicarus,gaming-other
like,The Ultimate Princess Peach Model Showdown  How Many Tris,gaming-other
like,16 YO UNDERDOG vs 7TIME CHAMP  Classic Tetris World Championship 2018 Final Round,gaming-puzzle
like,A Scientific Analysis of Return of the Obra Dinn,gaming-puzzle
like,AI Learns to play JUMP KING,gaming-other
like,Analyzing the Lizard  The Complete Guide to Rain Worlds Lizards,gaming-other
like,Baking brownies from the inside out,other
like,Blumineck answers YOUR questions QA roundup,other
like,Boring History For Sleep  What Medieval JUNK FOOD Was Like and more,other
like,Can You Beat Hello Neighbor With NO ITEMS,gaming-other
like,Chopping all the Trees in Stardew Valley,gaming-other
like,Everyone Hates Nvidia,other
like,Fields of Mistria  Lets Play Ep 40,gaming-other
like,Get In Its Time for Your Nightmare Vacation  Drive Beyond Horizons,gaming-other
like,HOW TO MASTER QUEST MODE IN TACTICS OGRE KNIGHT OF LODIS,gaming-other
like,Hollow Knight speedruns are much harder than you think,gaming-other
like,How Fast Can You Softlock Every 3D Zelda Game,gaming-other
like,How To Make Indie Games In 2025 w Jonathan Blow  Full Time Game Dev Podcast Ep 024,gaming-other
like,How to play Monopoly Go to Jail Expansion,gaming-puzzle
like,I Broke This Game So Hard Its Whole Universe Gave Up  Outpath,gaming-other
like,I Found it The Ultimate Incremental Idle Game,gaming-other
like,I Got EVERY 3 Star In Cut The Rope,gaming-puzzle
like,I Investigated Malware Disguised as Games 3,gaming-other
like,Ive Spent 9 Years Working On My Board Game Was it worth it,gaming-other
like,Is Elden Ring Nightreign ACTUALLY Good,gaming-other
like,Is Mr Beast Cheating His Progress Bars,other
like,Lets Play HORRIFIED  Board Game Club,gaming-other
like,Only 8 people beat this level 5000000 Failed it,gaming-puzzle
like,Sea of Stars Throes of the Watchmaker The Dojo Lets Play,gaming-other
like,Serving Every Single Dish At Once Plateup,other
like,Snake but with a skill tree,gaming-other
like,Snipperclips  Gameplay Walkthrough Part 1  Noisy Notebook Cut It Out Together Nintendo Switch,gaming-puzzle
like,Stardew Valley Flower Farm  Lets Play Ep 104,gaming-other
like,The History of Castlevania World Records,gaming-other
like,The Mockery Unbelievable,other
like,They Turned an IKEA Manual into a Roguelike,gaming-other
like,This Worms Video is Finger Lickin Good,gaming-other
like,Time to Say Goodbye to Ticket to Ride,gaming-other
like,Video Game Optimization Used To Be Borderline Black Magic,gaming-other
like,shapez 2 Dimension Update  Out Now,gaming-puzzle
like,yes the red lines are parallel,other
like,IroncladDefect 202564 A Video of XecnaR,gaming-other
like,10 Times Video Games KNEW What You Were Trying To Do,gaming-other
like,15 OUTER GODS from Lovecrafts Universe You MUST NEVER Pray To,other
like,1st Time Playing Suikoden 2 HD Remaster Lets Fight Part 9,gaming-other
like,50 Tips and Tricks in Astroneer,gaming-other
like,60 Seconds REATOMIZED,gaming-other
like,7 Fighting Game Joke Characters Who Are WAY Stronger Than They Look,gaming-other
like,7 Stupidly Complicated Puzzle Bosses You Wont Beat Without a Walkthrough,gaming-puzzle
like,7 Tricks by Game Developers You Wont Be Able to Unsee Commenter Edition,gaming-other
like,9 DEVS Make a GAME without COMMUNICATING Where did it go Wrong,gaming-other
like,A Consolidation Move  Empyrion RE2 17 Gameplay  Playthrough,gaming-other
like,A Studio Update  Cancelled Game  New Projects,other
like,A Summarization of My Thoughts On Monopoly Cheaters Edition VOLUME WARNING  I Mess With Games,gaming-other
like,A game where youre just a cube but its sorta great  Minutescape,gaming-puzzle
like,AI Decides on Absurd Trolley Problems,other
like,Americans Samurai  The 442nd Infantry  Most Decorated Unit of WW2,other
like,An Incremental Upgrade Game Where You Have To Chop 10000 Trees,gaming-other
like,Angry Birds Trilogys Platinum Wasted 200 HOURS of My Life,gaming-other
like,Arcs is 2024s Best New Board Game,gaming-other
like,Arkham Horror The Card Game  How To Play,gaming-other
like,Blade Runner The Roleplaying Game  Oxventures OneShot Wonder  ft Aoife Wilson,gaming-other
like,Board Game Reviews Ep 215 TAK,gaming-other
like,Boring History For Sleep  WEIRD Sleep Habits of Medieval People and more,other
like,Botanist Explains All GrassType Pokemon,gaming-other
like,Buff So Hard Everything Explodes  Monster Train 2,gaming-other
like,But what is quantum computing Grovers Algorithm,other
like,CAN I PLEASE GET A VICTORY ROYALE,gaming-other
like,CVS Employee Arrested Waiting on Bench for Lyft Driver 7 MINUTES after closing the store,other
like,Can I Beat Super Mario Bros Wonder While Touching Every Coin,gaming-other
like,Can I Remake Super Mario World in Godot Part 1,gaming-other
like,Can You Beat a 999999999999HP Bloon,gaming-other
like,Can you beat Plants vs Zombies 2 with DOUBLE SUN COST Plants Part 1,gaming-other
like,Carto  100 AchievementTrophy Guide  Full Walkthrough FREE with Xbox Gamepass,gaming-puzzle
like,Casual Player Accidentally Makes a HUGE Discovery That Speedrunners Missed,gaming-other
like,Cauldron Time for a upgradeheavy minigamecentric turnbased RPG thanks to keymailer,gaming-other
like,Checking Out TurnBasedThursdayFest 2025,gaming-other
like,Chess But Pieces Have Gravity,gaming-puzzle
like,Chess But Your Opponent Can Cheat,gaming-puzzle
like,Chess but the rules are cursed  All Endings,gaming-puzzle
like,Civ 7 Switch 2 Release Date and Features Revealed in New Trailer  Will it be worth it,gaming-other
like,Closed captions on DVDs are getting left behind,other
like,Closed captions on DVDs are getting left behind,other
like,Coin Push RPG has Shown me What a Gambling Addiction Might Feel Like,gaming-other
like,Completing the Community Center with NO ENERGY,gaming-other
like,ConcernedApe Talks Stardew Valley 2 w Bobby Lee,gaming-other
like,Create a Soccer Game in Godot 0224 Basic Movement,gaming-other
like,Dear Creatives I Bet You Can Relate Lets fix it,other
like,Decoding the Secret Language of Stray,gaming-puzzle
like,Diablo 2 But Im Putting ALL My Stats Into Strength,gaming-other
like,Did Chelsea Bottle It  Ten Hag vs Carra  Stick to Football EP 21,other
like,Do NOT Play Google Translated Mario Kart,gaming-other
like,Doctor Reacts To GOATED Medical Memes,other
like,Doom 64  What Happened,gaming-other
like,Dragons Lair ReRevisited  Angry Video Game Nerd AVGN,gaming-other
like,Drawing Classic Drawfee Characters That Weve Never Drawn Before,other
like,EA CANCELS Woke Black Panther Game Nobody Wanted,gaming-other
like,EA CANCELS Woke Black Panther Game Nobody Wanted,gaming-other
like,EP11  THE HUNT FOR HEMATITE  Vintage Story Prehistoric World,gaming-other
like,EX3 Ceraphina 2T feat Lightening Team  Octopath Traveler Cotc,gaming-other
like,Every Softlock in Portal,gaming-puzzle
like,Everyones Talking About 9Kings and The Hype is Warranted,other
like,FANTASY LIFE i The Girl Who Steals Time On Switch Is UNMISSABLE  Review  Performance,gaming-other
like,Fighting Yvon  Octopath Traveler  BLIND,gaming-other
like,Finally no more wheels but theres a catch   Timberborn S2 Ep 10,gaming-other
like,Finals  2016 Classic Tetris World Championship,gaming-puzzle
like,First Impressions of the Most Hyped RPG Right Now  Part 2,gaming-other
like,First Look At Teamcrafter,gaming-other
like,First Time Android Experience,other
like,First Time Playing This Game  Stardew Valley,gaming-other
like,First Year Learning Game Dev in Godot,gaming-other
like,Food for the Gods  1909 Recipe,other
like,Food in the Trenches of World War One,other
like,Fortress of Hope session 8 on Bugbears Basement,gaming-other
like,From Chaos to Crops What Stardew Valley Taught Me About Time  OneGenericEric,gaming-other
like,Game Theory The Hidden Truth of Aftons Experiments Finally REVEALED,gaming-other
like,Gloomhaven 2nd Edition Playthrough with Isaac Childres,gaming-puzzle
like,Gloomhaven 2nd Edition Playthrough with Isaac Childres,gaming-puzzle
like,Grindstone Daily Grind Update  Apple Arcade iOS Gameplay by Capybara Games,gaming-puzzle
like,Guess What Cartoon Character Julia is Describing I Dare You,other
like,Guys I dont think this Switch is real,gaming-other
like,Hbomberguy but the questions get worse,other
like,Heat Pedal To The Metal  How To Play,other
like,Help Me Tricky Story vs Fork N Sausage  Hard Levels Challenge Walkthrough Gameplay Ep0538,gaming-puzzle
like,Hollow Knight speedruns are much harder than you think,gaming-other
like,How Balatro Was Made and Why The Creator Expected to Sell Only 6 Copies,gaming-other
like,How Fast Can You Softlock Every Animal Crossing Game,gaming-other
like,How I Beat Pikmin Without Making Pikmin,gaming-other
like,How I Beat Plants Vs Zombies Blindfolded,gaming-other
like,How I Finished my Indie Game After 5 Years  Slimekeep Out Now,gaming-other
like,How I Made A Game  from Start to Finish,gaming-other
like,How I Won The GMTK Game Jam,gaming-other
like,How I Won The GMTK Game Jam,gaming-other
like,How I make puzzles for my indie magnet game Developing 9,gaming-puzzle
like,How India runs the worlds biggest election,other
like,How Jonathan Blow Designs a Puzzle,gaming-puzzle
like,How Long Can You Survive Shipwrecked Without A Boat,gaming-other
like,How Much Money my Indie Game Made After 1 Month,gaming-other
like,How To Get Back Into A Game According to Science,gaming-other
like,How We Made The Club Penguin Avatar,gaming-other
like,How do Game Designers make their games FUN,gaming-other
like,How many trees are there in Mario Kart Wii,gaming-other
like,How to Design a Puzzle Game In 5 Steps,gaming-puzzle
like,How to Rewrite a Story Everyone Already Knows,other
like,How to Survive the Current State of the World,other
like,How to use every Geyser Vent and Volcano in Oxygen Not Included,gaming-other
like,I 100d A Game About Upgrading Shapes And It Was Delightful,gaming-other
like,I Built a DD City out of PAPER,other
like,I Built a Nightmare Factory That Manufactures Perpetual Mayhem  shapez 2,gaming-other
like,I Created An AI to DESTROY Tetris,gaming-puzzle
like,I Finished My First Game,gaming-other
like,I Fully Completed EVERY HalfLife  Portal Game,gaming-puzzle
like,I Got ONE MILLION on EVERY Minigame in Cauldron,gaming-other
like,I Made Millions by Openly Ripping Off Every Person Who Hired Me  Cash Cleaner Simulator,gaming-other
like,I Made Torturous MiniGolf Courses and Trolled Myself  MiniGolf Maker gameplay,gaming-other
like,I Played 100 of Slime Rancher,gaming-other
like,I Played 100 of Stacklands,gaming-other
like,I Played EVERY Mario Game On Nintendo Switch,gaming-other
like,I Ran Critical Roles Daggerheart and it Broke Me,other
like,I Spent 30 Days in a Dead MMO and it was amazing,gaming-other
like,I Spent 700 HOURS Automating Nuclear Pasta in Satisfactory,gaming-other
like,I Tried Every Sandwich in Japan,other
like,I am become baba destroyer of worlds  Baba is you,gaming-puzzle
like,I bought every Nintendo Handheld EVER,gaming-other
like,I created a NEW Legacy Challenge for The Sims 4,gaming-other
like,I must Carry The Glass with CallMeKevin,gaming-other
like,I played another 8 SoulsLike games youve never heard of,gaming-other
like,I played every single Pikmin game,gaming-other
like,I pushed the tree chopping game to its limit,gaming-other
like,I ran a 5000 DD game and I quit,gaming-other
like,I went AFK and Speedran This Game  Peglin Is A Perfectly Balanced Game With No Exploits,gaming-other
like,ITS WAR TIMELATE STREAM,gaming-other
like,Investors Want In Game Ads Valve Is Blocking Them,gaming-other
like,Is Grindstone worth playing more,gaming-puzzle
like,Is There A Simple Solution To The Fermi Paradox,other
like,Is this strategy OP or TROLL  AoE 2 ranking,gaming-other
like,Is this the best 3 game ever,gaming-other
like,Is this what door handles should have looked like all along,other
like,It Takes Two with Jaiden,gaming-other
like,It took me 3 seconds to realize how STRONG this kid is at chess,gaming-puzzle
like,Jon Stewart Slams CNNs Bombshell Biden Book Promo Amidst Cancer Diagnosis  The Daily Show,other
like,LAST VANGUARD v10 Gameplay Walkthrough FULL GAME No Commentary  ENDING,gaming-other
like,Learning Crossword Week 56  NYT Crossword Wednesday June 4th 2025,gaming-puzzle
like,Lets Continue  Octopath Traveler  BLIND,gaming-other
like,Lets Play  Part 1,gaming-other
like,Lets Play BURKES GAMBIT  Board Game Club,gaming-other
like,Lets Play SAY ANYTHING feat TomSka  Board Game Club,gaming-other
like,Lets Play Word Play,gaming-puzzle
like,Lucky Finally getting rid of the Dagger Spring Day 27 Year 1 of the Stardew Valley,gaming-other
like,MONKEY BUSINESS  Sea of Stars Episode 9,gaming-other
like,Make it pink  Slime Rancher 2,gaming-other
like,Making a Game About Weak Points,gaming-other
like,Making an SNES Game the Way Nintendo Intended,gaming-other
like,Making fun of MORE Luxury Homes,other
like,Mario Kart 8s completely normal Time Trial leaderboards,gaming-other
like,Mario Wonder but Characters have CUSTOM ABILITIES,gaming-other
like,Massive Game Where the ENTIRE HOUSE is a Puzzle  The Room 4,gaming-puzzle
like,Mindblowing graphical tricks in classic games  Your questions answered  White_Pointer Gaming,gaming-other
like,Monopoly Cheaters Edition Is The Worst Game Ive Played  This Is No Longer a Summary MCE Rant 2,gaming-other
like,Monster Train 2 Covenant Climb  Livestream,gaming-other
like,Monster Train 2 Session 8,gaming-other
like,Monty Python And The Holy Grail,other
like,More Reddit writing Pickup Lines one word at a time,other
like,My Best Pets of 2025 so far,other
like,NEW Trophy Road  MASTERIES REMOVED  Update Info,gaming-other
like,New Chapter Approved Tau vs vs Sisters of Battle Warhammer 40k in 40m Battle,gaming-other
like,Nintendo Switch 2 Launch Buying Guide Accessories,gaming-other
like,OLYMPIADS  How to Solve tt  t2  Can You Solve for t maths,other
like,Oatsngoats  Super Metroid Low Ice Speedruns June 1 2025,gaming-other
like,Oblivion Remastered is A PERFECTLY BALANCED GAME WITH NO EXPLOITS  Making A New God,gaming-other
like,Okay Well I Broke the Game with Rats in 9 Kings,gaming-other
like,Otters Get Wet N Wild with New Pool and Slide,other
like,Over an hour of Star Destroyer lore,gaming-other
like,Overcooked TESTED Our Friendship,gaming-other
like,PURRRFECT PARTY GAME  Jumping Jazz Cats PC Gameplay,gaming-other
like,Panic Has A New Face  NRB Play Blood On The Clocktower,gaming-other
like,Platinum On Star Wars Battlefront 2 Was Pure Perfection,gaming-other
like,Portal 2s Biggest Skip Took 11 Years To Discover And No One Uses It,gaming-puzzle
like,Prehistoric Planet Pack Testing and Exploration,gaming-other
like,Price Hikes Could Cost Nintendo Big Time,gaming-other
like,Printing a LifeSized LEGOStyle Castle  Walls and Figures,other
like,Pro Chefs Blind Taste Test Every Frozen Burrito  The Taste Panel  Epicurious,other
like,Punching SPACESHIPS in this Great Physics Based Roguelite  Galactic Glitch,gaming-other
like,ROBBING A BANK FOR GRANDMA  Wobbly Life Switch Coop Gameplay,gaming-other
like,Ranch of Rivershine Grindy but so good,gaming-other
like,Ranking Every DISNEY Movie by the 100000th Frame,other
like,Real Reason Americas New Iron Dome Terrifies The World,other
like,Reviewing a Bunch of RPG Maker Games,gaming-other
like,Revisiting Wordle Games,gaming-puzzle
like,Ruin Raiders with Poet  A Vintage Story Permadeath Challenge,gaming-other
like,Rune Factory Guardians of Azuma Gameplay  Nintendo Switch  Save the gods,gaming-other
like,SIDEMEN REVERSE CATEGORIES,other
like,SNL Hosts Making the Cast BREAK for 6 Minutes Straight,other
like,Sea Of Stars Throes Of The Watchmaker  The Oubliettes Artys Escape  Solstice Rescue  Episode 2,gaming-other
like,Secrets of the Gungeon  Explaining the Secret Hidden Unlockables of EtG,gaming-other
like,Six Days Seven Nights,other
like,Skara Brea  Solo Playthrough,gaming-other
like,Sleddys Lost Tapes  KeyEnigma  Owen Rules,gaming-puzzle
like,Solving a Harvard University Entrance Exam Question  Find x,other
like,Someone Made Deckbuilder FTL And Its Kinda Awesome  Star Scum,gaming-other
like,Star Citizen officially went too far After making 800M,gaming-other
like,Starbound 39  Orbiting a planet and into a swamp,gaming-other
like,Stardew Valley  Ridgeside chill no commentary game playthrough,gaming-other
like,Stardew Valley  366 The Bottom of the Dangerous Mine,gaming-other
like,Stardew Valley  366 The Bottom of the Dangerous Mine,gaming-other
like,State of Play  June 4 2025 English,gaming-other
like,Sudoku Expert Plays The Witness,gaming-puzzle
like,Sugars Decathlon  Drop Duchy  Fourth Game,gaming-other
like,Suikoden HD Remaster Playthrough Part 101 Recruiting Jabba  The Nameless Urn Obtained,gaming-other
like,Super Marios Invisible Difficulty Settings,gaming-other
like,Sydney Sweeney Sells Her Bathwater Men Buy The Fantasy,other
like,THE ADVENTURES OF SAMSLASH  TRIOOOOS,gaming-other
like,THIS Can Save The Gaming Industry,gaming-other
like,TODESwürmer  ONEHITwürmer in Chains of Freedom 17,gaming-other
like,TROLL LEVEL OF THE YEAR 2025,gaming-other
like,Tackling the Biggest Unsolved Problems in Math with 3Blue1Brown,other
like,Taking Minecraft Steves Power EVEN FURTHER BEYOND,gaming-other
like,Taking On A Giant Crab In Ship of Fools,gaming-other
like,Testing Extremely Rare Mario Myths,gaming-other
like,Tetris Effect On The PS5  4K 60fps,gaming-puzzle
like,The 100 Games That Taught Me Game Design,gaming-other
like,The 100 Year Old Mystery of the Empty Hexagon Problem,other
like,The AntiPiracy Screen Trend was Weird,gaming-other
like,The BEST C64 Games Part 2,gaming-other
like,The Bizarre Lore of Plants Vs Zombies,gaming-other
like,The Bizarre Lore of Rayman,gaming-other
like,The DVD Logo Not Hitting the Corner but as an Incremental Game,gaming-other
like,The Dumbest Things EV Owners Do,other
like,The Entire History of RPGs,gaming-other
like,The FEAR on PS2 is a Cheesy Horror Masterpiece,gaming-other
like,The HARDEST Character to UNLOCK in Every LEGO Game,gaming-other
like,The History of Fantasy Maps,other
like,The LEGENDARY double cloverleaf is OVERPOWERED in Freeways,gaming-other
like,The MIX Summer Game Showcase 2025,gaming-other
like,The NEW No Time To Relax  Walk of Life Demo Gameplay,gaming-other
like,The Nintendo character with zero Google results,gaming-other
like,The Pacifist Challenge  Beating Hollow Knight Without Collecting Soul,gaming-other
like,The Puzzle Game With 1000 Plot Twists,gaming-puzzle
like,The Rarest of Games  Scott The Woz,gaming-other
like,The Real Game Begins Now  Blue Prince,gaming-other
like,The Ripoff World of Crash Bandicoot Merchandise  Caddicarus,gaming-other
like,The Secret to Every Nightfarer in Elden Ring Nightreign,gaming-other
like,The Ship Is Sinking Spell SKIP Endless Expert 10 Lives 1282 Clears Family Friendly SMM2,gaming-other
like,The Starving Games,other
like,The Sudoku With Only 10 Words Of Rules,gaming-puzzle
like,The TRAGEDY of Nickelodeons Glitch Techs,other
like,The Tower  Competing in The Tournament  My Strategy,gaming-other
like,The Witcher 4  Gameplay UE 56 Tech Demo  State of Unreal 2025,gaming-other
like,The Witcher 4  UE 56 Tech Demo  State of Unreal 2025,gaming-other
like,The World Design of Hollow Knight  Boss Keys,gaming-other
like,The Worst Guide To Oxygen Not Included,gaming-other
like,The Worst and Weirdest of RISK,gaming-other
like,The book with a multiplayer firstperson shooter inside,gaming-other
like,The correcting feature of typewriters is not what I thought,other
like,The final area of RePik 3,gaming-other
like,The rules of this game change as you play it,gaming-other
like,The search for LIFE but NOT as we know it,other
like,The secret economics of Escape Rooms,gaming-puzzle
like,The secret history of font piracy,other
like,These Brands Made Their Own Flash Games,gaming-other
like,They said theres treasure at the bottom,gaming-other
like,Things I Wish I Knew Sooner in Balatro,gaming-other
like,This Puzzle Game Took EIGHT YEARS To Make  Taiji,gaming-puzzle
like,This Puzzle Has More Layers Than Expected,gaming-puzzle
like,This Video Took Us 8 Years To Make,other
like,This Word Explains Everything About US Schools,other
like,Top 10 Board Games We Champion,gaming-other
like,Training AI to Play Pokemon with Reinforcement Learning,gaming-other
like,Trapped in the past  Fantasy Life i 1,gaming-other
like,Turning this hot mess around  Civilization VII Full Exploration Age,gaming-other
like,Uncle Roger Recreate Jamie Oliver Pho BIG MISTAKE,other
like,Using Incredible Improvisation to Beat Quarry Puzzles,gaming-puzzle
like,Using SEGREGATION to beat high scores in Mini Motorways,gaming-other
like,VFX Artists DEBUNK Ai Slop,other
like,Vintage Story Ep 715 More Gathering in the Old Neighborhoods,gaming-other
like,Want to Test Your MARIO SKILLS Try This Level,gaming-other
like,Was Crash Twinsanity a Good Game,gaming-other
like,We need to talk about DDs new class,gaming-other
like,Welcome to the ASMR Library  Whispering Page Flipping Typing Etc,other
like,What Are the Growing Pains of Learning Terraria,gaming-other
like,What If It Rains Bananas For A Single Day Spoiler Its Bad,other
like,What Killed the Scribblenauts Franchise,gaming-other
like,What Makes A Great Double Boss Fight,gaming-other
like,What Makes These Animations Good,other
like,What Went Wrong  Chivalry Medieval Warfare Mordhau Mirage and More,gaming-other
like,What Zelda Content Creators Want From The Next Zelda Game ft 30 YouTubers,gaming-other
like,What if you used a flamethrower as a snowblower,other
like,Whats on the Security Footage Lets Take Notes  Blue Prince  52,gaming-puzzle
like,Whatever You Do Dont Let Enemies Touch  Trial  Drop Duchy Road2100 27,gaming-other
like,Whats Causing the Parkinsons Belt,other
like,When Will the Switch 1 Servers Shut Down,gaming-other
like,Where Is Wind Wakers Water From,gaming-other
like,Who Let All These Freaks Into My Run  Classic Unfair,gaming-other
like,Who was the first video game boss And why do we call them that,gaming-other
like,Why Does Celeste Feel So Good to Play,gaming-other
like,Why Food SUCKED in Medieval Times  Boring History for Sleep,other
like,Why Is The US Dropping Billions Of Mutant Flies From The Sky,other
like,Why Modding a Nintendo 3DS is Amazing,gaming-other
like,Wind Temple Puzzle Solved in Pokémon Awakening,gaming-puzzle
like,X4 GUIDE Passive Income  Mining Fleet 24,gaming-other
like,You Are Given The Solution And Must Create The Puzzle,gaming-puzzle
like,You Can Date a Toilet In This Game Date Everything Demo,gaming-other
like,You Cant Convince Me DK64 Isnt a Masterpiece,gaming-other
like,Youll Never Quit Slay the Spire Heres Why,gaming-other
like,Your iPads USBC Port Can Do More Than You Think,other
like,how to make Video Games REALLY REALLY fast,gaming-other
like,i am so screwed if im right feat PunkDuck  final v3,gaming-other
like,we are backlots to talk about,other
like,Ill tell you what Gabagool is,other
like,Forgotten DD Rules That Actually Made the Game Better,gaming-other
like,Ship Inc  ItsumaDEMO Ep 31 Ep 01 I will Ship It Previewing a New Life SIm,gaming-other
like,BREAKING Tornado On The Ground In Illinois  Tornadoes Possible  With Live Storm Chasers,other
like,First Time Playing Stardew Valley and I already want to marry Elliot,gaming-other
like,LIVE  Severe Weather Coverage With Storm Chasers On The Ground  Live Weather Channel,other
like,Sudoku Expert Plays The Witness,gaming-puzzle
like,These Have Been Found All Across Ancient Rome Nobody Knows Why,other
like,True Wireless Power is FINALLY here building a TRULY wirefree setup,other
like,A Developers First Game  Scott The Woz,gaming-other
like,Can a Professional Engineer beat the IMPOSSIBLE quiz,gaming-puzzle
like,Death Squared  4  DANCE PARTY Twitch Highlight,gaming-puzzle
like,Doctor Reacts To GOATED Medical Memes,other
like,Jonathan Blow on his programming language jai,gaming-other
like,Lets Play  Part 1,gaming-other
like,Lets Try Opus Magnum  Design and Build Alchemical Machines,gaming-puzzle
like,Revealing 5 Secret Magic Tricks With Science,other
like,Revisiting Wordle Games,gaming-puzzle
like,Tackling the Biggest Unsolved Problems in Math with 3Blue1Brown,other
like,This Video Took Us 8 Years To Make,other
like,Tetris Effect Connected murdering a horse with a 80attack KIRBTRIS,gaming-puzzle
like,A history of attempts to fix English spelling,other
like,Boring History For Sleep  WEIRD Sleep Habits of Medieval People and more,other
like,Cicada 3301 An Internet Mystery,other
like,Closed captions on DVDs are getting left behind,other
like,Conquering the Whole Island to Summon a Giant Laser Beam,gaming-other
like,Creators Voice Special Edition  Nintendo Switch 2s Custom Processor,gaming-other
like,DOMINOID  Gameplay  No Commentary,gaming-other
like,Exploiting the game to make myself smarter,gaming-other
like,Fall asleep while I play Stardew Valley,gaming-other
like,First Time Android Experience,other
like,From Chaos to Crops What Stardew Valley Taught Me About Time  OneGenericEric,gaming-other
like,Giulliana Merello Hears The Police For The First Time,other
like,Gloomhaven 2nd Edition Playthrough with Isaac Childres,gaming-other
like,Guess What Cartoon Character Julia is Describing I Dare You,other
like,HalfLife 2 20th Anniversary Documentary,gaming-other
like,Hidden Gem by Shinen  Fast Fusion Developer  The Punchuin  Nintendo Switch  gogamego,gaming-other
like,How To Make Indie Games In 2025 w Jonathan Blow  Full Time Game Dev Podcast Ep 024,gaming-other
like,I Fought Against a Team of Pro Tetris Players,gaming-puzzle
like,I Programmed an Extremely Efficient ICE CREAM FACTORY  20th Century Food Court,gaming-other
like,I am become baba destroyer of worlds  Baba is you,gaming-puzzle
like,I played every single Pikmin game,gaming-other
like,Intense Tetris Battle Royale Tetrio,gaming-puzzle
like,Is This The Greatest Card Game Of All Time  Board AF Flip 7,gaming-other
like,Its Time to Jailbreak Your Kindle,other
like,Kirbys Return to Dream Land Deluxe  Full Game 100 Walkthrough,gaming-other
like,Lets Play Opus Magnum  PC Gameplay Part 2  Comprehension,gaming-puzzle
like,Lets Play WHITEHALL MYSTERY  Board Game Club,gaming-other
like,Lets 100 Speedrun New Super Mario Bros Wii,gaming-other
like,Major Payne,other
like,New Monster Collector Where You Play As The Monster  Voidling Bound Demo,gaming-other
like,Nintendo Switch 2 UI sounds,gaming-other
like,Promise Mascot Agency  Fully Ramblomatic,other
like,Roasting Corporate Pride Month Collections What happened Target,other
like,Rune Factory Guardians of Azuma Gameplay  Nintendo Switch  Save the gods,gaming-other
like,Skara Brea  Solo Playthrough,gaming-other
like,Stardew Valley  366 The Bottom of the Dangerous Mine,gaming-other
like,State of Play  June 4 2025 English,gaming-other
like,Steph Curry  Chris Paul Duel In Christmas Classic  NBA Classic Game,other
like,Summer Day 17 Year 2  Modded Daily Stardew Valley Lets Play  Day 157,gaming-other
like,The Book of Life,other
like,The History of Wii Sports World Records,gaming-other
like,The Hitchhikers Guide to the Galaxy,other
like,The Horrifying World of PS1 Games for Babies  Caddicarus,gaming-other
like,The Mockery Unbelievable,other
like,The NEW No Time To Relax  Walk of Life Demo Gameplay,gaming-other
like,The Prehistoric Planet Pack a summary of the new features,gaming-other
like,The Ridiculous World of PS1 Cheats  Caddicarus,gaming-other
like,The Strangest Extinct Creatures Ever Found,other
like,The TRAGIC Story of Mega Man Legends,gaming-other
like,They Know Theyre Getting Fired,other
like,What If It Rains Bananas For A Single Day Spoiler Its Bad,other
like,pixars LUCA is incredibly underrated,other
like,its a gloomy afternoonlets play stardew valley   1hr cozy asmr gaming vlog,gaming-other
like,The Entertaining Rank Push Stumbles Ever   Live Now MEOW,gaming-other
like,naneinf explained ALL methods,other
like,1 Hour of Portable Games to Fall Asleep To,gaming-other
like,10 JRPGs With Adult Protagonists and Mature Stories  Backlog Battle,gaming-other
like,10 NEW PC Graphics To Push Your PC TO THE LIMIT,gaming-other
like,12 Things I Wish I Knew When I Started Fantasy Life i The Girl Who Steals Time,gaming-other
like,2 Hours of Super Nintendo Facts to Fall Asleep to SNES,gaming-other
like,5 Flash Games with full Steam sequels  Back in a Flash 1,gaming-other
like,50 Archaeological Mysteries Science Cant Explain,other
like,7 Crimes You Can Commit in Mario Kart World,gaming-other
like,7 Humiliating Fighting Game Finishers Too Embarrassing to Survive,gaming-other
like,70s Singalong Classic Has Been ERASED From RADIO for Being Culturally INSENSITIVEProfessor of Rock,other
like,A Bad Moon Rises  NRB Play Blood On The Clocktower,gaming-other
like,A Fishing Life  Stardew Valley  Indie Game Weekend  Trilightning,gaming-other
like,A Fresh Start In Terraria,gaming-other
like,A Huge Storm Engine Is About To Ignite,other
like,A Stud In Scarlet  NRB Play Blood On The Clocktower,gaming-other
like,A World Without Fruit,other
like,ASMR Good Good Good  Ear To Ear  Mouth Sounds,other
like,ASMR Spooky Seance,other
like,ASMR  Necromancer Inspects You SoftSpoken Personal Attention Roleplay,other
like,Air Traffic Control Last Week Tonight with John Oliver HBO,other
like,Alex Warren  Ordinary 2025 American Music Awards,other
like,An Autopsy of House MD,other
like,An amazing thing about 276  Numberphile,other
like,Animation doesnt HAVE to be hard,other
like,Arcs is 2024s Best New Board Game,gaming-other
like,Avantris Plays REPO  Spooky Hilarity with FirstTime Players,gaming-other
like,Avatar Frontiers of Pandora  Fully Ramblomatic,gaming-other
like,BIRTH MONTH ATHON  Adventure of the Oblivious Medic,gaming-other
like,Baba Is You by Punchy in 2239  Summer Games Done Quick 2020 Online,gaming-puzzle
like,Back To Rivals Ranked,gaming-other
like,Balatro but with Pokémon Cards,gaming-other
like,Benson Boone  Momma Song Official Music Video,other
like,Biped  WADDLE OUR ROBO FEET 2Player Coop Gameplay,gaming-other
like,Biryani from 16th Century India,other
like,Bisnap Streams Isaac Repentance  Part 1120,gaming-other
like,Black Holes Son  Ultimate Chicken Horse,gaming-other
like,Blazing Saddles 1974 20 Weird Facts You Didnt Know,other
like,Boring History For Sleep  What Medieval JUNK FOOD Was Like and more,other
like,Boring History For Sleep  Why You Wouldnt Last a Day in Medieval Times and more,other
like,Breaking All The Rules  Baba Is You  Episode 1,gaming-puzzle
like,Bringing 6 Pigs and 24 Chickens to an OffGrid Island,other
like,But what is quantum computing Grovers Algorithm,other
like,Can We Taste The Fake Egg,other
like,Can Zelda NPCs Actually Reach Their Destinations,gaming-other
like,Can we Improve Tutorials for Complex Games,gaming-other
like,Carto  100 AchievementTrophy Guide  Full Walkthrough FREE with Xbox Gamepass,gaming-puzzle
like,Casual Player Accidentally Makes a HUGE Discovery That Speedrunners Missed,gaming-other
like,Casually Explained Engineering,other
like,Cattle Country  REVIEW Nintendo Switch,gaming-other
like,Couple Therapy Eleanor and Chidi from THE GOOD PLACE,other
like,Craft Your Own Cards in This Super Cute Roguelike Deckbuilder  My Card is Better Than Your Card,gaming-other
like,Crash Bandicoot  Complete 100 Walkthrough  All Gems All Boxes All Bonus Stages,gaming-other
like,Cryptmaster  Fully Ramblomatic,gaming-other
like,Cuphead Developers React to 23 Minute Speedrun,gaming-other
like,Dark Academia QI Morbid and Dark but Interesting Facts,other
like,Decoding the Secret Language of Stray,other
like,Desperloch  Age of Umbra  Episode 1,gaming-other
like,Disney Just Admitted The Truth,other
like,Disneys Pair of Kings A Criminal Empire,other
like,Do Not Enter The Game Industry  final V3,gaming-other
like,Do You Feel Isolated Rush Limelight Vocal ANALYSIS,other
like,Dominos App feat Hatsune Miku The ad that vanished from YouTube,other
like,Doom 64  What Happened,gaming-other
like,Dr Seuss The Lorax,other
like,Drawing Classic Drawfee Characters That Weve Never Drawn Before,other
like,Drive Thru Guy Cant Be Fooled,other
like,Duolingo for Talking to Children  SNL,other
like,EPIC is the Most Exciting Musical in Years,other
like,EVERY New  Removed Character from Mario Kart World,gaming-other
like,Entomologist Answers Insect Questions  Tech Support  WIRED,other
like,Eternal Strands  Fully Ramblomatic,gaming-other
like,Every Acting Oscar Winner of the 2020s Ranked,other
like,Every Fully Ramblomatic 2023  2024,gaming-other
like,Every Unsolved Geometry Problem that Sounds Easy,gaming-puzzle
like,Everybody Loves Puppets  NRB Play Blood On The Clocktower,gaming-other
like,Everything we know about Haunted Chocolatier  Cozy Corner,gaming-other
like,Fallout Mr House Phonk Edit Death Is No More  𝐀𝐒𝐏𝐈𝐑𝐀𝐓𝐈𝐎𝐍𝐀𝐋 𝐏𝐇𝐎𝐍𝐊,gaming-other
like,Fallout Mr House Phonk Tribute AUDIO ONLY,gaming-other
like,Feud ERUPTS as Elon ATTACKS Republicans in surprise move,other
like,Filet Mignon Fondue Doesnt Go Well  Kitchen Nightmares FULL EPISODE,other
like,Final Fantasy VI Lofi  Beats from the Ashes of Magic,gaming-other
like,Finally A DD video creating magic items,gaming-other
like,First Time Playing This Game  Stardew Valley,gaming-other
like,First Update From Dianna Physics Girl,other
like,First Update From Dianna Physics Girl,other
like,First Update From Dianna Physics Girl,other
like,Food Theory Can Humans Survive on Pet Food,other
like,Fortress of Hope session 8 on Bugbears Basement,gaming-other
like,Gender Inclusive Bibles EXPLAINED,other
like,Germany vs Portugal UEFA Nations League Semifinals Highlights  FOX Soccer,other
like,Glohm Bowser Boss Fight  Mario  Luigi Brothership  Full Game Walkthrough Part 33,gaming-other
like,Going to Ginger Island  Stardew Valley No Commentary Relaxing Gameplay for study sleep etc,gaming-other
like,Gone in Sixty Seconds,other
like,Gordon Baffled By Thin Crust Pizza  Kitchen Nightmares FULL EPISODE,other
like,HalfLife but its CoOp  Sven CoOp Part 1,gaming-other
like,Halo Legendary Trilogy Speedruns  WR Attempts  Goal  Sub 340,gaming-other
like,Hollow Knight fanatic plays Ori for the first time  Ori and the Blind Forest 1,gaming-other
like,Hollow Knight speedruns are much harder than you think,gaming-other
like,Honest Trailers  A Minecraft Movie,gaming-other
like,Honest Trailers  Monty Python and the Holy Grail,other
like,How 1990s Magic Eye 3D Images Were Made,other
like,How Ocarina of Time Built 3D Zelda,gaming-other
like,How One Company Secretly Poisoned The Planet,other
like,How Reeses Peanut Butter Cups Are Made In Factory,other
like,How To Fail At Puzzle Games,gaming-puzzle
like,How Ukraines devastating surprise attack on Russia is a game changer for global military strategy,other
like,How We All Got Obsessed With A 6 Dripper,other
like,How to Play Scoundrel a SOLO DUNGEON CRAWL with a deck of cards,gaming-other
like,How to Survive the Current State of the World,other
like,I Built a DD City out of PAPER,gaming-other
like,I Can CHANGE Reality  Baba Is You,gaming-puzzle
like,I Coded Your Absurd Speedrun Ideas into Minecraft,gaming-other
like,I Didnt Realize How Big This Problem Was,other
like,I Got EVERY 3 Star In Cut The Rope,gaming-puzzle
like,I Platinumd the BEST PLATFORMERS on PlayStation,gaming-other
like,I Spent 5000000 So You Can Go To Space For FREE,other
like,I Spent 5000000 So You Can Go To Space For FREE,other
like,I Tested Illegal Operating Systems,other
like,I Tried Every Famous Cartoon Food,other
like,I Tried Every Oreo Flavor,other
like,I Tried Every Sandwich in Japan,other
like,I bought every Nintendo Handheld EVER,gaming-other
like,I built the house from UP in Minecraft,gaming-other
like,I made a big three headed wolf,gaming-other
like,I was almost in Squid Game,other
like,If I Laugh I Lose Money or You Double It and Give It To The Next,other
like,Inside Ukraines secret deep strike against Russian bombers  About That,other
like,Into the Dead Our Darkest Days  Future Games Show Trailer,gaming-other
like,Investors Want In Game Ads Valve Is Blocking Them,gaming-other
like,Is Microsoft About to Fix USB,other
like,Is Random Better Than Mashing One Button in Mario Party,gaming-other
like,Is There A Simple Solution To The Fermi Paradox,other
like,John Oliver Is Still Paranoid About His Immigration Status After Becoming an American Citizen,other
like,Jon Stewart on Elon Musks BlackEyed Exit  Trumps Insane New Biden Conspiracy  The Daily Show,other
like,Jump ship demo wrealCheesbugga,gaming-other
like,Kosmocean  The Endless Sea  Demo gameplay  Chill under water exploration aside from the deaths,gaming-other
like,Kurn Plays Blue Prince Ep 43 Two short days,gaming-other
like,Learning Crossword Week 56  NYT Crossword Wednesday June 4th 2025,other
like,Lego Games  Scott The Woz,gaming-other
like,Lemmings How DMA Design Redefined Puzzle Games,gaming-puzzle
like,Lets Play Bravely Default 2 Part 1 PC A Bravely Third Blind,gaming-other
like,Lets Play Drop Duchy  You play well Simple Mistakes,gaming-other
like,Lets Play MOONRAKERS  Board Game Club,gaming-other
like,Lets Play THE THING INFECTION AT OUTPOST 31  Board Game Club,gaming-other
like,Lets Play WESTERN LEGENDS  Board Game Club,gaming-other
like,Lets Play Word Play,gaming-puzzle
like,Lets Play Hades  Part 53  No Boon Run,gaming-other
like,Level 1 to 100 Philosophy Concepts to Fall Asleep To,other
like,Like a Dragon Infinite Wealth  Fully Ramblomatic,gaming-other
like,Lilo and Stitch But Disney Ruined It,other
like,MARIO MAKER Wii Obstacle Course Challenge Part 1 on HobbyKidsGaming,gaming-other
like,Making a Ton of Enemies for my Indie Game,gaming-other
like,Making fun of MORE Luxury Homes,other
like,Making the worlds most powerful Red Bull,other
like,Minecrafts FUNNIEST Animation MOVIE,gaming-other
like,Monument Valley Review,gaming-puzzle
like,More Reddit writing Pickup Lines one word at a time,other
like,Most Iconic Moments  Taskmaster,other
like,My Assistant became my Boss for the Day  AMD 5000 Ultimate Tech Upgrade,other
like,My Best Idea Yet  Will This Change Woodworking,other
like,My Perfect Value Everyday Tech,other
like,My Silliest Expansion To The ZOO  Stealing Tango  Hermitcraft 10 Episode 39,gaming-other
like,Neko made it to the elimination round The Dup CupVTuber,gaming-other
like,No Way Home iOS Gameplay Preview Part 1 by SMG Studio,gaming-other
like,No Way Home iOS Gameplay Preview Part 2 by SMG Studio,gaming-other
like,No one actually knows why AI works,other
like,OH LORD SHOW ME MERCY IN JUNE JUNE SPECIAL NEW MONTH PRAYERS  DAY 3  NSPPD  4TH JUNE 2025,other
like,ONE PIECE Season 2  Chopper First Look  Netflix,gaming-other
like,Old pinball machines are amazingly complex,other
like,One Hour of Nintendo Piracy Facts,gaming-other
like,Optimizing An Extremely Satisfying Robot Factory  Manufactoria 2022,gaming-puzzle
like,Opus Magnum Makes My Brain Melt Through my Ears,gaming-puzzle
like,Pico Park  WORK TOGETHER DANGIT 4Player Gameplay,gaming-puzzle
like,Pikmin Lets Play Livestream,gaming-other
like,Pokémon Scarlet  Violet Look GLORIOUS in 60fps on Switch 2,gaming-other
like,Pokémon Ultra Moon Hardcore Nuzlocke  Water Types Only No items no overleveling,gaming-other
like,Possibly The Greatest Puzzle Box Ever Created,gaming-puzzle
like,Price Hikes Could Cost Nintendo Big Time,gaming-other
like,Puerto Rican Ropa Vieja Dragged Me Out of the Kitchen,other
like,RULE IN THE MIDST OF YOUR ENEMIES HELP HAS COMENEW MONTH PRAYERS DAY 4  NSPPD  5TH JUNE 2025,other
like,Random Stuff In The Geek Cupboard,other
like,Rapha vs Strenx  wCommentary QuakeCon 2011  Grand Final  QuakeLive Duel  4k60fps,gaming-other
like,Rarity Retro Video Game Collecting in the Modern Era,gaming-other
like,Real Reason Americas New Iron Dome Terrifies The World,other
like,Revealing The Light,other
like,Reviewing a Bunch of RPG Maker Games,gaming-other
like,Rimworld  15  No DLCMods  Max Difficulty  Ep 7,gaming-other
like,Robin Hood Men In Tights,other
like,Robocop Rogue City  Fully Ramblomatic,gaming-other
like,Ruby Ibarra 2025 Tiny Desk Contest Winner Tiny Desk Concert,other
like,Russias WORST Day of the War,other
like,SIDEMEN REVERSE CATEGORIES,other
like,Secrets of the Gungeon  Explaining the Secret Hidden Unlockables of EtG,gaming-other
like,Shane Gillis  Steve Gerben get Catfished Gay Jokes with the Boys  Tires 2,other
like,Shovel Knight is a Timeless Masterpiece,gaming-other
like,SimCity 3000 25 Years Later An LGR Retrospective,gaming-other
like,Skull and Bones  Fully Ramblomatic,gaming-other
like,Solving a Harvard University Entrance Exam Question  Find x,other
like,Someday Youll Return  Part 3  Trust me You wont be scared when you click,gaming-other
like,Something Strange Happens When You Keep Squaring,other
like,Something Strange Happens When You Trust Quantum Mechanics,other
like,Sony State of Play June 2025 Livestream,gaming-other
like,Split Fiction  Fully Ramblomatic,gaming-other
like,Sports Betting Last Week Tonight with John Oliver HBO,other
like,Stardew Valley 16 E135  Going To The Movies By Ourselves,gaming-other
like,Stardew Valley Cozy Longplay No Commentary  Episode 49 Spring Week 1 Year 4,gaming-other
like,Stardew Valley newstart 7,gaming-other
like,Stardew Valley speedruns are not as relaxing as you think,gaming-other
like,Stardew Valley with Dank Hank,gaming-other
like,Stardew Valley  365 Fishing Mastery,gaming-other
like,Stellar Blade  Fully Ramblomatic,gaming-other
like,Sudoku Expert Plays The Witness,gaming-puzzle
like,Super Mario Kart Early Prototype Builds  LOST BITS TetraBitGaming,gaming-other
like,Super Mario Odyssey  Gameplay Walkthrough Part 1  Cap and Cascade Kingdom Nintendo Switch,gaming-other
like,Super Marios Invisible Difficulty Settings,gaming-other
like,Super Metroid INSANE Rando Metroid 1 Samus CHALLENGE IPWILD MapBEAM Doors Part 1,gaming-other
like,Super Sunday Stream Lets play Super Metroid,gaming-other
like,Surfs Up,other
like,Switch 2 HandsOn 7 Most Unexpected Things,other
like,Switch Up Shuffle Physical Fiesta Day 5 31525,other
like,Switch Up Shuffle Physical Fiesta Day 5 31525,other
like,TETRIS EFFECT CONNECTED  Forest Dawn,gaming-puzzle
like,THE BEST GYM PHONK 2024  BEST PHONK MUSIC PLAYLIST  GYM AGGRESSIVE DRIFT FUNK  Фонк 2024 037,other
like,TOMO PLAYS  The Legend of Zelda A Link To The Past  PART 6,gaming-other
like,Taking Minecraft Steves Power EVEN FURTHER BEYOND,gaming-other
like,Team Mark vs Team Duke I DreamCon Charity Basketball FULL GAME,other
like,Texts from 5YearOlds,other
like,The 10Year Hunt for the Lost McDonalds DS Game,gaming-other
like,The 100 Games That Taught Me Game Design,gaming-other
like,The 100 Games That Taught Me Game Design,gaming-other
like,The 3 Types of Detective Game,gaming-other
like,The 3 Types of Detective Game,gaming-other
like,The Bizarre Lore of Donkey Kong,gaming-other
like,The COMPLETE History of Shin Megami Tensei All 50 Games,gaming-other
like,The Cauldron Finale,other
like,The Complete LEGEND OF ZELDA Timeline Explained,gaming-other
like,The Evil Design of Auschwitz,other
like,The Fastest MazeSolving Competition On Earth,gaming-puzzle
like,The Final Tournament,gaming-other
like,The Finals,gaming-other
like,The First 12 Minutes of Game Changers Crowd Work Challenge Episode,gaming-other
like,The Gardens Between Switch Review  NEVER SEEN THIS BEFORE,gaming-puzzle
like,The Genius AI Behind The Sims,gaming-other
like,The Great Outdoors Baer Plays Blue Prince,gaming-other
like,The HARDEST Part in Every Zelda Game,gaming-other
like,The Hidden Shortcuts of Mario Kart Double Dash,gaming-other
like,The Horrifying World of PS1 Games for Babies  Caddicarus,gaming-other
like,The Inhuman World of Completing Crash Bash 200  Caddicarus,gaming-other
like,The Internet Used to Be a Place,other
like,The Map of Mathematics,other
like,The Most Implausible Tunneling Method,other
like,The Peanuts Movie,other
like,The Perfect Kirby Speedrun Explained COMMENTATED TAS,gaming-other
like,The Power of Incentives  How Games Help Us Examine Our World  Extra Credits,gaming-other
like,The Power of Incentives  How Games Help Us Examine Our World  Extra Credits,gaming-other
like,The Problem with 3D Pokémon,gaming-other
like,The REAL Reason Subway Is Failing,other
like,The Simplest Math Problem No One Can Solve  Collatz Conjecture,other
like,The Tiny Telo Truck Hopes to Pack a Big Truck Punch,other
like,The Two Types of Random in Game Design,gaming-other
like,The WORST Anime of All Time  10th Anniversary,other
like,The World Design of Hollow Knight  Boss Keys,gaming-other
like,The Worlds Hardest Golf Course Oakmont Country Club,other
like,The correcting feature of typewriters is not what I thought,other
like,The end of spring  Stardew Valley 3,gaming-other
like,The rules of this game change as you play it,gaming-puzzle
like,The trillion dollar paradox  George Zaidan,other
like,Theres no straight stacker  Insane Factory EP01  Shapez 2  Dimensions Update,gaming-puzzle
like,These Have Been Found All Across Ancient Rome Nobody Knows Why,other
like,They Tore Down a Highway and Made it a River and traffic got better,other
like,They Turned an IKEA Manual into a Roguelike,gaming-other
like,This Next Storm Looks Very Concerning,other
like,This Run Just Hit LEGEND Status,gaming-other
like,This game SHOULD BE ILLEGAL,gaming-other
like,Three sages down two to go  Tears of the Kingdom race continues against 100PercentZelda,gaming-other
like,Thrive The Evolution of a Game,gaming-other
like,Trinity Trigger Nintendo Switch Gameplay,gaming-other
like,Trouble With Violets  NRB Play Blood On The Clocktower,gaming-other
like,True Wireless Power is FINALLY here building a TRULY wirefree setup,other
like,Trumps Big Beautiful Bill Trashed by Elon Donnys New Portrait  Its the Golden Age of Stupid,other
like,Ukrainian drones strike airbases across Russia destroying dozens of warplanes BBC News,other
like,Uno But With ALL THE WEIRD DECKS  House Rules,gaming-other
like,Using Incredible Improvisation to Beat Quarry Puzzles,gaming-puzzle
like,Using SEGREGATION to beat high scores in Mini Motorways,gaming-other
like,VFX Artists DEBUNK Ai Slop,other
like,VFX Artists DEBUNK Ai Slop,other
like,VFX Artists React to Bad and Great CGi 178 Ft Adam Savage,other
like,Very Very Valet  Leave No Car Unattended 4Player Gameplay,gaming-other
like,WHATS THAT ABOUT A PIKMIN MOVIE,gaming-other
like,WWR  Got Upgrades gaming robot wwr gameplay,gaming-other
like,Watching the PlayStation State of Play Showcase w Nick and Marty,gaming-other
like,We React To The Smosh Hunger Games,other
like,We made all 78 Breath of the Wild recipes in one day  Unraveled,gaming-other
like,Weekend Update Colin Jost and Michael Che Swap Jokes for Season 50 Finale,other
like,What Game Theory Reveals About Life The Universe and Everything,other
like,What Makes A Great Double Boss Fight,gaming-other
like,What Zelda Content Creators Want From The Next Zelda Game ft 30 YouTubers,gaming-other
like,What if you used a flamethrower as a snowblower,other
like,What is a Pikmin,gaming-other
like,Whats wrong with American aviation,other
like,When Robin Williams Broke The Rest of The Cast,other
like,When Will the Switch 1 Servers Shut Down,gaming-other
like,Why Canada Will NEVER Be The 51st State,other
like,Why Is The US Dropping Billions Of Mutant Flies From The Sky,other
like,Why are Smokestacks So Tall,other
like,Why are classic Tetris pros slower than modern Tetris pros,gaming-puzzle
like,Working With Robin Williams,other
like,Yahtzee Tries To a T and Easy Delivery Co,other
like,You Cant Convince Me DK64 Isnt a Masterpiece,gaming-other
like,You Must Press Every Button,gaming-puzzle
like,Zelda II The Adventure of Link NES  Angry Video Game Nerd AVGN,gaming-other
like,Zeldas Lofi Kingdom,gaming-other
like,anna garcia is the most underrated dropout performer,other
like,creative vs inventive,other
like,cursed and unholy PC CDROM software,gaming-other
like,planes if they were 10000 times better,other
like,reddit that made me,other
like,the minecraft movie is utterly bizarre,gaming-other
like,the sage and the king,other
like,yes the red lines are parallel,other
like,PIKMIN 2GOING INTO ANOTHER HOLE FOR TREASUREPart 6,gaming-other
like,BREAKING Tornado Warning In Missouri  With Live Storm Chasers,other
like,First Time Playing Stardew Valley and I already want to marry Elliot,gaming-other
like,Live 247 National Weather Radar  Alerts Weather Intensity Score  YallBot,other
like,LIVE  Severe Weather Coverage With Storm Chasers On The Ground  Live Weather Channel,other
like,Trump administration arrests ANOTHER Democrat,other
like,Live  We May be Here for Some Time  Mekkablood Quarry Assault,gaming-other
like,The Hidden Shortcuts of Mario Kart Double Dash,gaming-other
like,What Happened,other
like,Tetris Effect Connected murdering a horse with a 80attack KIRBTRIS,gaming-puzzle
like,50 Tips  Secrets About Vampire Survivors I WIsh I Knew When I Started,gaming-other
like,Blades of Fire  Fully Ramblomatic,gaming-other
like,Game Theory The Hidden Truth of Aftons Experiments Finally REVEALED,gaming-other
like,How To Make Indie Games In 2025 w Jonathan Blow  Full Time Game Dev Podcast Ep 024,gaming-other
like,I Investigated Malware Disguised as Games 3,gaming-other
like,I Tried Every Sandwich in Japan,other
like,I bought every Nintendo Handheld EVER,gaming-other
like,Making the worlds most powerful Red Bull,other
like,Nightshift Board Game Playthrough,gaming-other
like,Sorry I stopped posting but I made another game,gaming-other
like,Tackling the Biggest Unsolved Problems in Math with 3Blue1Brown,other
like,16 YO UNDERDOG vs 7TIME CHAMP  Classic Tetris World Championship 2018 Final Round,gaming-puzzle
like,40 Complex Games With BRUTAL Learning Curves,gaming-other
like,Board Game Reviews Ep 215 TAK,gaming-other
like,Boring History For Sleep  What Medieval JUNK FOOD Was Like and more,other
like,Boring History For Sleep  What it was like to visit a Medieval TAVERN and more,other
like,Carto  100 AchievementTrophy Guide  Full Walkthrough FREE with Xbox Gamepass,gaming-puzzle
like,Drawing Classic Drawfee Characters That Weve Never Drawn Before,other
like,Firearms Expert Reacts to DOOM The Dark Ages Guns  EXP,gaming-other
like,From Chaos to Crops What Stardew Valley Taught Me About Time  OneGenericEric,gaming-other
like,Heat Pedal To The Metal  How To Play,gaming-other
like,Hollow Knight speedruns are much harder than you think,gaming-other
like,I Built a Nightmare Factory That Manufactures Perpetual Mayhem  shapez 2,gaming-other
like,I Fought Against a Team of Pro Tetris Players,gaming-puzzle
like,I ran a DD meatgrinder to become a tougher DM,gaming-other
like,Ive Spent 9 Years Working On My Board Game Was it worth it,other
like,Is this strategy OP or TROLL  AoE 2 ranking,gaming-other
like,Lets Play HORRIFIED  Board Game Club,gaming-other
like,Mario Kart 8s completely normal Time Trial leaderboards,gaming-other
like,Massive Game Where the ENTIRE HOUSE is a Puzzle  The Room 4,gaming-puzzle
like,New City Builder Synergy 10,gaming-other
like,NoSkip Super Expert Endless Level Design Philosophy,gaming-other
like,Ranking EVERY Peashooter EVER,gaming-other
like,Romancing The Stone,other
like,Terminator Genisys,other
like,The ACTUAL History of Bloons,gaming-other
like,The Beauty of Isometric Video Games,gaming-other
like,The Bizarre Lore of Rayman,gaming-other
like,The COMPLETE History of Shin Megami Tensei All 50 Games,gaming-other
like,The Entire History of RPGs,gaming-other
like,The HARDEST Ive LAUGHED  Party Animals,gaming-other
like,The Item NO ONE Found Until Now,gaming-other
like,The Problem with 3D Pokémon,gaming-other
like,The Simplest Illusion We Cant Explain,other
like,Theres no straight stacker  Insane Factory EP01  Shapez 2  Dimensions Update,gaming-puzzle
like,What Makes Celestes Assist Mode Special,gaming-puzzle
like,Puyo Puyo Tetris intense swap battle vs livedesu 04032018 PC,gaming-puzzle
like,40000 gone Why Im not being paid for my book,other
like,124 Every Time I Fail the System Rewards Me With 100x WealthNow I Cant Lose,other
like,1 Deep Sea Gargantuar Level 40 VS 36 Plants Use Unlimited Power Up  Who Will Win  Pvz2,gaming-other
like,10 Pro TIPS For Easy PROGRESS  MONSTER TRAIN 2 Beginners Guide,gaming-other
like,10 Scrapped Cool Things in Super Mario games Part 3,gaming-other
like,10 Times Video Games KNEW What You Were Trying To Do,gaming-other
like,10 Ways Link can make it up to that Divine Beast on his own,gaming-other
like,5 Flash Games with full Steam sequels  Back in a Flash 1,gaming-other
like,5 Games of the Decade That We Will Save from the Coming Apocalypse,gaming-other
like,5000 Unlocked,gaming-other
like,60 Seconds REATOMIZED,gaming-other
like,60 Seconds REATOMIZED,gaming-other
like,7 Biggest Red Flags for Game Reveals That Guarantee Its Going to Suck,gaming-other
like,7 Ruthless Decluttering Tricks Seniors Use to Clear Entire Homes in 48 Hours,other
like,9 DEVS Make a GAME without COMMUNICATING Where did it go Wrong,gaming-other
like,A Bad Moon Rises  NRB Play Blood On The Clocktower,gaming-other
like,A Brief History of Graphics,gaming-other
like,A Consolidation Move  Empyrion RE2 17 Gameplay  Playthrough,gaming-other
like,A Studio Update  Cancelled Game  New Projects,gaming-other
like,A Summarization of My Thoughts On Monopoly Cheaters Edition VOLUME WARNING  I Mess With Games,gaming-other
like,A viewer had the most ingenious idea for a Summoner build  Hades 2 Warsong Update,gaming-other
like,AI Teachers and Duolingos New Plan  What Could Go Wrong,other
like,AI Decides on Absurd Trolley Problems,other
like,AI Learns to Play Soccer and breaks physics,gaming-other
like,Air Traffic Control Last Week Tonight with John Oliver HBO,other
like,Americas Forgotten Natural Wonder The Great Raft,other
like,Americans Samurai  The 442nd Infantry  Most Decorated Unit of WW2,other
like,An Engineer Ranks All The ZACHTRONICS Game,gaming-other
like,Analyzing the Lizard  The Complete Guide to Rain Worlds Lizards,gaming-other
like,Animal medium Well ALL EGGS Maybe Deaths Door later,gaming-other
like,Attempting to Explain All of Kirby Lore in a Single Video,gaming-other
like,Aurbis The Heart of All Realities in Elder Scrolls,gaming-other
like,BGGs Top Board Games Are They Overrated  Part 4,gaming-other
like,Baking brownies from the inside out,other
like,Basic Fun WrestleFest Cab REVEALED Is it doomed to fail,gaming-other
like,Beating Miitopia Exactly How Game Journalists Intended,gaming-other
like,Black Holes Son  Ultimate Chicken Horse,gaming-other
like,Blend in or DIE,gaming-other
like,Blue Prince Part 41  The Swim Trunks and Sanctum,gaming-other
like,Boring History For Sleep  WEIRD Sleep Habits of Medieval People and more,other
like,Boring History For Sleep  Why it Sucked to Be a Medieval Assassin and more,other
like,Botanist Explains All GrassType Pokemon,gaming-other
like,Buff So Hard Everything Explodes  Monster Train 2,gaming-other
like,Can A MAX Level CabbagePult Solo ALL of PvZ2,gaming-other
like,Can I Remake Super Mario World in Godot Part 1,gaming-other
like,Can I win against the STRONGEST Faction  AoE 2 Ranking,gaming-other
like,Can You Beat Paper Mario The ThousandYear Door Without Using Money,gaming-other
like,Can a Professional Engineer beat the IMPOSSIBLE quiz,gaming-puzzle
like,Can you beat Deathworld with NO WEAPONS,gaming-other
like,Can you beat Mario faster than an EDITED Video,gaming-other
like,Casual Player Accidentally Makes a HUGE Discovery That Speedrunners Missed,gaming-other
like,Casually Explained Engineering,other
like,Cheating Expert Answers Casino Cheating Questions  Tech Support  WIRED,other
like,Chopping all the Trees in Stardew Valley,gaming-other
like,Cicada 3301 An Internet Mystery,other
like,Civ 7 Switch 2 Release Date and Features Revealed in New Trailer  Will it be worth it,gaming-other
like,Clair Obscur Expedition 33  Before You Buy,gaming-other
like,Closed captions on DVDs are getting left behind,other
like,ConcernedApe Talks Stardew Valley 2 w Bobby Lee,gaming-other
like,Create a Soccer Game in Godot 0224 Basic Movement,gaming-other
like,Crypto Explained with Bananas,other
like,Diablo 2 But Im Putting ALL My Stats Into Strength,gaming-other
like,Do NOT Play Google Translated Mario Kart,gaming-other
like,E X P A N D I N G to THE STARS in Factorio,gaming-other
like,EVERY SINGLE Vault Experiment In Fallout Explained,gaming-other
like,EVERYTHING To Know About DBDs FNAF Chapter,gaming-other
like,EX3 Ceraphina 2T feat Lightening Team  Octopath Traveler Cotc,gaming-other
like,EX3 Ceraphina 2T feat Lightening Team  Octopath Traveler Cotc,gaming-other
like,EX3 Judah the Believer 3T feat Bow Team  Octopath Traveler Cotc,gaming-other
like,Emulators Vs DecompsRecomps,gaming-other
like,Every Minecraft Mob Secrets in One Video,gaming-other
like,Every Softlock in Portal,gaming-puzzle
like,Everyone Hates Nvidia,other
like,Exploring The Overlooked Final Doom on PS1,gaming-other
like,Fields of Mistria  Lets Play Ep 41,gaming-other
like,Fields of Mistria  Lets Play Ep 42,gaming-other
like,Film Theory WTF is Smilehood,other
like,Final Fantasy VII Has Some Weird Secrets,gaming-other
like,Finally no more wheels but theres a catch   Timberborn S2 Ep 10,gaming-other
like,Finals  2016 Classic Tetris World Championship,gaming-puzzle
like,First Update From Dianna Physics Girl,other
like,Food in the Trenches of World War One,other
like,Gameplay  Opus Magnum Part 1  The Basics of Alchemy,gaming-puzzle
like,Google Search Drops Below 90 For First TimeWhat Happened,other
like,Google Search Drops Below 90 For First TimeWhat Happened,other
like,Great Puzzle Game Alternatives to Tetris,gaming-puzzle
like,Hades Developers React to 25 Minute Fresh File Speedrun,gaming-other
like,Hbomberguy but the questions get worse,other
like,Hedgesville High School Nest Live Stream,other
like,How 1990s Magic Eye 3D Images Were Made,other
like,How Balatro Was Made and Why The Creator Expected to Sell Only 6 Copies,gaming-other
like,How Cuphead Was Made and Struggled Finding The Right Protagonist,gaming-other
like,How Fast Can You Softlock Every 3D Zelda Game,gaming-other
like,How I Beat Plants Vs Zombies Blindfolded,gaming-other
like,How Speedrunners Beat Donkey Kong Country in Under 8 Minutes,gaming-other
like,How To Fail At Puzzle Games,gaming-puzzle
like,How a CPU Broke Mario Kart 7,gaming-other
like,How to play Monopoly Go to Jail Expansion,gaming-other
like,I Accidentally Found a PHENOMENAL TROLL Level,gaming-other
like,I Can CHANGE Reality  Baba Is You,gaming-puzzle
like,I Chopped The Last Tree And Now Im Free  Lumberjacked,gaming-other
like,I Finished My First Game,gaming-other
like,I Finished My First Game,gaming-other
like,I Fully Completed EVERY HalfLife  Portal Game,gaming-other
like,I Got ONE MILLION on EVERY Minigame in Cauldron,gaming-other
like,I Made A Difficult Game About Climbing,gaming-other
like,I Played 100 of Stacklands,gaming-puzzle
like,I Spent 365 Days Remaking Super Mario World In 3D,gaming-other
like,I caught bugs and made them FIGHT,gaming-other
like,I competed in the biggest puzzle contest in America And my new strategy worked,gaming-puzzle
like,I created a NEW Legacy Challenge for The Sims 4,gaming-other
like,I played every single Pikmin game,gaming-other
like,I programmed some creatures They Evolved,gaming-other
like,I stream on Kick now,other
like,I went AFK and Speedran This Game  Peglin Is A Perfectly Balanced Game With No Exploits,gaming-other
like,IM BACK Find The 10 Hidden Treasures  LEGO Clue Puzzle,gaming-puzzle
like,Ive Spent 9 Years Working On My Board Game Was it worth it,gaming-other
like,Idiot Suffers In Trial Of The Sage Leaf,gaming-other
like,Interval 5 Assist Mode Luminous Azure Sword of Convallaria,gaming-other
like,Investors Want In Game Ads Valve Is Blocking Them,gaming-other
like,Is Grindstone worth playing more,gaming-other
like,Is It Possible To Make Guitar Hero Using Only A Guitar,gaming-other
like,Is There A Simple Solution To The Fermi Paradox,other
like,Is the Nintendo Switch 2 BETTER or WORSE than a PS5,gaming-other
like,Jon Stewart on Elon Musks BlackEyed Exit  Trumps Insane New Biden Conspiracy  The Daily Show,other
like,Just Shapes  Beats  MUSICAL BULLET HELL 4 Player Gameplay,gaming-other
like,LAST VANGUARD v10 Gameplay Walkthrough FULL GAME No Commentary  ENDING,gaming-other
like,Legend of Zelda GOLD QUEST Part 6 Unfolding Like a Randomizer,gaming-other
like,Lets Play  Part 1,gaming-other
like,Lets Play  Part 1,gaming-other
like,Lets Play Blue Prince 35  School is in session,gaming-other
like,Lets Play Drop Duchy  You play well Simple Mistakes,gaming-other
like,Lets Play Syberia The World Before Part7 Burned Bridges,gaming-other
like,Lets make a character for Critical Roles new game,gaming-other
like,Link And Zelda  Panoply Of Catalia PanoplyOfCatalia Zelda Link,gaming-other
like,METAPHOR REFANTAZIO Amazing Game Arrived on GAME PASS Testing on XBOX SERIES S,gaming-other
like,MONGOLS pushing with PERSIANS BYZANTINES and BURMESE,gaming-other
like,Magic Systems Should Be Weirder,other
like,Making a Roguelike Where Everything Has Gravity,gaming-other
like,MaliciousCompliance  Follow The Time Exactly If You Insist,other
like,Mars Power Industries Deluxe Review  Puzzle  Mystery  Addictive,gaming-puzzle
like,Mindblowing graphical tricks in classic games  Your questions answered  White_Pointer Gaming,gaming-other
like,Monster Train 2 Covenant Climb  Livestream,gaming-other
like,Monster Train 2 Session 8,gaming-other
like,Monster Train 2 with GSP,gaming-other
like,Mustplay Pico8 Games,gaming-other
like,New Chapter Approved Tau vs vs Sisters of Battle Warhammer 40k in 40m Battle,gaming-other
like,New maths discoveries All announced at once,other
like,Nintendo is opening Pandoras box to destroy Palworld,gaming-other
like,Oblivion Remastered is A PERFECTLY BALANCED GAME WITH NO EXPLOITS  Making A New God,gaming-other
like,Old McPenge Had A Farm  Leaf Town TurnBased Farm Management Game,gaming-other
like,Old Skies  Fully Ramblomatic,other
like,Old pinball machines are amazingly complex,other
like,Opus Magnum is One of the Best Puzzle Games and Ive Never Played It,gaming-puzzle
like,Out of This World The Weirdest Sitcom 80s Kids Cant Forget,other
like,Over an hour of Star Destroyer lore,other
like,Overcooked TESTED Our Friendship,gaming-other
like,PUT THE POOP DOWN  Cult of the Lamb  BossuVersus Live,gaming-other
like,Panic Has A New Face  NRB Play Blood On The Clocktower,gaming-other
like,Pixel Art Class  Top Down Style Analysis  Tutorial,gaming-other
like,PlateUp Coop with Friends Episode 202 Cafe Loco  Lets Play,gaming-other
like,Pocket Journey Adventure Gear Force Slide N Drop Open Pages Ball and Sort  New Games Daily,gaming-other
like,Price Hikes Could Cost Nintendo Big Time,gaming-other
like,PuzzleSolving  Factory Building Fun,gaming-puzzle
like,Ranking EVERY Ironclad Card in Slay the Spire Tier List,gaming-other
like,Real Reason Americas New Iron Dome Terrifies The World,other
like,Reality Evolution Consciousness  Donald Hoffman Λ Philip Goff,other
like,Reviewing a Bunch of RPG Maker Games,gaming-other
like,Revisiting Wordle Games,gaming-puzzle
like,Roasting Corporate Pride Month Collections What happened Target,other
like,Run Over or Double it and Give it to the Next Person,other
like,Rune Factory Guardians of Azuma Gameplay  Nintendo Switch  Save the gods,gaming-other
like,Rune Factory Guardians of Azuma Gameplay  Nintendo Switch  Save the gods,gaming-other
like,SIDEMEN REVERSE CATEGORIES,other
like,SimCity 3000 25 Years Later An LGR Retrospective,gaming-other
like,Six Days Seven Nights,other
like,Skara Brea  Solo Playthrough,gaming-puzzle
like,Snipperclips  Gameplay Walkthrough Part 1  Noisy Notebook Cut It Out Together Nintendo Switch,gaming-puzzle
like,Snow White  How to Make a Movie That Everyone Hates  Anatomy of a Failure,other
like,Someone Made Deckbuilder FTL And Its Kinda Awesome  Star Scum,gaming-other
like,Sorry I stopped posting but I made another game,gaming-other
like,Speedrunning Conspiracy Theories w drewisgooden,other
like,Stardew Valley  366 The Bottom of the Dangerous Mine,gaming-other
like,State of Play  June 4 2025 English,gaming-other
like,Steam Is Drowning In Slop Now Valve Is Fighting Back,gaming-other
like,Suikoden HD Remaster Playthrough Part 101 Recruiting Jabba  The Nameless Urn Obtained,gaming-other
like,Super Metroid INSANE Rando Metroid 1 Samus CHALLENGE IPWILD MapBEAM Doors Part 1,gaming-other
like,Superheroes Office Drama and Total Chaos  Dispatch Demo First Look verticallive,gaming-other
like,THE BEST PLAY IVE EVER SEEN,gaming-other
like,THE ENDLESS TUNNEL  Blue Prince,gaming-other
like,TOO SMART FOR MY OWN GOOD  Blue Prince,gaming-other
like,Taskmaster Season 19 Episode 5  Maybe were the monsters  Full Episode,other
like,Testing Extremely Rare Mario Myths,gaming-other
like,The 100 Games That Taught Me Game Design,gaming-other
like,The 100 Year Old Mystery of the Empty Hexagon Problem,gaming-puzzle
like,The Absurd History of Bad Video Games,gaming-other
like,The Awful World of Skateboarding Games  Caddicarus,gaming-other
like,The BEST Nintendo Handheld Facts on YouTube GB GBA DS 3DS  more,gaming-other
like,The Biggest Misconception in Football,other
like,The Bizarre Lore of Plants Vs Zombies,gaming-other
like,The Bizarre World of Fake Video Games,gaming-other
like,The Current State of Diablo 2,gaming-other
like,The Dumbest Things EV Owners Do,other
like,The Dumbest War Mistakes Ever Made,other
like,The Elder Scrolls IV Oblivion Remastered Ep 15  Unintentional ASMR Soft spoken stream VOD,gaming-other
like,The Expensive World of the PS5 Launch  Caddicarus,gaming-other
like,The Game NO ONE Can Beat  Kid Icarus NES,gaming-other
like,The Gardens Between Switch Review  NEVER SEEN THIS BEFORE,gaming-puzzle
like,The Hidden Shortcuts of Mario Kart Double Dash,gaming-other
like,The Horrible World of Kinect Games  Caddicarus,gaming-other
like,The Horrifying World of PS1 Games for Babies  Caddicarus,gaming-other
like,The LEGENDARY double cloverleaf is OVERPOWERED in Freeways,gaming-other
like,The Legend of Zelda Breath of the Wild  Gameplay Part 1  Link Awakens Nintendo Switch,gaming-other
like,The MIX Summer Game Showcase 2025,gaming-other
like,The Miserable World of Completing Crash Bandicoot 4  Caddicarus,gaming-other
like,The Music Of Final Fantasy X w FinalFantasyUnion,gaming-other
like,The Nintendo character with zero Google results,gaming-other
like,The Protagonist of Ultimate Chicken Horse,gaming-other
like,The Quest to Beat Matt Turk,gaming-other
like,The Rarest of Games  Scott The Woz,gaming-other
like,The Saga of the Body Buried in the Backyard,other
like,The Starving Games,other
like,The Sudoku With Only 10 Words Of Rules,gaming-puzzle
like,The TRAGEDY of Nickelodeons Glitch Techs,gaming-other
like,The Ugly World of the PS2 EyeToy  Caddicarus,gaming-other
like,The Ultimate Guide To Absolutely Everything In The Universe,other
like,The Worst Guide To Oxygen Not Included,gaming-other
like,The book with a multiplayer firstperson shooter inside,gaming-other
like,The console test prep Ixion first time Dune  Mario Kart tomorrow,gaming-other
like,The correcting feature of typewriters is not what I thought,other
like,The incredible Metroid remakefor Super Nintendo HOW,gaming-other
like,The origin of Marios iconic jump sound,gaming-other
like,The rules of this game change as you play it,gaming-puzzle
like,The search for LIFE but NOT as we know it,other
like,The secret economics of Escape Rooms,other
like,These Brands Made Their Own Flash Games,gaming-other
like,These Have Been Found All Across Ancient Rome Nobody Knows Why,other
like,These puzzles make engineers look stupid Baba Is You,gaming-puzzle
like,They Turned an IKEA Manual into a Roguelike,gaming-other
like,This Fantastic Woodpunk Automation Sim Is Finally Out In 10  Oddsparks An Automation Adventure,gaming-other
like,This Puzzle Game Took EIGHT YEARS To Make  Taiji,gaming-puzzle
like,This Run Just Hit LEGEND Status,gaming-other
like,This Word Explains Everything About US Schools,other
like,This Worms Video is Finger Lickin Good,gaming-other
like,This mystery game is a 2025 Game of the Year contender Blue Prince  Part 1,gaming-other
like,Training AI to Play Pokemon with Reinforcement Learning,gaming-other
like,Trapped in the past  Fantasy Life i 1,gaming-other
like,True Wireless Power is FINALLY here building a TRULY wirefree setup,other
like,UnderMine 2 Is Finally Here Almost,gaming-other
like,Unicorn Overlord Switch gameplay,gaming-other
like,Using AI to DOMINATE NERDS in TETRIS,gaming-puzzle
like,Using EFFICIENT ENGINEERING to beat high scores in Mini Motorways,gaming-puzzle
like,VFX Artists React to Bad and Great CGi 178 Ft Adam Savage,other
like,Video Game Optimization Used To Be Borderline Black Magic,gaming-other
like,Vintage Story Ep 715 More Gathering in the Old Neighborhoods,gaming-other
like,WMass Class D Championship Hopkins vs Pioneer  May 28 2025,other
like,Waffling anything EDIBLE Crayons are edible,other
like,Want to Test Your MARIO SKILLS Try This Level,gaming-other
like,Was ZARC About To Defeat EVERYONE A Most Brutal Duel,gaming-other
like,We Lied Again  Bit City,gaming-other
like,We need to talk about DDs new class,gaming-other
like,Weird News You Missed While Living Your Life,other
like,What All of the Original 151 Pokémon are Each Based On,gaming-other
like,What DeleteMe and Incogni arent telling you,other
like,What Makes These Animations Good,other
like,What Makes a Game Timeless,gaming-other
like,What Remains of Edith Finch Review,gaming-other
like,What Went Wrong  Chivalry Medieval Warfare Mordhau Mirage and More,gaming-other
like,What Zelda Content Creators Want From The Next Zelda Game ft 30 YouTubers,gaming-other
like,What if SpongeBob Never Met Squidward,other
like,What if Squidward Never Met SpongeBob,other
like,What if you used a flamethrower as a snowblower,other
like,Whatever You Do Dont Let Enemies Touch  Trial  Drop Duchy Road2100 27,gaming-other
like,When Will the Switch 1 Servers Shut Down,gaming-other
like,Who was the first video game boss And why do we call them that,gaming-other
like,Why Disney Infinity Died,gaming-other
like,Why Does Celeste Feel So Good to Play,gaming-other
like,Why I Became a Crypto Shill,other
like,Why Is The US Dropping Billions Of Mutant Flies From The Sky,other
like,Why Its SO Hard to Find a Game You ACTUALLY Like,gaming-other
like,Why Lego Is So Expensive  So Expensive  Business Insider,other
like,Why Video Game Prices Dont Make Sense Anymore,gaming-other
like,Working border patrol at a zombie quarantine zone,gaming-other
like,XCOM 2  Part 1  First Class of XCOM 2  Lets Play  XCOM 2 Gameplay Legend Ironman,gaming-other
like,Year One Anniversary Stream  Tales from the Stinky Dragon Celebration Event,gaming-other
like,You Must Press Every Button,gaming-puzzle
like,Youll Never Quit Slay the Spire Heres Why,gaming-other
like,Young Thug  Mariah The Scientist Take a Couples Quiz,other
like,how to make Video Games REALLY REALLY fast,gaming-other
like,we are backlots to talk about,other
like,yes the red lines are parallel,other
notInt,planes if they were 10000 times better,other
notInt,Highly offensive Jonathan Blow clips to boost your productivity,gaming-other
notInt,Sudoku Expert Plays The Witness,gaming-puzzle
notInt,Saving Athena,gaming-other
notInt,Bonus Video A Very Okay Steward Run That Did Not Win  Monster Train 2,gaming-other
notInt,The Coffee Roguelike You Never Knew You Needed,gaming-other
notInt,But what is quantum computing Grovers Algorithm,other
notInt,Nathan Draws a Monster and Karina Makes it HOT,other
notInt,Techniques for dealing with lack of motivation malaise depression,other
notInt,Eighteen thousand hours A conversation with Jonathan Blow,other
notInt,Guess What Cartoon Character Julia is Describing I Dare You,other
notInt,How 3D video games do graphics,gaming-other
notInt,Someone Made Deckbuilder FTL And Its Kinda Awesome  Star Scum,gaming-other
notInt,Games are interesting A conversation with Jonathan Blow,gaming-other
notInt,Making the worlds most powerful Red Bull,other
notInt,Rediscovering the Mystery of Video Games,gaming-other
notInt,Taskmaster Season 19 Episode 5  Maybe were the monsters  Full Episode,other
notInt,7 Crimes You Can Commit in Mario Kart World,gaming-other
notInt,Games like Hollow Knight,gaming-other
notInt,AI Teachers and Duolingos New Plan  What Could Go Wrong,other
notInt,Hades Developers React to 25 Minute Fresh File Speedrun,gaming-other
notInt,Closed captions on DVDs are getting left behind,other
notInt,I Found A Secret Level In GRINDSTONE,gaming-puzzle
notInt,Jonathan Blow on Deep Work The Shape of a Problem Doesnt Start Anywhere,gaming-other
notInt,Air Traffic Control Last Week Tonight with John Oliver HBO,other
notInt,How to Play Regicide A CHALLENGING Dungeon Crawl Card Game,gaming-other
notInt,I was almost in Squid Game,other
notInt,Baking brownies from the inside out,other
notInt,Dominos App feat Hatsune Miku The ad that vanished from YouTube,other
notInt,How Hollow Knight Was Made and First Appeared on Newgrounds,gaming-other
notInt,How Jonathan Blow Designs a Puzzle,gaming-puzzle
notInt,Nebulock Demo Footage,gaming-other
notInt,Super Marios Invisible Difficulty Settings,gaming-other
notInt,Puyo Puyo Tetris 2 how to get murdered in under 30 seconds,gaming-puzzle
notInt,SPOILER  Once Upon A Witchlight Animated in Chronological Order  Legend Of Avantris Compilation,other
notInt,Heat Pedal To The Metal  How To Play,other
notInt,How One Programmer Created Gamings Most Complex Ecosystem,gaming-other
notInt,New Mosa Lina Update Means Me Forcing Retromation to Play with Me,gaming-other
notInt,The Bizarre Lore of Crash Bandicoot,gaming-other
notInt,The Bizarre Lore of Merge Mansion,gaming-puzzle
notInt,What Makes A Great Double Boss Fight,gaming-other
notInt,Why Is The US Dropping Billions Of Mutant Flies From The Sky,other
notInt,AI Learns to Play Soccer and breaks physics,gaming-other
notInt,How The Binding of Isaac Was Made and Designed to Fail,gaming-other
notInt,I Published a Math Paper,other
notInt,The Truman Show,other
notInt,Buff So Hard Everything Explodes  Monster Train 2,gaming-other
notInt,Can I fix Zeldas UI using Unity,gaming-other
notInt,Eat Mushrooms Become HUGE  Monster Train 2,gaming-other
notInt,Jonathan Blow clips to watch at 3 hour lunch break at a web company,other
notInt,Music that was meant to END,other
notInt,Sponsored Content Last Week Tonight with John Oliver HBO,other
notInt,The History of Bethesda Game Studios,gaming-other
notInt,The Rise and Fall of Mini Consoles,gaming-other
notInt,The Roguelike Deckbuilder Where You FEED the Enemies Instead of KILLING Them,gaming-other
notInt,Thrive The Evolution of a Game,gaming-other
notInt,What Makes a Game Timeless,gaming-other
notInt,7 Bad Endings You Can Easily Get by Accident Commenter Edition,gaming-other
notInt,Catan  How To Play,gaming-other
notInt,Engineering the PERFECT city layout in a new puzzle game,gaming-puzzle
notInt,Good Design Bad Design Vol 15 The Best and Worst of Video Game Graphic Design,gaming-other
notInt,Guess What Cartoon Character Julia is Describing I Dare You,other
notInt,Highly offensive Jonathan Blow clips to boost your productivity,gaming-other
notInt,How Balatro Was Made and Why The Creator Expected to Sell Only 6 Copies,gaming-other
notInt,How Can You Make Backtracking Fun,gaming-other
notInt,How Nuclear Flies Protect You from FleshEating Parasites,other
notInt,Jonathan Blow on his programming language jai,gaming-other
notInt,Saving Athena,gaming-other
notInt,The 100 Year Old Mystery of the Empty Hexagon Problem,gaming-puzzle
notInt,The 3 Types of Detective Game,gaming-other
notInt,The Best Game Animation of 2024,gaming-other
notInt,The Making of Outer Wilds  Documentary,gaming-other
notInt,The Making of PREY  Documentary,gaming-other
notInt,The Pedestrian Developers React to 11 Minute Speedrun,gaming-other
notInt,The Tragic Tale of Squidward Tentacles,other
notInt,They Turned YouTube Itself Into A Puzzle Game,gaming-puzzle
notInt,They made a game about choosing a seat,gaming-other
notInt,Tunic Developers React to 24 Minute World Record Speedrun,gaming-other
notInt,What Makes A Good Difficulty Option,gaming-other
notInt,A free game SHOULD NOT be this good,gaming-other
notInt,Animal Well Developers React to 16 Minute Speedrun,gaming-other
notInt,Can a Professional Engineer beat the IMPOSSIBLE quiz,gaming-puzzle
notInt,Climb to Top of Zenith Tower on Tetrio,gaming-puzzle
notInt,Death Becomes Her,other
notInt,Flip 7  How To Play,gaming-puzzle
notInt,Frog Fractions Documentary,gaming-other
notInt,How Can You Spice Up A Time Limit,gaming-other
notInt,How to ruin video games for yourself,gaming-other
notInt,I Fully Completed EVERY HalfLife  Portal Game,gaming-other
notInt,I played and ranked EVERY Poptropica Island so you dont have to,gaming-puzzle
notInt,Ive Given You 9 Kings Now Make a MILLION Synergies,gaming-other
notInt,Major Payne,other
notInt,More Asgards Fall,gaming-other
notInt,Neon White Developers React to 35 Minute Speedrun World Record,gaming-other
notInt,One Chest Is Lying One Chest Is Confused  Mimic Logic,gaming-puzzle
notInt,PacMan Is A Very Weird Series  The Pac is Back But He Never Left,gaming-other
notInt,Pixel Art Class  Art Styles for Indie Games,gaming-other
notInt,Pumpkin Summons Are Cracked In Talented,gaming-other
notInt,Puyo Tutorials Part 3 FixedForm Chaining  Stairs,gaming-puzzle
notInt,Sudoku Expert Plays The Witness,gaming-puzzle
notInt,Taskmaster Season 19 Episode 3  My presumably stum  Full Episode,other
notInt,Tetris But Its an Extremely Unique Roguelike  Drop Duchy,gaming-puzzle
notInt,The Cauldron Finale,other
notInt,The Legend of Zelda Breath of the Wild  Nintendo Switch 2 Edition Review Update,gaming-other
notInt,The Making of Animal Well  Documentary,other
notInt,The World Design of BanjoKazooie,gaming-other
notInt,They added gravity to Chess,gaming-other
notInt,This Puzzle Game Is the Definition of a Masterpiece,gaming-puzzle
notInt,This is the BEST 5 game ever made,gaming-other
notInt,Times Contestants Found Loopholes  Taskmaster,other
notInt,What Makes These Animations Good,other
notInt,Whats Under The Sudoku Fog,gaming-puzzle
notInt,When Your Old Market Shop is Struggling You Call in the CEO,other
notInt,2025 is a Strange Number,other
notInt,7 Biggest Red Flags for Game Reveals That Guarantee Its Going to Suck,gaming-other
notInt,7 Most Misleading Mobile Game Ads,gaming-other
notInt,7 Stupidly Complicated Puzzle Bosses You Wont Beat Without a Walkthrough,gaming-puzzle
notInt,Air Traffic Control Last Week Tonight with John Oliver HBO,other
notInt,Arkham Horror The Card Game  How To Play,gaming-other
notInt,Attempting to Explain All of Kirby Lore in a Single Video,gaming-other
notInt,BLUE PRINCE FULL GAME IS HERE Ive Been Waiting For This,gaming-other
notInt,Best Selling Godot Games of 2024,gaming-other
notInt,Blue Prince Can a random puzzle game actually work,gaming-puzzle
notInt,Boring History For Sleep  What it was like to visit a Medieval TAVERN and more,other
notInt,Botanist Explains All GrassType Pokemon,other
notInt,But what is quantum computing Grovers Algorithm,other
notInt,Can I find the PERFECT SPOT for everyone  Is this seat taken,gaming-puzzle
notInt,Chess But Theres Sidequests,gaming-other
notInt,Cocoon Review,other
notInt,Crazy Misdrop Fix with a TSpin Triple Tetris,gaming-puzzle
notInt,Cute Mouse Survival Sandbox  Winter Burrow,gaming-other
notInt,DOGE Got Hammered In Court,other
notInt,Draw fewer tiles  by using a DualGrid system,gaming-puzzle
notInt,Dune Imperium Uprising And CHOAM Module  How To Play,gaming-other
notInt,Everdell  How To Play,gaming-other
notInt,Fantasy Life Is 2025s Most Dangerous Game,gaming-other
notInt,Games like Hollow Knight,gaming-other
notInt,Highly offensive Jonathan Blow clips to boost your productivity,other
notInt,Highway Engineer COMPLETES road building game,gaming-other
notInt,Hollow Knight speedruns are much harder than you think,gaming-other
notInt,How Deep Does the Rabbit Hole Go  Blue Prince,other
notInt,How Do Games Make Stealing Fun,gaming-other
notInt,How To Introduce A Character,other
notInt,How to Reveal A Twist Villain,other
notInt,I caught bugs and made them FIGHT,gaming-other
notInt,I played another 8 SoulsLike games youve never heard of,gaming-other
notInt,IM BACK Find The 10 Hidden Treasures  LEGO Clue Puzzle,gaming-puzzle
notInt,Intense Tetris Battle Royale Tetrio,gaming-puzzle
notInt,Mario Odyssey  SwitchSwitch 2 Comparison,gaming-other
notInt,Nathan Draws a Monster and Karina Makes it HOT,other
notInt,Old School Card Battler RPG That Absolutely Slaps  Anode Heart Layer Null,gaming-other
notInt,Outer Wilds Developers React to 10 Minute Speedrun,gaming-other
notInt,Pipistrello and the Cursed Yoyo Review  A GBAEra Adventure Worthy of Sitting Alongside the Greats,gaming-other
notInt,Prohibition  OverSimplified,other
notInt,Slay the Spire 2  Official Gameplay Trailer,gaming-other
notInt,Someone Made Deckbuilder FTL And Its Kinda Awesome  Star Scum,gaming-other
notInt,Something Strange Happens When You Keep Squaring,other
notInt,Speed Racer,other
notInt,THE BEST RunandGun Games you MUST play,gaming-other
notInt,THE TALOS PRINCIPLE 2  Forget GOTY its a GOAT  Review After 50 Hours,gaming-puzzle
notInt,Tactfully Talking Tactical Design Part 1  gamewisdom Perceptive Podcast indiegames gamedesign,gaming-other
notInt,Taskmaster Season 19 Episode 2  An invisible jump rope  Full Episode,other
notInt,Taskmaster Season 19 Episode 4  Midnight picnic  Full Episode,other
notInt,The 100 Year Old Mystery of the Empty Hexagon Problem,other
notInt,The Best Games from GMTK Game Jam 2023,gaming-other
notInt,The Bizarre Lore of Crash Bandicoot,gaming-other
notInt,The Coffee Roguelike You Never Knew You Needed,gaming-other
notInt,The best puzzle game you cant play  Lumines Electronic Symphony,gaming-puzzle
notInt,The first jungle gym was meant to hack kids brains,other
notInt,The mistake every new game developer makes Developing 2,gaming-other
notInt,This Fantastic Woodpunk Automation Sim Is Finally Out In 10  Oddsparks An Automation Adventure,gaming-other
notInt,This Funguy Eats Titans  Monster Train 2,gaming-other
notInt,This entire game is a massive spoiler,gaming-other
notInt,This game outsmarted a professional engineer Baba Is You,gaming-puzzle
notInt,This shouldnt be good,other
notInt,Transport Fever 3  Official Cinematic Announcement Trailer PC PlayStation 5 Xbox Series XS,gaming-other
notInt,True Facts Beetles That Took Things Too Far,other
notInt,Trump  The Press Last Week Tonight with John Oliver HBO,other
notInt,Using SEGREGATION to beat high scores in Mini Motorways,gaming-other
notInt,Valves Secret Weapon,gaming-other
notInt,Wario taught me game dev,gaming-other
notInt,What Makes A Great First Boss,gaming-other
notInt,What Makes a Good Cast of Game Villains,gaming-other
notInt,Wheres my THRONE Room Blue Prince  Day 5859,gaming-other
notInt,You Must Press Every Button,gaming-puzzle
notInt,Youll Never Quit Slay the Spire Heres Why,gaming-other
notInt,eShop Speed Comparison  Switch 1 vs Switch 2,gaming-other
notInt,planes if they were 10000 times better,other
notInt,shapez 2 Dimension Update  Out Now,gaming-other
notInt,Trump will go after Elons money next Michael Cohen predicts toxic TrumpElon fallout,other
notInt,10 Things I Wish I Knew  Slay the Spire Guide and Tips,gaming-other
notInt,15 Minutes of Spiritfarer Gameplay  Gamescom 2019,gaming-other
notInt,4 Hours of Ambient Indie Game Music to Study or Chill Celeste OMORI Undertale Hollow Knight,gaming-other
notInt,7 Biggest Red Flags for Game Reveals That Guarantee Its Going to Suck,gaming-other
notInt,7 Games That Changed Completely on a Second Playthrough Commenter Edition,gaming-other
notInt,7 Games That Cheated To Feel More Fun Commenter Edition,gaming-other
notInt,7 Surprisingly Dark Easter Eggs in NonHorror Games,gaming-other
notInt,7 Weirdest Beat Em Ups We Swear Were Not Making Up,gaming-other
notInt,A Brief History of Graphics,gaming-other
notInt,A Brief History of Graphics,gaming-other
notInt,A SOCK PUPPET COURTROOM GAME  Guilty As Sock,gaming-other
notInt,AI Learns to Play Soccer and breaks physics,gaming-other
notInt,AI Learns to Play Soccer and breaks physics,gaming-other
notInt,Addicted to This Game  Fantasy Life,gaming-other
notInt,Addicted to This Game  Fantasy Life,gaming-other
notInt,BEST Indie games that played the Uno Reverse Card,gaming-other
notInt,Baldurs Gate 3 Developers React to 18Minute Speedrun,gaming-other
notInt,Benoit Blanc vs Hercule Poirot  RAP BATTLE  ft The Stupendium Rustage Gianni Matragrano  More,other
notInt,Best Selling Godot Games of 2024,gaming-other
notInt,Black Holes Son  Ultimate Chicken Horse,gaming-other
notInt,Blue Prince Can a random puzzle game actually work,gaming-puzzle
notInt,Board Game  Desk Of Deception  Office Mafia  Demo,gaming-other
notInt,Bonus Video A Very Okay Steward Run That Did Not Win  Monster Train 2,gaming-other
notInt,Boring History For Sleep  Why it Sucked to Be a Medieval Assassin and more,other
notInt,Breaking the MILLION POINT BARRIER  Balatro,gaming-other
notInt,Buff So Hard Everything Explodes  Monster Train 2,gaming-other
notInt,Bugsnax Developers React to 15 Minute Speedrun,gaming-other
notInt,Can Chess with Hexagons,gaming-puzzle
notInt,Can I 100 Every Kirby Game in 2 Weeks,gaming-other
notInt,Chris Evans Dakota Johnson  Pedro Pascal Argue The Weirdest Would You Rather Questions  LADbible,other
notInt,Classic SpongeBob is FINALLY Meeting Modern SpongeBob,other
notInt,Closed captions on DVDs are getting left behind,other
notInt,Crypto Explained with Bananas,other
notInt,CultBuilder AutoBattler Roguelike  Becoming Saint Demo  Sponsored,gaming-other
notInt,Dinkum 10 Release Home Sweet Home dinkum cozygaming creativemode,gaming-other
notInt,Duster  Exclusive Jim the Roadruner Clip 2025 Josh Holloway,other
notInt,Early Game Beelephant Farm  Oddsparks Automation Guide  My Best Farming Build For Aether,gaming-other
notInt,Early Game Beelephant Farm  Oddsparks Automation Guide  My Best Farming Build For Aether,gaming-other
notInt,Edmund McMillen Breaks Down His Game Design History Meat Boy Isaac  More  Noclip,gaming-other
notInt,Edmund McMillen Breaks Down His Game Design History Meat Boy Isaac  More  Noclip,gaming-other
notInt,Eighteen thousand hours A conversation with Jonathan Blow,gaming-other
notInt,Engineering impossible dungeons to EXPLOIT heroes for profit,gaming-other
notInt,Everything GREAT About Lilo  Stitch,other
notInt,Everything GREAT About The Wild Robot,other
notInt,Everything Wrong With The Final Destination In 24 Minutes Or Less,other
notInt,Exclusive TRAILER  Board Game Documentary  The Hobby  Vortex Productions and Brainstorm Media,gaming-other
notInt,Exploiting the game to make myself smarter,gaming-other
notInt,Fall asleep while I play Tiny Glade,gaming-puzzle
notInt,Fast Fusion Nintendo Switch 2 Gameplay,gaming-other
notInt,First Time Android Experience,other
notInt,Fraudulent Strikes Lead to a Crazy Investigation,other
notInt,Frog Fractions Documentary,gaming-other
notInt,Games are interesting A conversation with Jonathan Blow,gaming-other
notInt,Games are interesting A conversation with Jonathan Blow,gaming-other
notInt,Guess What Cartoon Character Julia is Describing I Dare You,other
notInt,Gunpei Yokois Life Story The Man Who Made Nintendo,other
notInt,Hades Developers React to 25 Minute Fresh File Speedrun,gaming-other
notInt,Have These Sudoku Lines Been Labelled Correctly,gaming-puzzle
notInt,Heat Pedal To The Metal  How To Play,gaming-other
notInt,Holding Out For A Hero  Crownbound Fantasy Kingdom Sim  Demo,gaming-other
notInt,How 1990s Magic Eye 3D Images Were Made,other
notInt,How 3D video games do graphics,gaming-other
notInt,How Cuphead Was Made and Struggled Finding The Right Protagonist,gaming-other
notInt,How Cuphead Was Made and Struggled Finding The Right Protagonist,gaming-other
notInt,How Do Games Design Around No Damage,gaming-other
notInt,How Do You Make Fun Unlockables,gaming-other
notInt,How Fast Can You Softlock Every Animal Crossing Game,gaming-other
notInt,How Isometric Coordinates Work in 2D games,gaming-other
notInt,How Lithium Was Discovered,other
notInt,How Much Money my Indie Game Made After 1 Month,gaming-other
notInt,How My First Indie Game Performed On Steam,gaming-other
notInt,How Nuclear Flies Protect You from FleshEating Parasites,other
notInt,How One Programmer Created Gamings Most Complex Ecosystem,gaming-other
notInt,How PlayStation Created Its Mario By Accident,gaming-other
notInt,How Ron Stoppable Became The Most Dangerous Man In Kim Possible,other
notInt,How To Foreshadow A Twist Villain  Turbo  Ernesto,other
notInt,How To PLAN your Game as a Solo Developer,gaming-other
notInt,How To Play Monopoly Correctly  A Full Tutorial,gaming-other
notInt,How Well Do We Remember The 90s,other
notInt,How to Reveal A Twist Villain,other
notInt,How to play Puyo Puyo  Lesson 1 Concept of making chains,gaming-puzzle
notInt,I Built a DD City out of PAPER,other
notInt,I Created the MOST BROKEN Monster Train 2 Run for its Release Today,gaming-other
notInt,I Found A Secret Level In GRINDSTONE,gaming-puzzle
notInt,I Spent 365 Days Remaking Super Mario World In 3D,gaming-other
notInt,I competed in the biggest puzzle contest in America And my new strategy worked,gaming-puzzle
notInt,I made a big three headed wolf,other
notInt,I played Balan Wonderworld so you dont have to,gaming-other
notInt,I played another 8 SoulsLike games youve never heard of,gaming-other
notInt,I played these Cozy Farming Games in my Quest for the ULTIMATE Farming Sim,gaming-other
notInt,I traveled 8000 miles to come up with this idea,other
notInt,I tried speedrunning Octodad and became an expert at living in a constant struggle,gaming-other
notInt,ITS COOP NOW  Vampire Survivors 4Player Gameplay,gaming-other
notInt,Inscryption Developers React to World Record Speedruns,gaming-other
notInt,Inscryption Developers React to World Record Speedruns,gaming-other
notInt,Is Grindstone worth playing more,gaming-puzzle
notInt,Is There A Simple Solution To The Fermi Paradox,other
notInt,Is This The Greatest Card Game Of All Time  Board AF Flip 7,gaming-other
notInt,Its Time to Jailbreak Your Kindle,other
notInt,Jonathan Blow on Deep Work The Shape of a Problem Doesnt Start Anywhere,other
notInt,Keeping Proportions Drawing Architecture Freehand,other
notInt,Laika Aged Through Blood Review,other
notInt,Laika Aged Through Blood Review,other
notInt,Learning Crossword Week 56  NYT Crossword Wednesday June 4th 2025,gaming-puzzle
notInt,Lets Look At Invisible Inc,gaming-other
notInt,Lets Play COUP  Board Game League  Season 2,gaming-other
notInt,Lets Play Opus Magnum  PC Gameplay Part 2  Comprehension,gaming-puzzle
notInt,Lies of P Review,gaming-other
notInt,Make Some Noise contestants understanding the assignment Season 1,other
notInt,Making the worlds most powerful Red Bull,other
notInt,Making the worlds most powerful Red Bull,other
notInt,Mission Impossible  The Final Reckoning Official Parachute Featurette 2025 Tom Cruise,other
notInt,More Asgards Fall,gaming-other
notInt,More Reddit writing Pickup Lines one word at a time,other
notInt,Most Iconic Moments  Taskmaster,other
notInt,Nebulock Demo Footage,gaming-other
notInt,New Dice Roguelike Just Dropped,gaming-puzzle
notInt,No Stress Just Vibes  Biotopia First Impressions,gaming-other
notInt,Notes from a neurodivergent  Stardew Valley Casual Playthrough Ep 41,gaming-other
notInt,ONE PIECE Season 2  Special Announcement  Netflix,other
notInt,Okay Well I Broke the Game with Rats in 9 Kings,gaming-other
notInt,Old pinball machines are amazingly complex,other
notInt,P Diddy Trial is Getting Crazy,other
notInt,PPT  Chain Practice,gaming-puzzle
notInt,PURRRFECT PARTY GAME  Jumping Jazz Cats PC Gameplay,gaming-other
notInt,Paralyzed cats hilarious reaction to wheelchair,other
notInt,PlateUp  The Ultimate Automation Tutorial,gaming-other
notInt,Playing A Card Game to SAVE MY LIFE  Inscryption,gaming-other
notInt,Playing A Card Game to SAVE MY LIFE  Inscryption,gaming-other
notInt,Pokemon Legends ZA  Official PreOrder Trailer,gaming-other
notInt,PunchOut Wii  Blindfolded FullGame Speedrun performed at SGDQ 2019 11016,gaming-other
notInt,Puyo Puyo Tetris 2 part 9 Schezo returns oh and the Dark Prince too,gaming-puzzle
notInt,ROLL THE DICE  Rounds,gaming-other
notInt,Really Slow Boss Fights,gaming-other
notInt,Rediscovering the Mystery of Video Games,other
notInt,Rediscovering the Mystery of Video Games,other
notInt,Rez Level 5  Fear is the Mindkiller  Mashup Ost  Ingame music,gaming-other
notInt,S2EP45 Working in Unity Pixel Art Roguelite Fantasy Team Builder TurnBase RPG,gaming-other
notInt,Saving Athena,gaming-other
notInt,Sea Of Stars Throes Of The Watchmaker  Feral Queen Battle  Horloge Wheels Coin  Episode 12,gaming-other
notInt,Sea Of Stars Throes Of The Watchmaker  Lost Island Goodies  Wolf Rock Entry  Episode 9,gaming-other
notInt,Skills Not Thought Possible  Super Metroid  Link to the Past Combo Randomizer 08,gaming-other
notInt,Skills Not Thought Possible  Super Metroid  Link to the Past Combo Randomizer 08,gaming-other
notInt,Slay the Spire 2  Official Gameplay Trailer,gaming-other
notInt,Slay the Spire Developers React to 5 Minute Speedrun,gaming-other
notInt,So Many Puzzles EVERYWHERE  Blue Prince,gaming-puzzle
notInt,Some good old fashioned PaperandPencil Games from 3M 50 years ago,other
notInt,Something Strange Happens When You Keep Squaring,other
notInt,Sorry I stopped posting but I made another game,gaming-other
notInt,Star Wars Unlimited  How To Play,gaming-other
notInt,Student Accomplice  Official Film of the Year Winner  Rookie Awards 2024,other
notInt,Superliminal Developers React to 23 Minute Speedrun,gaming-other
notInt,Switch 2 PSA Dont Make These NSO Mistakes,gaming-other
notInt,Sydney Sweeney Sells Her Bathwater Men Buy The Fantasy,other
notInt,THE AI ARTISTS ARE MAD AT ME,other
notInt,Taskmaster Season 19 Episode 5  Maybe were the monsters  Full Episode,other
notInt,Techniques for dealing with lack of motivation malaise depression,other
notInt,The 3 Types of Detective Game,gaming-puzzle
notInt,The Best Game Animation of 2024,gaming-other
notInt,The Best Game Animation of 2024,gaming-other
notInt,The Best Games from GMTK Game Jam 2021,gaming-other
notInt,The Bizarre Lore of Club Penguin,gaming-other
notInt,The Bizarre Lore of CoolMath Games,gaming-other
notInt,The Bizarre Lore of Goldfish Crackers,other
notInt,The Bizarre Lore of Plants Vs Zombies,gaming-other
notInt,The Brennan Lee Mulligan Olympics  Game Changer Animated,other
notInt,The Complete Story of Wizard101,gaming-other
notInt,The Desert Guardian Armor is Totally BROKEN  Core Keeper 11,gaming-other
notInt,The Devil Wears Prada,other
notInt,The Games That Designed Themselves,gaming-other
notInt,The Games That Designed Themselves,gaming-other
notInt,The Gardens Between Switch Review  NEVER SEEN THIS BEFORE,gaming-puzzle
notInt,The History of 120 Stars Early Era 2004  2014,gaming-other
notInt,The History of Hollow Knight World Records,gaming-other
notInt,The Hustle 2019,other
notInt,The Making of Animal Well  Documentary,gaming-other
notInt,The Making of Outer Wilds  Documentary,gaming-other
notInt,The Man Who Almost Broke Math And Himself,other
notInt,The McRecession  Has Fast Food Cooked Itself,other
notInt,The Nintendo character with zero Google results,gaming-other
notInt,The Pedestrian Developers React to 11 Minute Speedrun,gaming-other
notInt,The Riddle That Seems Impossible Even If You Know The Answer,gaming-puzzle
notInt,The Roguelike Deckbuilder Where You FEED the Enemies Instead of KILLING Them,gaming-other
notInt,The Saga of the Body Buried in the Backyard,other
notInt,The Story of Spyro the Dragon,gaming-other
notInt,The Witcher 4  UE 56 Tech Demo  State of Unreal 2025,gaming-other
notInt,The Witcher 4  UE 56 Tech Demo  State of Unreal 2025,gaming-other
notInt,They Know Theyre Getting Fired,other
notInt,They Turned YouTube Itself Into A Puzzle Game,gaming-puzzle
notInt,They made a game about cardboard boxes,gaming-other
notInt,They made a game about choosing a seat,gaming-other
notInt,They made a game about choosing a seat,gaming-other
notInt,This Fantastic Woodpunk Automation Sim Is Finally Out In 10  Oddsparks An Automation Adventure,gaming-other
notInt,This Game Looks Like Luck But Its All Skill  Sol Cesto,gaming-other
notInt,This Video Took Us 8 Years To Make,other
notInt,This game outsmarted a professional engineer Baba Is You,gaming-puzzle
notInt,Tim Burtons Corpse Bride,other
notInt,Tiny Bookshop  Official Release Date Trailer,gaming-other
notInt,True Facts Beetles That Took Things Too Far,other
notInt,Trust  Official Trailer 2025 Sophie Turner Rhys Coiro Katey Sagal,other
notInt,Trying Magnificus Mod  Inscryption Kaycees Mod,gaming-other
notInt,TurnBased Combat in Unity,gaming-other
notInt,Valves Secret Weapon,gaming-other
notInt,We Had to Make Art Using ONLY These 5 Colors,other
notInt,We React To The Smosh Hunger Games,gaming-other
notInt,We created a Pokémon game Super Mariomon,gaming-other
notInt,What Does Hank Think is the Coolest Fact  Michelle Khare Asks Hank Anything,other
notInt,What If Choosing A Seat Was A PUZZLE GAME  Is This Seat Taken,gaming-puzzle
notInt,What Makes A Good Difficulty Option,gaming-other
notInt,What Makes A Good Secret Boss,gaming-other
notInt,What Makes A Good Secret Boss,gaming-other
notInt,What Makes A Great InGame Shop,gaming-other
notInt,What Makes Celestes Assist Mode Special,gaming-other
notInt,What The HELL is Going On With Video Game Prices,gaming-other
notInt,What The HELL is Going on With UBISOFT,gaming-other
notInt,Whats The Point of a DayNight Cycle in Games,gaming-other
notInt,Whats The Point of a Weird Status Effect,gaming-other
notInt,Whats The Point of a Weird Status Effect,gaming-other
notInt,When Your Old Market Shop is Struggling You Call in the CEO,other
notInt,When you dont need to send the attack to win Slight Disadvantage,gaming-other
notInt,Where Trumps Economy Is Headed  Frugality Is Sexy  Noem Dont Know  Knicks Ticket Scams,other
notInt,Which Punch Out Boxer is the Biggest Cheater Bumbles McFumbles,gaming-other
notInt,Why almost No One Runs this Game  Kings Quest III Speedrun History,gaming-other
notInt,Why Are Modern Games Obsessed With Parrying  SemiRamblomatic,gaming-other
notInt,Why Does Celeste Feel So Good to Play,gaming-puzzle
notInt,Why Does Celeste Feel So Good to Play,gaming-puzzle
notInt,Why Its SO Hard to Find a Game You ACTUALLY Like,gaming-other
notInt,Why do so many cultures have dragon legends  Timothy J Burbery,other
notInt,Why is there a cat in caterpillar  BUG WORDS,other
notInt,Windows Was The Problem All Along,other
notInt,Wumbo Classic Tetris Progress 6425,gaming-puzzle
notInt,Wumbuyo Stream Live,gaming-other
notInt,You SHOULD Try This Tropical Resort Story Sim,gaming-other
notInt,medieval lofi radio   beats to scribe manuscripts to,other
notInt,planes if they were 10000 times better,other
notInt,the tale of tamagotchi the neverending rabbit hole,gaming-other
notInt,HOLD THEM DOWN EPIC The Musical Full 3D Animation,other
notInt,Who was the first video game boss And why do we call them that,gaming-other
notInt,DOGE Got Hammered In Court,other
notInt,Thrive The Evolution of a Game,gaming-other
notInt,ALL HAIL THE GARBAGE LORD  Wario Land 4 Playthrough Episode 3,gaming-other
notInt,AWESOME STEAM DEALS Right Now20 GREAT SUPER CHEAP STEAM GAME DEALS on May 2025,gaming-other
notInt,Boring History For Sleep  What Medieval JUNK FOOD Was Like and more,other
notInt,Boring History For Sleep  Why You Wouldnt Last a Day in Ancient Greece and more,other
notInt,Botanist Explains All GrassType Pokemon,gaming-other
notInt,Closed captions on DVDs are getting left behind,other
notInt,Closed captions on DVDs are getting left behind,other
notInt,How 1990s Magic Eye 3D Images Were Made,other
notInt,How Fast Can You Softlock Every Animal Crossing Game,gaming-other
notInt,I Tried Every Sandwich in Japan,other
notInt,I was almost in Squid Game,other
notInt,Lawyers Beat Trump In Court For Now,other
notInt,Lets Look At Invisible Inc,gaming-other
notInt,Money Town  brutalmoose,gaming-other
notInt,SpeedRunners 2 King of Speed  Official Steam Playtest Trailer  tinyBuild Connect 2025,gaming-other
notInt,The Hitchhikers Guide to the Galaxy,other
notInt,The Insane Influencer Logic That Tricked Millions of People,other
notInt,The Myth of the Alpha Male,other
notInt,The Simplest Illusion We Cant Explain,other
notInt,The Two Types of Random in Game Design,gaming-other
notInt,The story is beautiful but there are still many lives to see,other
notInt,Things Youll Find Around the Office  How Its Made  Science Channel,other
notInt,Two Point Museum  E21  Fixing the Oasis,gaming-other
notInt,Duck Detective The Ghost of Glamping New deducktions to quack,gaming-puzzle
notInt,CAT TV 247 NO ADS  Summer Birds  Squirrels Flock to the Birdtable  Birds for cats to watc,other
notInt,Saving Athena,gaming-other
notInt,Highly offensive Jonathan Blow clips to boost your productivity,gaming-other
notInt,Sudoku Expert Plays The Witness,gaming-puzzle
notInt,The 100 Year Old Mystery of the Empty Hexagon Problem,gaming-puzzle
notInt,Techniques for dealing with lack of motivation malaise depression,other
notInt,Taskmaster Season 19 Episode 5  Maybe were the monsters  Full Episode,other
notInt,How 3D video games do graphics,gaming-other
notInt,Reality Evolution Consciousness  Donald Hoffman Λ Philip Goff,other
notInt,The Lost Kids Show NO ONE Can Findis Found,other
notInt,Intense Tetris Battle Royale Tetrio,gaming-puzzle
notInt,The Hitchhikers Guide to the Galaxy,other
notInt,The Legend of Zelda Breath of the Wild  Nintendo Switch 2 Edition Review Update,gaming-other
notInt,Dominos App feat Hatsune Miku The ad that vanished from YouTube,other
notInt,Making the worlds most powerful Red Bull,other
notInt,A World Without Fruit,other
notInt,But what is quantum computing Grovers Algorithm,other
notInt,The History of Bethesda Game Studios,gaming-other
notInt,AI Learns to Play Soccer and breaks physics,gaming-other
notInt,How Nuclear Flies Protect You from FleshEating Parasites,other
notInt,PPT  Chain Practice,gaming-puzzle
notInt,Predator Killer of Killers Review,gaming-other
notInt,Super Marios Invisible Difficulty Settings,gaming-other
notInt,The Truman Show,other
notInt,They Turned YouTube Itself Into A Puzzle Game,gaming-puzzle
notInt,Puyo Puyo Tetris 2 how to get murdered in under 30 seconds,gaming-other
notInt,The Looker,other
notInt,The Making of Animal Well  Documentary,other
notInt,The World Design of Hollow Knight  Boss Keys,gaming-other
notInt,The book with a multiplayer firstperson shooter inside,gaming-other
notInt,Tim Burtons Corpse Bride,other
notInt,Top 10 MOST UNDERRATED Movies of 2023,other
notInt,Whats The Point of a Weird Status Effect,gaming-other
notInt,Who was the first video game boss And why do we call them that,gaming-other
notInt,Why The Frequency Illusion Is Everywhere Now,other
notInt,shapez 2 Dimension Update  Out Now,gaming-other
notInt,the tale of tamagotchi the neverending rabbit hole,gaming-other
notInt,AI Teachers and Duolingos New Plan  What Could Go Wrong,other
notInt,An Aseprite Crash Course In 30 Minutes,other
notInt,How to Play Regicide A CHALLENGING Dungeon Crawl Card Game,gaming-other
notInt,How to play Monopoly Go to Jail Expansion,gaming-other
notInt,I Found A Secret Level In GRINDSTONE,gaming-puzzle
notInt,Saving Athena,gaming-other
notInt,The Coffee Roguelike You Never Knew You Needed,gaming-other
notInt,The Legend of Zelda Echoes of Wisdom  Part 43,gaming-other
notInt,They added gravity to Chess,gaming-puzzle
notInt,Cicada 3301 An Internet Mystery,other
notInt,Dr Seuss The Lorax,other
notInt,Guess What Cartoon Character Julia is Describing I Dare You,other
notInt,How Jonathan Blow Designs a Puzzle,gaming-puzzle
notInt,Ive Spent 9 Years Working On My Board Game Was it worth it,gaming-other
notInt,Lets Play Kirby  the Amazing Mirror Part 1,gaming-other
notInt,Monty Python And The Holy Grail,other
notInt,Puyo Puyo Tetris 2 part 9 Schezo returns oh and the Dark Prince too,gaming-puzzle
notInt,Rediscovering the Mystery of Video Games,gaming-other
notInt,Speed Racer,other
notInt,Vertical stacking works  New 60sec PR   Lumines II,gaming-puzzle
notInt,Climb to Top of Zenith Tower on Tetrio,gaming-puzzle
notInt,Death Becomes Her,other
notInt,Doing things the right way or the stupid way,other
notInt,How Can You Spice Up A Time Limit,gaming-other
notInt,How One Programmer Created Gamings Most Complex Ecosystem,gaming-other
notInt,Hyper Light Drifter All Secrets  Northern Zone,gaming-other
notInt,I Published a Math Paper,other
notInt,I competed in the biggest puzzle contest in America And my new strategy worked,gaming-puzzle
notInt,Is Grindstone worth playing more,gaming-other
notInt,LUMINES REMASTERED PS4 Pro 1080p 60fps  The first 10 minutes of gameplay,gaming-other
notInt,Stranger Things 5  Date Announcement  Netflix,other
notInt,The Cauldron Finale,gaming-other
notInt,The History of 120 Stars Early Era 2004  2014,gaming-other
notInt,The Making of PREY  Documentary,gaming-other
notInt,The World Design of BanjoKazooie,gaming-other
notInt,They made a game about cardboard boxes,gaming-other
notInt,What Makes A Great First Boss,gaming-other
notInt,Windjammers 2  An Arcade Legacy in 2022 Makingof,gaming-other
notInt,Ys VIII Lacrimosa of DANA  REVIEW Nintendo Switch,gaming-other
notInt,A free game SHOULD NOT be this good,gaming-other
notInt,AI Learns to Play Soccer and breaks physics,gaming-other
notInt,Boring History For Sleep  What it was like to visit a Medieval TAVERN and more,other
notInt,Ghost In The Shell 20,other
notInt,How 3D video games do graphics,gaming-other
notInt,How Dwarf Fortress Coming to Steam Changed Everything  Series Episode 3,gaming-other
notInt,I Got ONE MILLION on EVERY Minigame in Cauldron,gaming-other
notInt,Ive Given You 9 Kings Now Make a MILLION Synergies,gaming-other
notInt,Is Random Better Than Nothing in Mario Party,gaming-other
notInt,Jonathan Blow on Deep Work The Shape of a Problem Doesnt Start Anywhere,other
notInt,Lets Play Word Play,gaming-puzzle
notInt,Mission Impossible  The Final Reckoning Official Parachute Featurette 2025 Tom Cruise,other
notInt,PURRRFECT PARTY GAME  Jumping Jazz Cats PC Gameplay,gaming-other
notInt,Pokemon Legends ZA  Official PreOrder Trailer,gaming-other
notInt,Robin Hood Men In Tights,other
notInt,Some good old fashioned PaperandPencil Games from 3M 50 years ago,gaming-puzzle
notInt,Sorry I stopped posting but I made another game,gaming-other
notInt,Sushi Striker The Way of Sushido  REVIEW Nintendo Switch,gaming-other
notInt,THE TALOS PRINCIPLE 2  Forget GOTY its a GOAT  Review After 50 Hours,gaming-puzzle
notInt,Taskmaster Season 19 Episode 4  Midnight picnic  Full Episode,other
notInt,The 100 Year Old Mystery of the Empty Hexagon Problem,other
notInt,The Best Games from GMTK Game Jam 2023,gaming-other
notInt,The GMTK Game Jam returns for 2025,gaming-other
notInt,The History of Bethesda Game Studios,gaming-other
notInt,The Nintendo character with zero Google results,gaming-other
notInt,The Roguelike Deckbuilder Where You FEED the Enemies Instead of KILLING Them,gaming-other
notInt,They added a SECRET Steam Achievement for ME,gaming-other
notInt,This shouldnt be good,other
notInt,Thrive The Evolution of a Game,gaming-other
notInt,True Wireless Power is FINALLY here building a TRULY wirefree setup,other
notInt,Twisted Cryptids  How to Play,gaming-other
notInt,We Compete to Make the Most SATISFYING CGi 7,other
notInt,We designed special dice using math but theres a catch,other
notInt,What Makes A Great InGame Shop,gaming-other
notInt,creative vs inventive,other
notInt,2025 is a Strange Number,other
notInt,A free game SHOULD NOT be this good,gaming-other
notInt,Beyond 4D How to Imagine 6D Geometry,other
notInt,Blades of Fire  Fully Ramblomatic,gaming-other
notInt,Blazing Fast LEGO Mario Kart Spiny Shell Build 40787,other
notInt,Bugsnax Developers React to 15 Minute Speedrun,gaming-other
notInt,Can You Figure Out Which Chest Is Lying  Mimic Logic,gaming-puzzle
notInt,Crazy Misdrop Fix with a TSpin Triple Tetris,gaming-puzzle
notInt,Death Squared Review,gaming-other
notInt,Destroying asteroids for HUGE PROFIT,gaming-other
notInt,Heads of State  Official Final Trailer 2025 John Cena Idris Elba Priyanka Chopra Jonas,other
notInt,Highly offensive Jonathan Blow clips to boost your productivity,gaming-other
notInt,Highly offensive Jonathan Blow clips to boost your productivity,gaming-other
notInt,Highway Engineer COMPLETES road building game,gaming-other
notInt,How Do Games Design Around No Damage,gaming-other
notInt,How Do Games Make Stealing Fun,gaming-other
notInt,How Hollow Knight Was Made and First Appeared on Newgrounds,gaming-other
notInt,How The Binding of Isaac Was Made and Designed to Fail,gaming-other
notInt,How To Get Back Into A Game According to Science,gaming-other
notInt,I programmed some creatures They Evolved,gaming-other
notInt,Ive Given You 3 Tools Now Solve the Level,gaming-puzzle
notInt,Is Grindstone worth playing more,gaming-other
notInt,Jonathan Blow clips to watch at 3 hour lunch break at a web company,other
notInt,Jonathan Blow on his programming language jai,gaming-other
notInt,Kiss of the Spider Woman  Official Trailer 2025 Jennifer Lopez Diego Luna Tonatiuh,other
notInt,Lies of P Review,gaming-other
notInt,New Mosa Lina Update Means Me Forcing Retromation to Play with Me,gaming-other
notInt,Nine Sols Full Gameplay,gaming-other
notInt,ONE PIECE Season 2  Chopper First Look  Netflix,other
notInt,Opus Magnum is One of the Best Puzzle Games and Ive Never Played It,gaming-puzzle
notInt,Point and Click Puzzle Design,gaming-puzzle
notInt,Preserve Full release v101  Medium Jurassic map play  2598 score gold medal,gaming-other
notInt,Puyo Puyo Tetris 2 part 9 Schezo returns oh and the Dark Prince too,gaming-puzzle
notInt,Reality Evolution Consciousness  Donald Hoffman Λ Philip Goff,other
notInt,Secrets of the Gungeon  Explaining the Secret Hidden Unlockables of EtG,gaming-other
notInt,Slay the Spire 2  Official Gameplay Trailer,gaming-other
notInt,Snake but with a skill tree,gaming-puzzle
notInt,Switch 2 Backwards Compatibility is Amazing Frame Rates  Load Times Tested,gaming-other
notInt,Tackling the Biggest Unsolved Problems in Math with 3Blue1Brown,other
notInt,The 3 Types of Detective Game,gaming-other
notInt,The Bizarre Lore of Crash Bandicoot,gaming-other
notInt,The Coffee Roguelike You Never Knew You Needed,gaming-other
notInt,The Fantastic Four First Steps  Official Teaser Trailer 2025 Pedro Pascal Joseph Quinn,other
notInt,The Games That Designed Themselves,gaming-other
notInt,The Hidden Shortcuts of Mario Kart Double Dash,gaming-other
notInt,The Lost Kids Show NO ONE Can Findis Found,other
notInt,The Most Complex Ecosystems in Games,gaming-other
notInt,The Mysterious Mechanics of Pokémon Pinball Ruby  Sapphire,gaming-other
notInt,The Nintendo character with zero Google results,gaming-other
notInt,The Pedestrian Developers React to 11 Minute Speedrun,gaming-other
notInt,The Rules are Simple Keep Driving,gaming-other
notInt,The Simplest 3 Masterpiece Youll Ever Play,gaming-puzzle
notInt,The mistake every new game developer makes Developing 2,gaming-other
notInt,They made this game TOO ADDICTIVE,gaming-other
notInt,This Puzzle Has More Layers Than Expected,gaming-puzzle
notInt,This game made me do UNFORGIVABLE things,gaming-other
notInt,Tiny Glade Getting Started Guide  Hints  Tips For Beginners,gaming-other
notInt,Trump  Deportations Last Week Tonight with John Oliver HBO,other
notInt,Trump  The Press Last Week Tonight with John Oliver HBO,other
notInt,Vampire Survivors I Am The Bullet Heck,gaming-other
notInt,What Makes A Good Difficulty Option,gaming-other
notInt,Whats Under The Sudoku Fog,gaming-puzzle
notInt,When Your Old Market Shop is Struggling You Call in the CEO,other
notInt,When you dont need to send the attack to win Slight Disadvantage,gaming-other
notInt,Why Does Celeste Feel So Good to Play,gaming-other
notInt,Why Is The US Dropping Billions Of Mutant Flies From The Sky,other
notInt,Woodpunk Factory Builder But With Pikmin  Oddsparks An Automation Adventure Early Access,gaming-other
notInt,planes if they were 10000 times better,other
notInt,13 Hidden Gem Long Reach Magnetic Pickup Tool with Quick Release Absolutely worth it,other
notInt,No Ad Interruptions Cat TV for Cats to Watch Cute Little Birds with Squirrelmania10 Hrs 4K HDR,other
notInt,15 Amazing Next Level Tools You Must Have,other
notInt,15 Minutes of Spiritfarer Gameplay  Gamescom 2019,gaming-other
notInt,20 Best Space Games That LET YOU EXPLORE  BUILD,gaming-other
notInt,2025 is a Strange Number,other
notInt,2025 worlds strongest handheld laser,other
notInt,3 Hours of Theories That Will Break Your Perception,other
notInt,3 LifeSaving Rope Knots for Emergency Situations,other
notInt,40 MAGNETIC INVENTIONS YOU MUST SEE IN 2025  NEXTGEN INNOVATIONS  GADGETS REVEALED,other
notInt,4K Video for Cats to Watch Colorful Birds and Cheeky Chipmunks in the Garden,other
notInt,A Beginners Guide to Puyo Puyo Part 1 The Blocking Method,gaming-puzzle
notInt,A Big Bold Beautiful Journey  Official Trailer 2025 Margot Robbie Colin Farrell,other
notInt,A Brief History of Graphics,gaming-other
notInt,A Minecraft Movie Pitch Meeting,gaming-other
notInt,A Roguelike All About Mining Coal,gaming-other
notInt,Achieving the Impossible in Mini Motorways  30000 Points,gaming-other
notInt,Amazon EKS Dashboard NEW  HandsOn Demo  Unified Cluster Visibility,other
notInt,An Aseprite Crash Course In 30 Minutes,other
notInt,Animal Well Developers React to 16 Minute Speedrun,gaming-other
notInt,Atelier Ryza  Will we EVER finish this,gaming-other
notInt,Attempting to Explain All of Kirby Lore in a Single Video,gaming-other
notInt,BLUE PRINCE FULL GAME IS HERE Ive Been Waiting For This,gaming-other
notInt,Baking brownies from the inside out,other
notInt,Bakudo  Official Announcement Trailer  The MIX Summer Showcase 2025,gaming-other
notInt,Behold The Great ALZARA  Blue Prince,other
notInt,Blue Prince Can a random puzzle game actually work,gaming-puzzle
notInt,Bonus Video A Very Okay Steward Run That Did Not Win  Monster Train 2,gaming-other
notInt,Botanist Explains All GrassType Pokemon,other
notInt,Building a 50 Surge Attack in the 1v1,gaming-other
notInt,Can I fix Zeldas UI using Unity,gaming-other
notInt,Can we Improve Tutorials for Complex Games,gaming-other
notInt,Cattle Country Nintendo Switch Gameplay,gaming-other
notInt,Chess But Theres Sidequests,gaming-puzzle
notInt,Cocoon Review,other
notInt,Coding Adventure Software Rasterizer,gaming-other
notInt,Cosy Maths Practice Stream,other
notInt,Creation the State of Art ᐸFull Optionᐳᐸarea 03ᐳ,other
notInt,CultBuilder AutoBattler Roguelike  Becoming Saint Demo  Sponsored,gaming-other
notInt,DVDRAM The Disc that Behaved like a Flash Drive,other
notInt,Dead by Daylight  Official The Witcher Collection Trailer,gaming-other
notInt,Deadcam  Official Reveal Trailer,gaming-other
notInt,Death Howl  Official Gameplay Trailer  The MIX Summer Showcase 2025,gaming-other
notInt,Dice Legends  Official Announcement Trailer,gaming-puzzle
notInt,Dominos App feat Hatsune Miku The ad that vanished from YouTube,other
notInt,Downton Abbey The Grand Finale  Official Teaser Trailer 2025,other
notInt,Dr Seuss Horton Hears a Who,other
notInt,Dragon Is Dead The First 15 Minutes of Gameplay,gaming-other
notInt,Drawing Classic Drawfee Characters That Weve Never Drawn Before,other
notInt,Dream the Future Communication  Smart Tech Conversations,other
notInt,EX3 Gertrude 4T feat Bow Team  Octopath Traveler Cotc,gaming-other
notInt,Eat Mushrooms Become HUGE  Monster Train 2,gaming-other
notInt,Engineering the PERFECT city layout in a new puzzle game,gaming-puzzle
notInt,Every Type of Mimicry Explained,other
notInt,Exploiting the game to make myself smarter,gaming-other
notInt,Factorio  Wordle  A word game for engineers,gaming-puzzle
notInt,Fake CAPTCHAs Are Taking Over the Internet Heres How to Spot Them,other
notInt,Frog Fractions Documentary,gaming-other
notInt,Fumes  Official Early Access Release Date Trailer,gaming-other
notInt,Ghost In The Shell 20,other
notInt,Good Design Bad Design Vol 15 The Best and Worst of Video Game Graphic Design,gaming-other
notInt,Gorgeous but deadly  Synergy,gaming-other
notInt,Grease,other
notInt,Guilty as Sock  Six One Indie Showcase 2025 Trailer,gaming-other
notInt,HOVSCO HovGtrs 1500W max 48V 15aH Mopedstyle EBike Assembly settings performance tests,other
notInt,High Ho Down,other
notInt,Honest Trailers  Monty Python and the Holy Grail,other
notInt,Hot Shots,other
notInt,House on Eden  Official Trailer 2025 Kris Collins Celina Myers,other
notInt,How Can You Make Backtracking Fun,gaming-other
notInt,How Cuphead Was Made and Struggled Finding The Right Protagonist,gaming-other
notInt,How Deep Does the Rabbit Hole Go  Blue Prince,other
notInt,How Hollow Knight Was Made and First Appeared on Newgrounds,gaming-other
notInt,How Isometric Coordinates Work in 2D games,gaming-other
notInt,How Jonathan Blow Designs a Puzzle,gaming-puzzle
notInt,How Nuclear Flies Protect You from FleshEating Parasites,other
notInt,How Prey Saved the Predator Franchise  The Backdrop,gaming-other
notInt,How The Binding of Isaac Was Made and Designed to Fail,gaming-other
notInt,How The Legend of Zelda Theme Works,gaming-other
notInt,How To Think Like A Game Designer,gaming-other
notInt,How Video Game Economies are Designed,gaming-other
notInt,How to Play Scoundrel a SOLO DUNGEON CRAWL with a deck of cards,gaming-other
notInt,How to play Monopoly Go to Jail Expansion,gaming-puzzle
notInt,How we share the water in Japan to everyones benefit How the channel watering system works,other
notInt,Hvac leaking inside  neglect everywhere,other
notInt,I Built the Simpsons School in Lego  Full Modular MOC Showcase,gaming-other
notInt,I Can Feel the The End Within Our Grasp,other
notInt,I Chopped The Last Tree And Now Im Free  Lumberjacked,gaming-other
notInt,I Created the MOST BROKEN Monster Train 2 Run for its Release Today,gaming-other
notInt,I Made a DnD Combat System  I CANT Play Without it,gaming-other
notInt,I Used GODS to Destroy Monsters in this Autobattler Roguelike,gaming-other
notInt,I Watched Thunderbolts in 025x Speed and Heres What I Found,other
notInt,I added Aphid Farming to my Ant Colony Simulation,gaming-other
notInt,I competed in the biggest puzzle contest in America And my new strategy worked,gaming-puzzle
notInt,I must PROTECT this tree,gaming-other
notInt,Ive Given You 3 Tools Now Solve the Level,gaming-puzzle
notInt,Ive Given You 9 Kings Now Make a MILLION Synergies,gaming-other
notInt,Intense Tetris Battle Royale Tetrio,gaming-puzzle
notInt,Is This The Greatest Card Game Of All Time  Board AF Flip 7,gaming-other
notInt,Isoforge Demo  Realease Stream,gaming-other
notInt,Jonathan Blow clips to watch at 3 hour lunch break at a web company,other
notInt,LUMINES REMASTERED PS4 Pro 1080p 60fps  The first 10 minutes of gameplay,gaming-other
notInt,Lets Battle EVERYONE in Cauldron Today,gaming-other
notInt,Lets Play While True Learn  PC Gameplay Part 1  Machine Learning Is Hard,gaming-puzzle
notInt,Lets Play While True Learn  PC Gameplay Part 1  Machine Learning Is Hard,gaming-puzzle
notInt,Looney Tunes  Classic Bugs Bunny vs Yosemite Sam Compilation  Warner Classics,other
notInt,MASSIVE Phaser Drop RC4 Beam Editor  Top Games Phaser World 220,gaming-other
notInt,MIDYEAR GIVEAWAYS COMPETITION  Flosstube 398  SWM HAED THE MOUNTAIN CABIN  STITCHERY LOVERS,other
notInt,Mario Kart Worlds ALL INTERROGATION PANEL LOCATIONS in TOADS FACTORY Free Roam Collectibles,gaming-other
notInt,Mars Attacks,other
notInt,MedievaLoFi  Lofi Beats for the Medieval Knight you always wanted to be,other
notInt,Members First Video April 2025  Slay the Spire,gaming-other
notInt,Minute Cryptic Clue 339 Swift JayZ or Eminem 5,gaming-puzzle
notInt,Modular Shed  Floor Joists,other
notInt,Monster Train 2 Covenant Climb  Livestream,gaming-other
notInt,Moonlighter 2 The Endless Vault  Gameplay Commentary,gaming-other
notInt,Mr Buttons Demo Dont Push the Red Button  State of Unreal 2025,gaming-other
notInt,My New Favorite Junk Punk Farm Sim  Doloc Town,gaming-other
notInt,Neon White Developers React to 35 Minute Speedrun World Record,gaming-other
notInt,Never Gonna Change  Bronson Diamond  Greta Stanley Music Video,other
notInt,New Dice Roguelike Just Dropped,gaming-other
notInt,New Inventory Management Roguelike Yes Please,gaming-other
notInt,New Minigames Just Dropped in Cauldron,gaming-other
notInt,New Minigames Just Dropped in Cauldron,gaming-other
notInt,Nintendo Releases 60fps Footage of Pokemon Scarlet  Violet for Switch 2  IGN Daily Fix,gaming-other
notInt,OLYMPIADS  How to Solve tt  t2  Can You Solve for t maths,other
notInt,Okay the Harder 9 Kings Difficulties are Just Impossible Huh,gaming-other
notInt,Okay the Ice Minigame is Sick Im Sorry for my Negativity Last Episode,gaming-other
notInt,Old pinball machines are amazingly complex,other
notInt,Opus Magnum is One of the Best Puzzle Games and Ive Never Played It,gaming-puzzle
notInt,Overengineering a chocolate factory,other
notInt,Paralyzed cats hilarious reaction to wheelchair,other
notInt,Path of Exile  Official Secrets of the Atlas Trailer,gaming-other
notInt,Peanuts Bon Voyage Charlie Brown and dont come back,other
notInt,Pixel Art Animation Reinvented  Astortion Devlog,other
notInt,Plants vs Zombies 3 Welcome to Zomburbia  Gameplay Walkthrough Part 1  Daves House,gaming-other
notInt,Plants vs Zombies 3 Welcome to Zomburbia  Gameplay Walkthrough Part 1  Daves House,gaming-other
notInt,Playing A Card Game to SAVE MY LIFE  Inscryption,gaming-other
notInt,Pokémon Scarlet  Violet  Misstery for the Ages  Jun 3 25 B,gaming-other
notInt,Pokémon Scarlet  Violet 13 Minutes of Nintendo Switch 2 Gameplay,gaming-other
notInt,Predator Killer of Killers  Exclusive Clip 2025,other
notInt,Puyo Tutorials Part 2 Introduction to Chaining  The Blocking Method,gaming-puzzle
notInt,Puyo Tutorials Part 3 FixedForm Chaining  Stairs,gaming-puzzle
notInt,Reality Evolution Consciousness  Donald Hoffman Λ Philip Goff,other
notInt,Rediscovering the Mystery of Video Games,gaming-other
notInt,Restoring My Deck with Cabot Deck Correct  Pressure Washing and Painting Old Dried Out Decking,other
notInt,Rock Is Sponge ᐸarea 04ᐳ,other
notInt,Rune Factory 3 Special Gameplay  Nintendo Switch  No Commentary Part 4,gaming-other
notInt,S2 E7 Municipal Violations Israel  Starbucks Last Week Tonight with John Oliver,other
notInt,S2EP45 Working in Unity Pixel Art Roguelite Fantasy Team Builder TurnBase RPG,gaming-other
notInt,S5 E23 Facebook Trump  Christine Blasey Ford Last Week Tonight with John Oliver,other
notInt,SYDER Reloaded  Challenge Mode,gaming-other
notInt,Saving Athena,other
notInt,Sea of Stars  Review in 3 Minutes,gaming-other
notInt,Secrets of the Gungeon  Explaining the Secret Hidden Unlockables of EtG,gaming-other
notInt,Slay the Spire Developers React to 5 Minute Speedrun,gaming-other
notInt,Songs of Silence  Community Managers Epic Clash  Gigi  Ilcin,other
notInt,Sonic Symphony  What Im Made of Live NY United PalaceJune 8 20243PM Show,other
notInt,Sorting Inc   Cozy Night Gaming   No commentary just vibes,gaming-other
notInt,Spelunking the Marsh Caves  FINAL FANTASY PIXEL REMASTER  Lets Play Part 4,gaming-other
notInt,Sudoku Expert Plays The Witness,gaming-puzzle
notInt,Super Marios Invisible Difficulty Settings,gaming-other
notInt,Surfs Up,other
notInt,Sushi Striker The Way of Sushido  REVIEW Nintendo Switch,gaming-other
notInt,Switch 2 GameCube Controller Review  The Ultimate Throwback,gaming-other
notInt,THE ENDLESS TUNNEL  Blue Prince,gaming-other
notInt,THE STREAM ENDS WHEN I WIN A KNOCKOUT TOUR MARIO KART WORLD,gaming-other
notInt,Tackling the Biggest Unsolved Problems in Math with 3Blue1Brown,other
notInt,Taskmaster Season 19 Episode 3  My presumably stum  Full Episode,other
notInt,Taskmaster Season 19 Episode 4  Midnight picnic  Full Episode,other
notInt,Taskmaster Season 19 Episode 5  Maybe were the monsters  Full Episode,other
notInt,Taskmaster Season 19 Episode 5  Maybe were the monsters  Full Episode,other
notInt,Techniques for dealing with lack of motivation malaise depression,other
notInt,Techniques for dealing with lack of motivation malaise depression,other
notInt,Teem solo challenge column mania rainbow perfect heist match masters today gameplay,gaming-puzzle
notInt,Temtem Swarm  Official Endless Inferno Update Release Date Trailer  The MIX Summer Showcase 2025,gaming-other
notInt,Tetris But Its an Extremely Unique Roguelike  Drop Duchy,gaming-puzzle
notInt,The 3 Types of Detective Game,gaming-other
notInt,The AI Apocalypse  Beyond the Black Void,other
notInt,The Best Games from GMTK Game Jam 2021,gaming-other
notInt,The Best Games from GMTK Game Jam 2021,gaming-other
notInt,The Book of Life,other
notInt,The Cauldron Finale,gaming-other
notInt,The Chronicles of Riddick Dark Fury,other
notInt,The Cult Classic That Secretly Inspired The Game Industry,gaming-other
notInt,The Dumbest Things EV Owners Do,other
notInt,The Gods Must Be Crazy,other
notInt,The Hitchhikers Guide to the Galaxy,other
notInt,The Legend of Zelda Echoes of Wisdom  Part 43,gaming-other
notInt,The Legend of Zelda Breath of the Wild  Nintendo Switch 2 Edition Review Update,gaming-other
notInt,The Life of Chuck  Official Trailer 2 2025 Tom Hiddleston Chiwetel Ejiofor Karen Gillan,other
notInt,The Life of Satoru Iwata,other
notInt,The Looker,other
notInt,The Lore  Story of Dead Cells with ALL DLCs,gaming-other
notInt,The Lore  Story of Dead Cells with ALL DLCs,gaming-other
notInt,The Lost Kids Show NO ONE Can Findis Found,other
notInt,The MIX Summer Game Showcase 2025,gaming-other
notInt,The MOST BREAKABLE Roguelite Ive Ever Played  9Kings,gaming-other
notInt,The Making of Animal Well  Documentary,other
notInt,The Making of Animal Well  Documentary,other
notInt,The Making of Outer Wilds  Documentary,gaming-other
notInt,The Miserable World of Completing Crash Bandicoot 4  Caddicarus,gaming-other
notInt,The Origins of Dwarf Fortress  Series Episode One,gaming-other
notInt,The Peanuts Movie,other
notInt,The Power of Incentives  How Games Help Us Examine Our World  Extra Credits,gaming-other
notInt,The Shaft is completed in Timberborn,gaming-other
notInt,The Tragic Tale of Squidward Tentacles,other
notInt,The Truman Show,other
notInt,The Witcher 4  UE 56 Tech Demo  State of Unreal 2025,gaming-other
notInt,The book with a multiplayer firstperson shooter inside,gaming-other
notInt,The game mocks my profession,gaming-other
notInt,Theres a New Minigame in Cauldron,gaming-other
notInt,They added gravity to Chess,gaming-puzzle
notInt,They made a game about choosing a seat,gaming-other
notInt,They made rejecting the terms and conditions x1000 harder,gaming-puzzle
notInt,This 6yearolds hand drawn maze FOOLED ME,gaming-puzzle
notInt,This 6yearolds hand drawn maze FOOLED ME,gaming-puzzle
notInt,This Cute Rat Kingdom Builder Is Finally Out In 10  Ratopia,gaming-other
notInt,This Fantastic Woodpunk Automation Sim Is Finally Out In 10  Oddsparks An Automation Adventure,gaming-other
notInt,This Frog Game Took Me Years to Start  Devlog,gaming-other
notInt,This Video Took Us 8 Years To Make,other
notInt,This entire game is a massive spoiler,gaming-other
notInt,This is how my BRAIN works Shapezio by a REAL CIVIL ENGINEER,gaming-puzzle
notInt,Tim Burtons Corpse Bride,other
notInt,Top 15 Best Indie Turn Based JRPG MASTERPIECE That Have AMAZING Story and Lore,gaming-other
notInt,Trust  Official Trailer 2025 Sophie Turner Rhys Coiro Katey Sagal,other
notInt,Very Casual Hyper Metroid SUPER Run  100 Part 3,gaming-other
notInt,WHO ARE THE PIZZA GNOMES  Plate Up,other
notInt,We Compete to Make the Most SATISFYING CGi 7,other
notInt,We designed special dice using math but theres a catch,other
notInt,What Makes A Good Difficulty Option,gaming-other
notInt,What Makes A Good Secret Boss,gaming-other
notInt,What Makes A Great Double Boss Fight,gaming-other
notInt,What Makes a Game Feel Mysterious,gaming-other
notInt,Wheelsprung  Playdate gameplay  impressions,gaming-other
notInt,Where does punctuation come from,other
notInt,Whose line is it anyway NEW Scenes from a hat Season 9,other
notInt,Why The Frequency Illusion Is Everywhere Now,other
notInt,Why do so many cultures have dragon legends  Timothy J Burbery,other
notInt,Womens Boulder final  Salt Lake City 2025,other
notInt,Wonders of Japan  The Hidden Places No One Talks About  Travel Video 4K,other
notInt,Woodpunk Factory Builder But With Pikmin  Oddsparks An Automation Adventure Early Access,gaming-other
notInt,Wumbo Classic Tetris Progress 6425,gaming-puzzle
notInt,You Know Its a Good Game When You Play as a Brain  Starless Abyss,gaming-other
notInt,You Must Press Every Button,gaming-puzzle
notInt,You Must Press Every Button,gaming-other
notInt,Zelda The Wind Waker  All Item Upgrade Locations,gaming-other
notInt,20221004 Tierlist Time  SM64 Levels ConsolesControllers Final Fantasy Zelda  more,gaming-other
notInt,GameDev PENGUIN   Unity3D C,gaming-other
notInt,Puyo Puyo Tetris 2 how to get murdered in under 30 seconds,gaming-puzzle
notInt,eShop Speed Comparison  Switch 1 vs Switch 2,gaming-other
notInt,i made every dumpling to prove a point,other
notInt,learning Blender is easy actually,other
notInt,planes if they were 10000 times better,other
notInt,shapez 2 Dimension Update  Out Now,gaming-puzzle
combined,Opus Magnum Makes My Brain Melt Through my Ears,gaming-puzzle
combined,Jonathan Blow on his programming language jai,gaming-other
combined,Sudoku Expert Plays The Witness,gaming-puzzle
combined,How To Play Monopoly Correctly  A Full Tutorial,gaming-other
combined,Attempting to Explain All of Kirby Lore in a Single Video,gaming-other
combined,Dominos App feat Hatsune Miku The ad that vanished from YouTube,other
combined,Jas Broke the Game  Game of Life 2 Patreon Pick,gaming-other
combined,This Board Game Is Older Than Stonehenge,gaming-other
combined,Thinky Direct 2025  Exclusive trailers and announcements for puzzle fans,gaming-puzzle
combined,I was almost in Squid Game,other
combined,The NEW No Time To Relax  Walk of Life Demo Gameplay,gaming-other
combined,Arvi Teikari Baba is You What now  Games Now,gaming-puzzle
combined,I Found A Secret Level In GRINDSTONE,gaming-puzzle
combined,Lets Play Opus Magnum  PC Gameplay Part 2  Comprehension,gaming-puzzle
combined,Major Payne,other
combined,Rediscovering the Mystery of Video Games,gaming-other
combined,T POSING THROUGH LIFE  To A T Gameplay,gaming-other
combined,Death Squared  4  DANCE PARTY Twitch Highlight,gaming-puzzle
combined,How Return of the Obra Dinn Turns You Into a Detective,gaming-puzzle
combined,Sea of Stars DLC p3,gaming-other
combined,The State of Puyo Puyo in 2024,gaming-puzzle
combined,Dr Seuss The Lorax,other
combined,Exploiting the game to make myself smarter,gaming-other
combined,Gameplay  Opus Magnum Part 1  The Basics of Alchemy,gaming-puzzle
combined,How 3D video games do graphics,gaming-other
combined,How to play Puyo Puyo  Lesson 1 Concept of making chains,gaming-puzzle
combined,I Fought Against a Team of Pro Tetris Players,gaming-puzzle
combined,Mystery Loves Company  Board Game Show Bonus Video,gaming-other
combined,Pixel Art Animation Reinvented  Astortion Devlog,gaming-other
combined,Taskmaster Season 19 Episode 5  Maybe were the monsters  Full Episode,other
combined,Wingspan  How To Play,gaming-other
combined,You Should Play  Opus Magnum,gaming-puzzle
combined,Closed captions on DVDs are getting left behind,other
combined,Flat Heroes  1  Its Hip to be Square 4 Player Gameplay,gaming-other
combined,Guess What Cartoon Character Julia is Describing I Dare You,other
combined,Heat Pedal To The Metal  How To Play,gaming-other
combined,How Nuclear Flies Protect You from FleshEating Parasites,other
combined,I Thought I Was Cooking in Opus Magnum but I was Actually Engulfed in Flames,gaming-puzzle
combined,Intense Tetris Battle Royale Tetrio,gaming-puzzle
combined,Lets Play  Part 1,gaming-other
combined,Opus Magnum  Hexstabilized Salt,gaming-puzzle
combined,ROBBING A BANK FOR GRANDMA  Wobbly Life Switch Coop Gameplay AD,gaming-other
combined,Skara Brea  Solo Playthrough,other
combined,Sudoku Expert Plays The Witness,gaming-puzzle
combined,Surfs Up,other
combined,The Art of Puzzle Design  How Game Designers Explore Ideas and Themes with Puzzles and Problems,gaming-puzzle
combined,The First Guy To Ever Drink Coffee,other
combined,The Pedestrian Developers React to 11 Minute Speedrun,gaming-other
combined,The Two Types of Random in Game Design,gaming-other
combined,The rules of this game change as you play it,gaming-other
combined,They made a game about cardboard boxes,gaming-other
combined,Tim Burtons Corpse Bride,other
combined,True Wireless Power is FINALLY here building a TRULY wirefree setup,other
combined,What Makes Celestes Assist Mode Special,gaming-other
combined,When a game makes your academic success worthless,gaming-other
combined,When you dont need to send the attack to win Slight Disadvantage,gaming-other
combined,Why Does Celeste Feel So Good to Play,gaming-other
combined,planes if they were 10000 times better,other
combined,27mins connected vs game virgo,gaming-other
combined,Building Glorious Bridges Made Entirely of Puzzles,gaming-puzzle
combined,Can we Improve Tutorials for Complex Games,gaming-other
combined,Cicada 3301 An Internet Mystery,other
combined,Conquering the Whole Island to Summon a Giant Laser Beam,gaming-other
combined,Everdell  How To Play,gaming-other
combined,Good Game Design  Baba Is You,gaming-puzzle
combined,How The Legend of Zelda Theme Works,gaming-other
combined,How to Greatly Benefit From DICTIONARIES in Godot 44,gaming-other
combined,How to play Puyo Puyo Tetris Tetris Basics,gaming-puzzle
combined,Kosmocean  The Endless Sea  Demo gameplay  Chill under water exploration aside from the deaths,gaming-other
combined,Lets Play Zelda Classic  Dreams Realm Part 49,gaming-other
combined,Massive Game Where the ENTIRE HOUSE is a Puzzle  The Room 4,gaming-puzzle
combined,Monty Python And The Holy Grail,other
combined,Mr Fantastic Finds A Way Into Diablos Temple  Fantastic 4 Game 4K 60fps,gaming-other
combined,Optimizing An Extremely Satisfying Robot Factory  Manufactoria 2022,gaming-puzzle
combined,Peanuts Bon Voyage Charlie Brown and dont come back,other
combined,Rediscovering the Mystery of Video Games,gaming-other
combined,Rock Is Sponge ᐸarea 04ᐳ,gaming-other
combined,Saving Athena,other
combined,She Remembered Caterpillars  Act 1  Chapter 17  Walkthrough,gaming-puzzle
combined,Snake but with a skill tree,gaming-puzzle
combined,Squid Game Season 3  Official Trailer  Netflix,other
combined,Super Marios Invisible Difficulty Settings,gaming-other
combined,THE TALOS PRINCIPLE 2  Forget GOTY its a GOAT  Review After 50 Hours,gaming-puzzle
combined,Terminator Genisys,other
combined,The 100 Games That Taught Me Game Design,gaming-other
combined,The Book of Life,other
combined,The Gardens Between REVIEW Nintendo Switch PS4 PC,gaming-puzzle
combined,The Gardens Between Switch Review  NEVER SEEN THIS BEFORE,gaming-puzzle
combined,The Hitchhikers Guide to the Galaxy,other
combined,The Oracle of the Tides Sea of Stars pt 6,gaming-other
combined,The Peanuts Movie,other
combined,The best puzzle game you cant play  Lumines Electronic Symphony,gaming-puzzle
combined,They Turned an IKEA Manual into a Roguelike,gaming-other
combined,Transference  100 AchievementTrophy Guide  All Collectibles On Sale For 599 xbox,gaming-other
combined,True Facts Beetles That Took Things Too Far,other
combined,Vertical stacking works  New 60sec PR   Lumines II,gaming-puzzle
combined,Wednesday Season 2  First 6 Minutes  Netflix,other
combined,What If Fall Damage Was 10x Worse  Fowl Damage,gaming-other
combined,Why Is The US Dropping Billions Of Mutant Flies From The Sky,other
combined,Why Is The US Dropping Billions Of Mutant Flies From The Sky,other
combined,Wicked For Good  Official Trailer 2025 Cynthia Erivo Ariana Grande,other
combined,creative vs inventive,other
combined,Live  We May be Here for Some Time  Mekkablood Quarry Assault,gaming-other
combined,GAMELAB19 Making Baba Is Youwhat is this by Arvi Teikari Hempuli,gaming-puzzle
combined,free darkwave  artemas  mareux type beat  inhale,other
combined,16 YO UNDERDOG vs 7TIME CHAMP  Classic Tetris World Championship 2018 Final Round,gaming-puzzle
combined,2025 worlds strongest handheld laser,other
combined,3 LifeSaving Rope Knots for Emergency Situations,other
combined,40 Complex Games With BRUTAL Learning Curves,gaming-other
combined,Adorable  Nostalgic Action RPG  The Lonesome Guild Sponsored,gaming-other
combined,Air Traffic Control Last Week Tonight with John Oliver HBO,other
combined,BACKUPSTHUMBNAIL OPEN   Its Bugsnax SemiScripted Bugsnax MAP  UPDATE,gaming-other
combined,Baking brownies from the inside out,other
combined,Best Selling Godot Games of 2024,gaming-other
combined,Block Hills  Leafs Odyssey Episode 2,gaming-other
combined,Boring History For Sleep  What it was like to visit a Medieval TAVERN and more,other
combined,Borked  Broken ThreadRipper PC with MAJOR UPS Shipping Damage  PART 2,other
combined,Botanist Explains All GrassType Pokemon,other
combined,Buff So Hard Everything Explodes  Monster Train 2,gaming-other
combined,Building a 50 Surge Attack in the 1v1,gaming-other
combined,Camper Disguised As Pallets,gaming-other
combined,Can I fix Zeldas UI using Unity,gaming-other
combined,Can You Solve the Fishing Mystery  Rusty Lake,gaming-puzzle
combined,Can a Professional Engineer beat the IMPOSSIBLE quiz,gaming-puzzle
combined,Can a Professional Engineer beat the IMPOSSIBLE quiz,gaming-puzzle
combined,Carto  100 AchievementTrophy Guide  Full Walkthrough FREE with Xbox Gamepass,gaming-other
combined,Chrono Cross  Shadow Forest PS1 Transcription,gaming-other
combined,Cicada 3301 An Internet Mystery,other
combined,Creation the State of Art ᐸFull Optionᐳᐸarea 03ᐳ,other
combined,Cryptmaster  Fully Ramblomatic,gaming-other
combined,Cursed Problems in Game Design,gaming-other
combined,DOGE Got Hammered In Court,other
combined,Dame Riverland Farm  Stardew Valley  No Commentary 155,gaming-other
combined,Dangerous Animals  Exclusive Clip 2025 Jai Courtney Ella Newton,other
combined,Death Squared  Story Mode  Level 11  Drop pike,gaming-puzzle
combined,Dr Seuss Horton Hears a Who,other
combined,Dr Seuss The Lorax,other
combined,Enchanted April,other
combined,Enemy of the State,other
combined,Esoteric Ebb  Meet the Cleric  This is How You Roll,gaming-other
combined,Everdell  How To Play,gaming-other
combined,Every Fully Ramblomatic 2023  2024,other
combined,Factorio  Trailer 2020,gaming-other
combined,Finals  2016 Classic Tetris World Championship,gaming-puzzle
combined,Finspan  How To Play,gaming-other
combined,Flush Mewgenics OST,other
combined,From Chaos to Crops What Stardew Valley Taught Me About Time  OneGenericEric,gaming-other
combined,From The World of John Wick Ballerina Review,other
combined,Ghost of Yotei  Official June 2025 Trailer  State of Play 2025,gaming-other
combined,Grindstone Daily Grind Update  Apple Arcade iOS Gameplay by Capybara Games,gaming-puzzle
combined,Guide I Wish I Had  Starbound,gaming-other
combined,Hades Developers React to 25 Minute Fresh File Speedrun,gaming-other
combined,How These Puzzles Deceive You,gaming-puzzle
combined,How to Design a Puzzle Game In 5 Steps,gaming-puzzle
combined,How to play Puyo Puyo  Lesson 1 Concept of making chains,gaming-puzzle
combined,I Broke the Rules and Solved the Puzzle Lucias Book Puzzle,gaming-puzzle
combined,I Broke the Rules and Solved the Puzzle Lucias Book Puzzle,gaming-puzzle
combined,I Built the Simpsons School in Lego  Full Modular MOC Showcase,other
combined,I Found A Secret Level In GRINDSTONE,gaming-other
combined,I Found It The TRUE Game Begins Now,gaming-other
combined,I Made An Infinite Loop When Optimizing My Factory  Manufactoria 2022,gaming-other
combined,I Used 657 Keys to Unlock Giant Puzzle Doors  I Wanna Lockpick,gaming-puzzle
combined,I Used Godot For 100 Hours Heres What I Learned,gaming-other
combined,I made a big three headed wolf,other
combined,I started a DEMOLITION company and it went terribly,gaming-other
combined,I was almost in Squid Game,other
combined,In Stone We Crust,other
combined,Indepth analysis of the Nintendo Music app,gaming-other
combined,Its A Small World After All  Mystopia Cozy Sandbox World Builder Game,gaming-other
combined,Its only embarrassing if your embarrassed,other
combined,Jonathan Blow on his programming language jai,gaming-other
combined,Learn Unity 2D Vampire SurvivorsLike Full Game Tutorial,gaming-other
combined,Learning Crossword Week 56  NYT Crossword Wednesday June 4th 2025,gaming-puzzle
combined,Lets Play Kirby  the Amazing Mirror Part 1,gaming-other
combined,Lets Play Treasure Planet Part 12 BENs Tower,gaming-other
combined,Lets Play Zelda Classic  Dreams Realm Part 49,gaming-other
combined,Like a Dragon Infinite Wealth  Fully Ramblomatic,gaming-other
combined,Like a Dragon Pirate Yakuza in Hawaii  Fully Ramblomatic,gaming-other
combined,Lonesome Road Mewgenics Ost,other
combined,Max and the Book of Chaos Nintendo Switch Gameplay,gaming-other
combined,Minesweeper  Hexagons  My Dream Video Game  Hexcells,gaming-puzzle
combined,Mini Puyo Lesson Vertical Chaining Fundamentals,gaming-puzzle
combined,New Mosa Lina Update Means Me Forcing Retromation to Play with Me,gaming-other
combined,Oh Its Another Roguelike  SemiRamblomatic,gaming-other
combined,Opus Magnum  Pions Primal Perception,gaming-puzzle
combined,Opus Magnum Makes My Brain Melt Through my Ears,gaming-puzzle
combined,Ori and the Blind Forest  Part 3,gaming-other
combined,Ox Became a Bot,gaming-other
combined,PURRRFECT PARTY GAME  Jumping Jazz Cats PC Gameplay,gaming-other
combined,Pico Park  WORK TOGETHER DANGIT 4Player Gameplay,gaming-puzzle
combined,Programming Extremely Satisfying Alchemy Machines  Opus Magnum,gaming-other
combined,Put A Pin In It  Map Map  A Game About Maps Cozy Exploration  Mapping Game  Demo,gaming-other
combined,Puyo Lesson Breaking Down Stairs,gaming-puzzle
combined,Puyo Tutorials Part 1 Introduction to Puyo  Mechanics Overview,gaming-puzzle
combined,PuzzleSolving  Factory Building Fun,gaming-puzzle
combined,Reality Evolution Consciousness  Donald Hoffman Λ Philip Goff,other
combined,RealityScan 20  Official Features Overview Trailer  State of Unreal 2025,gaming-other
combined,Red Planet,other
combined,Robin Hood Men In Tights,other
combined,Romancing The Stone,other
combined,Shadows  E55  Void Stranger Lillie Adventure Johnstruct  Lets Play,gaming-other
combined,Shadows  E55  Void Stranger Lillie Adventure Johnstruct  Lets Play,gaming-other
combined,Skara Brea  Solo Playthrough,gaming-other
combined,Someone Made Deckbuilder FTL And Its Kinda Awesome  Star Scum,gaming-other
combined,Speed Racer,other
combined,Stardew Valley Lets Play 30  I now speak Slimese,gaming-other
combined,Stardew Valley Lets Play 30  I now speak Slimese,gaming-other
combined,Stardew valley 100 Playthrough Ep 3 no commentary,gaming-other
combined,Street Fighter The Legend of ChunLi,gaming-other
combined,Super Marios Invisible Difficulty Settings,gaming-other
combined,TETRIS EFFECT CONNECTED  Forest Dawn,gaming-puzzle
combined,Taskmaster Season 19 Episode 4  Midnight picnic  Full Episode,other
combined,Taskmaster Season 19 Episode 4  Midnight picnic  Full Episode,other
combined,Taskmaster Season 19 Episode 5  Maybe were the monsters  Full Episode,other
combined,Tetris Effect Connected  Classic Score Attack Singleplayer ver,gaming-puzzle
combined,The AI Apocalypse  Beyond the Black Void,other
combined,The Book of Life,other
combined,The Fantastic Four First Steps  Official Teaser Trailer 2025 Pedro Pascal Joseph Quinn,other
combined,The Hollow Knight Timeline  COMPLETE Hollow Knight Story  Lore,gaming-other
combined,The Invention that WASNT,other
combined,The Life of Chuck  Official Trailer 2 2025 Tom Hiddleston Chiwetel Ejiofor Karen Gillan,other
combined,The Most Useless Website on the Internet,other
combined,The NEW No Time To Relax  Walk of Life Demo Gameplay,gaming-other
combined,The Puzzle Game With 1000 Plot Twists,gaming-puzzle
combined,The World Design of Hollow Knight  Boss Keys,gaming-other
combined,The final minute barrier ever  Super Mario Bros Warpless World Record Explained,gaming-other
combined,The rules of this game change as you play it,gaming-other
combined,Theres a New Minigame in Cauldron,gaming-other
combined,These enemies got a bit too silly,gaming-other
combined,Thinky Direct 2025  Exclusive trailers and announcements for puzzle fans,gaming-puzzle
combined,This Game Looks Like Luck But Its All Skill  Sol Cesto,gaming-other
combined,This Psychological Trick Makes Rewards Backfire,other
combined,This device could save my business,other
combined,Top 10 MOST UNDERRATED Movies of 2023,other
combined,Tunic Developers React to 24 Minute World Record Speedrun,gaming-other
combined,Unboxing the Switch 2 Bundle  dbrand Killswitch,gaming-other
combined,Underdogs  Official Trailer 2025 Ryan Reynolds,other
combined,Unicorn Overlord Switch gameplay,gaming-other
combined,Unlocking The Rubber Chicken In Crossy Road Castle  The PRANK PARADE Speedrun Event,gaming-other
combined,Unlocking The Secret MEGA TURTLE Puzzle,gaming-puzzle
combined,Using Apple Trees to Decode Abstract Puzzles,gaming-puzzle
combined,Using Giant Hedge Mazes to Solve Confusing Puzzles,gaming-puzzle
combined,War of the Worlds,other
combined,Watch out for the waves Ultimate Chicken Horse  Pier Level 12,gaming-other
combined,We Can CURSE on YouTube  Hollywood Director  Whose Line Is It Anyway,other
combined,Week 0 End Game  Opus Magnum Tournament 2023,gaming-other
combined,Whats Causing the Parkinsons Belt,other
combined,When a game makes your academic success worthless,gaming-other
combined,Wumbuyo Stream Live,gaming-other
combined,YIIK A Post Modern RPG  REVIEW A Trippy Fever Dream Into the 90s,gaming-other
combined,Yellow Taxi Goes Vroom  Phantom Fury  Fully Ramblomatic,gaming-other
combined,You Should Play  Opus Magnum,gaming-puzzle
combined,Zelda The Wind Waker  All Item Upgrade Locations,gaming-other
combined,Puyo Puyo Tetris 2 how to get murdered in under 30 seconds,gaming-puzzle
combined,shapez 2 Dimension Update  Out Now,gaming-puzzle
combined,LIVE  Home Movies  adult swim,other
combined,Dominos App feat Hatsune Miku The ad that vanished from YouTube,other
combined,Bonus Video A Very Okay Steward Run That Did Not Win  Monster Train 2,gaming-other
combined,Cicada 3301 An Internet Mystery,other
combined,Is This The Greatest Card Game Of All Time  Board AF Flip 7,gaming-other
combined,Taskmaster Season 19 Episode 5  Maybe were the monsters  Full Episode,other
combined,Jonathan Blow on his programming language jai,other
combined,Sudoku Expert Plays The Witness,gaming-puzzle
combined,True Wireless Power is FINALLY here building a TRULY wirefree setup,other
combined,Air Traffic Control Last Week Tonight with John Oliver HBO,other
combined,Can a Professional Engineer beat the IMPOSSIBLE quiz,gaming-other
combined,I Found A Secret Level In GRINDSTONE,gaming-other
combined,I was almost in Squid Game,other
combined,planes if they were 10000 times better,other
combined,4 HOURS of Ancient Mysteries Science Cant Explain,other
combined,T POSING THROUGH LIFE  To A T Gameplay,gaming-other
combined,They Turned an IKEA Manual into a Roguelike,gaming-other
combined,Your iPads USBC Port Can Do More Than You Think,other
combined,How Nuclear Flies Protect You from FleshEating Parasites,other
combined,I competed in the biggest puzzle contest in America And my new strategy worked,gaming-puzzle
combined,Taskmaster Season 19 Episode 4  Midnight picnic  Full Episode,other
combined,This Puzzle Game Is the Definition of a Masterpiece,gaming-puzzle
combined,How to Reveal A Twist Villain,other
combined,Jas Broke the Game  Game of Life 2 Patreon Pick,gaming-other
combined,Mystery Loves Company  Board Game Show Bonus Video,gaming-other
combined,Nebulock Demo Footage,gaming-other
combined,Rediscovering the Mystery of Video Games,gaming-other
combined,The Hitchhikers Guide to the Galaxy,other
combined,Baba Is You  Release Date Trailer  Nintendo Switch,gaming-puzzle
combined,Buff So Hard Everything Explodes  Monster Train 2,gaming-other
combined,Dominos App feat Hatsune Miku The ad that vanished from YouTube,other
combined,Flat Heroes  1  Its Hip to be Square 4 Player Gameplay,gaming-other
combined,Grindstone 4K60 Apple TV 4K 2nd generation Gameplay,gaming-puzzle
combined,Lets Play Opus Magnum  PC Gameplay Part 2  Comprehension,gaming-puzzle
combined,Live Birds In 4K Cornell Lab FeederWatch Cam at Sapsucker Woods,other
combined,Oh Its Another Roguelike  SemiRamblomatic,gaming-other
combined,Opus Magnum 2025 Tournament Week 5 Crystallized Air,gaming-puzzle
combined,The 10Year Hunt for the Lost McDonalds DS Game,gaming-other
combined,The Biggest 50 Car Battle of All Time  Junkyard Joust FINALS,gaming-other
combined,The Making of PREY  Documentary,gaming-other
combined,Thinky Direct 2025  Exclusive trailers and announcements for puzzle fans,gaming-puzzle
combined,You Aint Ever Seen Cauldron Fishing Gaming like This One,gaming-other
combined,CHAOTIC COOP CAR REPAIRS  Manic Mechanics 4Player Gameplay,gaming-other
combined,Cicada 3301 An Internet Mystery,other
combined,Gameplay  Opus Magnum Part 1  The Basics of Alchemy,gaming-puzzle
combined,How Return of the Obra Dinn Turns You Into a Detective,gaming-puzzle
combined,ITS COOP NOW  Vampire Survivors 4Player Gameplay,gaming-other
combined,Jonathan Blow on his programming language jai,other
combined,Lets Play  Part 1,gaming-other
combined,Lets Play Word Play,gaming-puzzle
combined,Old School Card Battler RPG That Absolutely Slaps  Anode Heart Layer Null,gaming-other
combined,PURRRFECT PARTY GAME  Jumping Jazz Cats PC Gameplay,gaming-other
combined,Playing A Card Game to SAVE MY LIFE  Inscryption,gaming-other
combined,Point and Click Puzzle Design,gaming-puzzle
combined,Rez Level 5  Fear is the Mindkiller  Mashup Ost  Ingame music,gaming-other
combined,StepbyStep Guide to Repeating Patterns HALLOWEEN EDITION,other
combined,Taskmaster Season 19 Episode 3  My presumably stum  Full Episode,other
combined,The Making of Outer Wilds  Documentary,gaming-other
combined,Theres a New Minigame in Cauldron,gaming-other
combined,They made a game about cardboard boxes,gaming-other
combined,This Fantastic Woodpunk Automation Sim Is Finally Out In 10  Oddsparks An Automation Adventure,gaming-other
combined,This shouldnt be good,other
combined,Tim Burtons Corpse Bride,other
combined,192 Essential JRPGs on Nintendo Switch  The MustPlay RPGs for your Physical Collection,gaming-other
combined,50 words to describe birds  MBMBaM Animation,other
combined,ANOMALIES HAVE TAKEN OVER  Observation Duty 6,gaming-other
combined,An Engineer Ranks All The ZACHTRONICS Game,gaming-other
combined,Black Holes Son  Ultimate Chicken Horse,gaming-other
combined,Blue Prince  Fully Ramblomatic,gaming-other
combined,Busted Build Loot Crawler Roguelike Now With CoOp  Megaloot,gaming-other
combined,Cute Mouse Survival Sandbox  Winter Burrow,gaming-other
combined,Death Becomes Her,other
combined,Downton Abbey The Grand Finale  Official Teaser Trailer 2025,other
combined,Early Preview of Years of Division A New FElike Indie SRPG,gaming-other
combined,Fling to the Finish  Whip Your Friends Back and Forth 4 Player Gameplay,gaming-other
combined,Hard Mode As A New Player  Cute  Cozy  Kingdoms  Castles  Lets Play  Gorlie Save Ep 1,gaming-other
combined,Heads of State  Official Final Trailer 2025 John Cena Idris Elba Priyanka Chopra Jonas,other
combined,How Jonathan Blow Designs a Puzzle,gaming-puzzle
combined,I Broke the Rules and Solved the Puzzle Lucias Book Puzzle,gaming-puzzle
combined,I Built a DD City out of PAPER,gaming-other
combined,I Thought I Was Cooking in Opus Magnum but I was Actually Engulfed in Flames,gaming-other
combined,It is Time to Climb the Mountain,gaming-other
combined,Jade Order Nintendo Switch Review  Strategy Adventure Game Thats Trying Something Different,gaming-other
combined,Massive Game Where the ENTIRE HOUSE is a Puzzle  The Room 4,gaming-puzzle
combined,Meteos Game Concepts,gaming-other
combined,Mystery Loves Company  Board Game Show Bonus Video,gaming-other
combined,New Mosa Lina Update Means Me Forcing Retromation to Play with Me,gaming-other
combined,Opus Magnum  Pions Primal Perception,gaming-puzzle
combined,Opus Magnum Makes My Brain Melt Through my Ears,gaming-puzzle
combined,Paralyzed cats hilarious reaction to wheelchair,other
combined,Pico Park  WORK TOGETHER DANGIT 4Player Gameplay,gaming-puzzle
combined,Pokémon Scarlet  Violet 13 Minutes of Nintendo Switch 2 Gameplay,gaming-other
combined,Recreating EVERY Type Of YouTuber,other
combined,Robin Hood Men In Tights,other
combined,Slay the Spire 2  Official Gameplay Trailer,gaming-other
combined,Someone Made Deckbuilder FTL And Its Kinda Awesome  Star Scum,gaming-other
combined,Split Fiction  Fully Ramblomatic,other
combined,Stardew Valley Lets Play 30  I now speak Slimese,gaming-other
combined,State of Unreal  Unreal Fest Orlando 2025,gaming-other
combined,StepbyStep Guide to Repeating Patterns HALLOWEEN EDITION,other
combined,Submerged Switch Game Review also on PS4 Xbox PC  iOS,gaming-other
combined,Sudoku Expert Plays The Witness,gaming-puzzle
combined,Superliminal Full Game Walkthrough  All Collectibles,gaming-puzzle
combined,THE ENDLESS TUNNEL  Blue Prince,gaming-other
combined,THE TALOS PRINCIPLE 2  Forget GOTY its a GOAT  Review After 50 Hours,gaming-puzzle
combined,Taskmaster Season 19 Episode 4  Midnight picnic  Full Episode,other
combined,Taskmaster Season 19 Episode 5  Maybe were the monsters  Full Episode,other
combined,The COMPLETE Guide to Graveyard Keeper What You NEED to Know Beginner to Advanced,gaming-other
combined,The Cauldron Finale,other
combined,The Entire History of RPGs,gaming-other
combined,The Genius AI Behind The Sims,gaming-other
combined,The NEW No Time To Relax  Walk of Life Demo Gameplay,gaming-other
combined,The Nintendo character with zero Google results,gaming-other
combined,The State of Puyo Puyo in 2024,gaming-puzzle
combined,The Truman Show,other
combined,The Ultimate Guide To Absolutely Everything In The Universe,other
combined,There is a Secret Area Under the Mountain,gaming-other
combined,They added gravity to Chess,gaming-puzzle
combined,They made rejecting the terms and conditions x1000 harder,other
combined,This Funguy Eats Titans  Monster Train 2,gaming-other
combined,This Opus Magnum machine scores higher than Grahams number,gaming-puzzle
combined,This Puzzle Game Is the Definition of a Masterpiece,gaming-puzzle
combined,Top 10 MOST UNDERRATED Movies of 2023,other
combined,We Compete to Make the Most SATISFYING CGi 7,other
combined,When a game makes your academic success worthless,gaming-other
combined,You Know Its a Good Game When You Play as a Brain  Starless Abyss,gaming-other
combined,Vlog My lunch for Today A Chocolate snack and the leftover of my daughters breakfast meal,other
combined,I HATE my vise Return my MONEY,other
combined,141 Digging a trench to extend our water and electricity system,other
combined,2 Chefs Watch As Home Cooks Remake a Dish From JUST Taste  Sorted Food,other
combined,27mins connected vs game virgo,gaming-other
combined,3D Resource Based Weapon System  Godot 4 Tutorial,gaming-other
combined,5x Duping Bloodthirsty Blades Is Goofy Busted  Monster Train 2,gaming-other
combined,A Sudoku With Only 4 Given Digits The 2025 Version,gaming-puzzle
combined,AI learns to play Google Chrome Dinosaur Game  Can you beat it,gaming-other
combined,ANOMALIES HAVE TAKEN OVER  Observation Duty 6,gaming-other
combined,Adorable  Nostalgic Action RPG  The Lonesome Guild Sponsored,gaming-other
combined,Air Traffic Control Last Week Tonight with John Oliver HBO,other
combined,Animal medium Well ALL EGGS Maybe Deaths Door later,gaming-other
combined,Arvi Teikari Baba is You What now  Games Now,gaming-puzzle
combined,BEAUTIFUL PLANET  The most beautiful places on Earth,other
combined,Black Holes Son  Ultimate Chicken Horse,gaming-other
combined,Blue Prince Day 1 Attempt Massive Throw,gaming-other
combined,Bonus Video A Very Okay Steward Run That Did Not Win  Monster Train 2,gaming-other
combined,Boomerang Fu  1  EXPLODING BOOMERANGS 4 Player Gameplay,gaming-other
combined,Building Glorious Bridges Made Entirely of Puzzles,gaming-puzzle
combined,Camping at Sunny Lake  Duck Detective The Ghost of Glamping  Part 1,other
combined,Can we Improve Tutorials for Complex Games,gaming-other
combined,Can you solve the Leonardo da Vinci riddle  Tanya Khovanova,other
combined,Carto  100 AchievementTrophy Guide  Full Walkthrough FREE with Xbox Gamepass,gaming-other
combined,Cat TV for Cats to Watch  Playful Birds Chipmunks Squirrels  8 Hours 4K HDR,other
combined,Chess But Pieces Have Gravity,gaming-other
combined,Chess But Theres Sidequests,gaming-other
combined,Civ 7 Switch 2 Release Date and Features Revealed in New Trailer  Will it be worth it,gaming-other
combined,Cloudy with a Chance of Meatballs 2,other
combined,Conquering the Whole Island to Summon a Giant Laser Beam,gaming-other
combined,Cosy Maths Practice Stream,other
combined,Creaks Full Game Walkthrough  All Achievements,gaming-puzzle
combined,Creation the State of Art ᐸFull Optionᐳᐸarea 03ᐳ,other
combined,Crooks Like Us  BALENCE YOUR LOOT 4 Player Demo Gameplay,gaming-other
combined,Cult Classic Dungeon Crawler RPG  Etrian Odyssey 2 HD,gaming-other
combined,Cuphead Developers React to 23 Minute Speedrun,gaming-other
combined,DOG vs ALEX T  Classic Tetris World Championship 2024 Finals,gaming-puzzle
combined,Death Squared  4  DANCE PARTY Twitch Highlight,gaming-puzzle
combined,Decorating is HEALING  Small Apartment Ideas,other
combined,Discounty 20 Minutes of Exclusive Gameplay,gaming-other
combined,Downton Abbey The Grand Finale  Official Teaser Trailer 2025,other
combined,Dr Seuss Horton Hears a Who,other
combined,Dr Seuss The Lorax,other
combined,Drawing Classic Drawfee Characters That Weve Never Drawn Before,other
combined,Duster  Exclusive Jim the Roadruner Clip 2025 Josh Holloway,other
combined,Exploiting the game to make myself smarter,gaming-other
combined,Exploring Tetris Land to Learn What We Already Know,gaming-puzzle
combined,Exploring the Back Side of the Mountain,gaming-other
combined,FIRST PERSON DECK BUILDER  Shroom and Gloom Steam Demo,gaming-other
combined,First Time Playing This Game  Stardew Valley,gaming-other
combined,Flip 7  How To Play,gaming-puzzle
combined,Flosstube 62  Stitch Maynia 2025 and Summer of Smalls,other
combined,Frankenstein  Guillermo del Toro  Official Teaser  Netflix,other
combined,From EBook to Real Book Chapter 3  FINALE,other
combined,From Tree to Firewood in Seconds  Insane Speed,other
combined,GET THE BLOCK OUT OF MY WAY  Block Em 4 player demo gameplay,gaming-other
combined,Giant Puzzles That Require Giant Brainpower  Taiji,gaming-puzzle
combined,Girl Steals Clock Now Doing Time  Fantasy Life i The Girl Who Steals Time  Episode 10,gaming-other
combined,Good Game Design  Baba Is You,gaming-puzzle
combined,Googles XR Glasses Are Real and I Tried Them,other
combined,Great Puzzle Game Alternatives to Tetris,gaming-puzzle
combined,Grindstone Switch Review  consolevania 818,gaming-other
combined,Grindstone  One Furiously Beefy Dad On A Match Three Slashing Spree,gaming-other
combined,Grindstone Daily Grind Update  Apple Arcade iOS Gameplay by Capybara Games,gaming-other
combined,Guess What Cartoon Character Julia is Describing I Dare You,other
combined,Have These Sudoku Lines Been Labelled Correctly,gaming-puzzle
combined,How Nuclear Flies Protect You from FleshEating Parasites,other
combined,How Snake Pass Became a Platformer Without Jumping,gaming-other
combined,How To Fail At Puzzle Games,gaming-puzzle
combined,How To Foreshadow A Twist Villain  Turbo  Ernesto,other
combined,How to Juggle 6 Balls,other
combined,How to make a COLOR SWITCH Replica in Unity Livestream Tutorial,gaming-other
combined,How to play Puyo Puyo  Lesson 1 Concept of making chains,gaming-puzzle
combined,I Fought Against a Team of Pro Tetris Players,gaming-puzzle
combined,I Found It The TRUE Game Begins Now,gaming-other
combined,I Got ONE MILLION on EVERY Minigame in Cauldron,gaming-other
combined,I Got ONE MILLION on EVERY Minigame in Cauldron,gaming-other
combined,I Programmed an Extremely Efficient ICE CREAM FACTORY  20th Century Food Court,gaming-other
combined,I Restored and Upgraded This 2 Junk Original Gameboy  Console Restoration  Repair,gaming-other
combined,I Used 657 Keys to Unlock Giant Puzzle Doors  I Wanna Lockpick,gaming-puzzle
combined,Ill Take the Worlds Worst Voice Recognition for a Hundred Alex,other
combined,Ill Take the Worlds Worst Voice Recognition for a Hundred Alex,other
combined,Ill give you testicular cancer Plate Up ft Kingspirits,other
combined,Ive Given You 3 Tools Now Solve the Level,gaming-puzzle
combined,Intense Anime Tetris Battle,gaming-puzzle
combined,Intense Tetris Battle Royale Tetrio,gaming-puzzle
combined,Is Grindstone worth playing more,gaming-other
combined,Is This A Sudoku A New Discovery,gaming-puzzle
combined,Its 20 Small Mazes How Hard Can It Be,gaming-puzzle
combined,Jade Order Nintendo Switch Review  Strategy Adventure Game Thats Trying Something Different,gaming-other
combined,Jimmy O Yang Guess How Much,other
combined,Jon Stewart on Elon Musks BlackEyed Exit  Trumps Insane New Biden Conspiracy  The Daily Show,other
combined,Just Shapes  Beats  MUSICAL BULLET HELL 4 Player Gameplay,gaming-other
combined,LIVE Bird Feeder and Wildlife Cam 4K Gettysburg PA over 30 species identified,other
combined,LORT  Official Announcement Trailer,gaming-other
combined,Lets Play While True Learn  PC Gameplay Part 1  Machine Learning Is Hard,gaming-other
combined,Lord of the Rings   The Shire Peaceful Music  Ambience During Midnight Thunderstorm,other
combined,Major Payne,other
combined,Marathon Art Style Breakdown,other
combined,Mary Kiss or KILL  Guilty As Sock with Intelligame,gaming-other
combined,Minesweeper  Hexagons  My Dream Video Game  Hexcells,gaming-puzzle
combined,Miss Willoughby and the Haunted Bookshop,other
combined,More Asgards Fall,gaming-other
combined,NEW SUNKEN TREASURES MAP DLC  CLANK PC Gameplay,gaming-other
combined,NEW UPDATE NEW ROLES  Guilty As Sock w TheBrianJ  MattCaulder,gaming-other
combined,Nine Sols  Fully Ramblomatic,gaming-other
combined,Obscure Pokemon Facts You DONT Know,gaming-other
combined,Oh Its Another Roguelike  SemiRamblomatic,gaming-other
combined,Optimizing An Extremely Satisfying Robot Factory  Manufactoria 2022,gaming-puzzle
combined,Optimizing My Factory for Speed AND Size  Opus Magnum,gaming-puzzle
combined,Optimizing My Factory for Speed AND Size  Opus Magnum,gaming-puzzle
combined,Opus Magnum is One of the Best Puzzle Games and Ive Never Played It,gaming-puzzle
combined,Overcooked All You Can Eat  EVERYTHING IS NEW 2Player PS5 Gameplay,gaming-other
combined,PPT  Chain Practice,gaming-puzzle
combined,Part 3 Broken 1978 Taito Space Invaders Brought Back To Life Conclusion,gaming-other
combined,Peanuts Bon Voyage Charlie Brown and dont come back,other
combined,Pipistrello and the Cursed Yoyo Review A Love Letter to Retro Gaming,gaming-other
combined,PlateUp  A Roguelike Overcooked 4Player Gameplay,gaming-other
combined,Predator Killer of Killers  Exclusive Clip 2025,other
combined,Predator Killer of Killers  Official Bloody Your Spear Clip 2025,gaming-other
combined,Pumpkin Summons Are Cracked In Talented,gaming-other
combined,Puyo Tutorials Part 2 Introduction to Chaining  The Blocking Method,gaming-puzzle
combined,RealityScan 20  Official Features Overview Trailer  State of Unreal 2025,gaming-other
combined,Rediscovering the Mystery of Video Games,other
combined,Relaxing Stardew Valley Longplay   Peaceful Spring Start  No Commentary,gaming-other
combined,Revealing 5 Secret Magic Tricks With Science,other
combined,Roadside Research  Official Reveal Trailer,gaming-other
combined,S2EP45 Working in Unity Pixel Art Roguelite Fantasy Team Builder TurnBase RPG,gaming-other
combined,Shovel Knight Shovel of Hope DX  Announcement Trailer  Nintendo Switch,gaming-other
combined,Solve with Me This IMPOSSIBLE Sudoku Puzzle Step By Step,gaming-puzzle
combined,Solving a Harvard University Entrance Exam Question  Find x,other
combined,Sony State of Play June 2025 Livestream,gaming-other
combined,Sorry I stopped posting but I made another game,gaming-other
combined,Stumpt Plays  Ultimate Chicken Horse  1  Party Mode 4 Player Gameplay,gaming-other
combined,Super Marios Invisible Difficulty Settings,gaming-other
combined,Surfs Up,other
combined,Sushi Striker The Way of Sushido  REVIEW Nintendo Switch,gaming-other
combined,Switch 2 vs Switch 1  Pokémon Scarlet  Violet Graphics Comparison,gaming-other
combined,T POSING THROUGH LIFE  To A T Gameplay,gaming-other
combined,TRY HARD MODE  Rounds,gaming-other
combined,Terminator Genisys,other
combined,Thank You The Legacy of Thor,other
combined,The 100 Games That Taught Me Game Design,gaming-other
combined,The 2024 Games I Didnt Review  Fully Ramblomatic,gaming-other
combined,The Best Games from GMTK Game Jam 2024,gaming-other
combined,The Best Mobile Games Youve NEVER Played,gaming-other
combined,The Book of Life,other
combined,The CasualCore Fallacy  Designing for Depth  Extra Credits,gaming-other
combined,The Fantastic Four First Steps  Official Teaser Trailer 2025 Pedro Pascal Joseph Quinn,other
combined,The Gardens Between REVIEW Nintendo Switch PS4 PC,gaming-other
combined,The History of Bethesda Game Studios,gaming-other
combined,The MIX Summer Game Showcase 2025,gaming-other
combined,The NEW No Time To Releax  Walk of Life Demo Gameplay,gaming-other
combined,The Nintendo Switch App Is Almost Perfect After Update,gaming-other
combined,The Power of Incentives  How Games Help Us Examine Our World  Extra Credits,gaming-other
combined,The Power of Incentives  How Games Help Us Examine Our World  Extra Credits,gaming-other
combined,The Roguelike Deckbuilder Where You FEED the Enemies Instead of KILLING Them,gaming-other
combined,The Talos Principle  The Tower Levels 1  5 with Stars,gaming-puzzle
combined,The Towering Inferno,other
combined,The Two Types of Random in Game Design,gaming-other
combined,The Ultimate Guide To Absolutely Everything In The Universe,other
combined,The Witcher 4  UE 56 Tech Demo  State of Unreal 2025,gaming-other
combined,The World Design of BanjoKazooie,gaming-other
combined,The rules of this game change as you play it,gaming-other
combined,They made cable management x1000 more difficult,other
combined,They made rejecting the terms and conditions x1000 harder,other
combined,This Polished Masterpiece is Flying Under the Radar  StarVaders,gaming-other
combined,This Psychological Trick Makes Rewards Backfire,other
combined,This is the BEST 5 game ever made,gaming-other
combined,Thrive The Evolution of a Game,gaming-other
combined,Top 10 MOST UNDERRATED Movies of 2023,other
combined,Top 10 Shoot Em Ups on Nintendo Switch 2022 Update Best Switch Shmups,gaming-other
combined,Tricks Secrets Glitches and More in Super Mario Sunshine Arcade 2,gaming-other
combined,True Wireless Power is FINALLY here building a TRULY wirefree setup,other
combined,UnderMine 2 Is Finally Here Almost,gaming-other
combined,Underdogs  Official Trailer 2025 Ryan Reynolds,other
combined,Unlocking The Secret MEGA TURTLE Puzzle,gaming-puzzle
combined,Unravel Review,gaming-other
combined,Using Incredible Improvisation to Beat Quarry Puzzles,gaming-puzzle
combined,Valves Secret Weapon,gaming-other
combined,We Lied Again  Bit City,gaming-other
combined,We React To The Smosh Hunger Games,other
combined,Week 0 End Game  Opus Magnum Tournament 2023,gaming-puzzle
combined,What If Fall Damage Was 10x Worse  Fowl Damage,gaming-other
combined,What Makes a Game Timeless,gaming-other
combined,Whispers from the Abyss  Cyberpunk  Cosmic Horror,gaming-other
combined,Who Can You Trust Board AF Munchkin,gaming-other
combined,Why Are Modern Games Obsessed With Parrying  SemiRamblomatic,gaming-other
combined,Why Is The US Dropping Billions Of Mutant Flies From The Sky,other
combined,Worms WMD Switch Review  Nintendo Switch Strategy Game,gaming-other
combined,Wumbo Classic Tetris Progress 6425,gaming-puzzle
combined,Wumbuyo Stream Live,other
combined,X4 GUIDE Passive Income  Mining Fleet 24,gaming-other
combined,You Aint Ever Seen Cauldron Fishing Gaming like This One,gaming-other
combined,planes if they were 10000 times better,other
combined,shapez 2 Dimension Update  Out Now,gaming-puzzle
combined,Birds  Squirrels in Blooming Spring Live 12 Hours in Ultra HD,other
combined,Dominos App feat Hatsune Miku The ad that vanished from YouTube,other
combined,You Aint Ever Seen Cauldron Fishing Gaming like This One,gaming-other
combined,Making the worlds most powerful Red Bull,other
combined,Taskmaster Season 19 Episode 5  Maybe were the monsters  Full Episode,other
combined,Jonathan Blow on his programming language jai,gaming-other
combined,Baking brownies from the inside out,other
combined,Rediscovering the Mystery of Video Games,gaming-other
combined,AI Teachers and Duolingos New Plan  What Could Go Wrong,other
combined,Air Traffic Control Last Week Tonight with John Oliver HBO,other
combined,Can a Professional Engineer beat the IMPOSSIBLE quiz,gaming-puzzle
combined,Death Squared  4  DANCE PARTY Twitch Highlight,gaming-puzzle
combined,I competed in the biggest puzzle contest in America And my new strategy worked,gaming-puzzle
combined,Sudoku Expert Plays The Witness,gaming-puzzle
combined,Super Marios Invisible Difficulty Settings,gaming-other
combined,The rules of this game change as you play it,gaming-other
combined,Puyo Puyo Tetris intense swap battle vs livedesu 04032018 PC,gaming-puzzle
combined,Boring History For Sleep  What it was like to visit a Medieval TAVERN and more,other
combined,Cicada 3301 An Internet Mystery,other
combined,Coding Adventure Software Rasterizer,other
combined,I Broke the Rules and Solved the Puzzle Lucias Book Puzzle,gaming-puzzle
combined,Massive Game Where the ENTIRE HOUSE is a Puzzle  The Room 4,gaming-puzzle
combined,THE TALOS PRINCIPLE 2  Forget GOTY its a GOAT  Review After 50 Hours,gaming-puzzle
combined,The 100 Games That Taught Me Game Design,gaming-other
combined,What If Fall Damage Was 10x Worse  Fowl Damage,gaming-other
combined,planes if they were 10000 times better,other
combined,Burst The Balloon From the Furthest Distance  Full Task  Taskmaster,other
combined,Dr Seuss The Lorax,other
combined,Grindstone Daily Grind Update  Apple Arcade iOS Gameplay by Capybara Games,gaming-puzzle
combined,How Can You Spice Up A Time Limit,gaming-other
combined,How To Play Monopoly Correctly  A Full Tutorial,other
combined,How to Play Regicide A CHALLENGING Dungeon Crawl Card Game,gaming-other
combined,I was almost in Squid Game,other
combined,Intense Tetris Battle Royale Tetrio,gaming-puzzle
combined,Monty Python And The Holy Grail,other
combined,Opus Magnum 2025 Tournament Week 5 Crystallized Air,gaming-puzzle
combined,Point and Click Puzzle Design,gaming-puzzle
combined,Sea Of Stars Throes Of The Watchmaker  Lost Island Goodies  Wolf Rock Entry  Episode 9,gaming-other
combined,Surfs Up,other
combined,Taskmaster Season 19 Episode 4  Midnight picnic  Full Episode,other
combined,Tetris 99  Toy Blocks music extended 10 players,gaming-puzzle
combined,The book with a multiplayer firstperson shooter inside,gaming-other
combined,They Turned an IKEA Manual into a Roguelike,gaming-other
combined,They made a game about cardboard boxes,gaming-other
combined,Why The Frequency Illusion Is Everywhere Now,other
combined,Tetris Effect Connected murdering a horse with a 80attack KIRBTRIS,gaming-puzzle
combined,27mins connected vs game virgo,gaming-other
combined,AI Learns to Play Soccer and breaks physics,gaming-other
combined,Air Traffic Control Last Week Tonight with John Oliver HBO,other
combined,Board Game Reviews Ep 215 TAK,gaming-other
combined,Breaking All The Rules  Baba Is You  Episode 1,gaming-puzzle
combined,Breaking All The Rules  Baba Is You  Episode 1,gaming-puzzle
combined,Can a Professional Engineer beat the IMPOSSIBLE quiz,gaming-puzzle
combined,DOGE Got Hammered In Court,other
combined,Every 2D Node Explained in 9 Minutes,other
combined,Gameplay  Opus Magnum Part 1  The Basics of Alchemy,gaming-puzzle
combined,Gameplay  Opus Magnum Part 1  The Basics of Alchemy,gaming-puzzle
combined,GrindStone Review  First Impression Playstation 5,gaming-other
combined,How 1990s Magic Eye 3D Images Were Made,other
combined,I Cant Believe How Few People it Takes,other
combined,I Entered a Doubles Tourney with Krome and This is What Happened,gaming-other
combined,I Fought Against a Team of Pro Tetris Players,gaming-puzzle
combined,I Found A Secret Level In GRINDSTONE,gaming-puzzle
combined,I tried to outsmart AI with impossible puzzles,gaming-puzzle
combined,Intense Tetris Battle Royale Tetrio,gaming-puzzle
combined,It is Time to Climb the Mountain,gaming-other
combined,Lets Play Opus Magnum  PC Gameplay Part 2  Comprehension,gaming-puzzle
combined,Lets Try Opus Magnum  Design and Build Alchemical Machines,gaming-puzzle
combined,Making the worlds most powerful Red Bull,other
combined,PPT  Chain Practice,gaming-other
combined,Programming Extremely Satisfying Alchemy Machines  Opus Magnum,gaming-puzzle
combined,Ranking Every DISNEY Movie by the 100000th Frame,other
combined,Sea Of Stars Throes Of The Watchmaker  Feral Queen Battle  Horloge Wheels Coin  Episode 12,gaming-other
combined,Sea Of Stars Throes Of The Watchmaker  The Oubliettes Artys Escape  Solstice Rescue  Episode 2,gaming-other
combined,StepbyStep Guide to Repeating Patterns HALLOWEEN EDITION,other
combined,Tackling the Biggest Unsolved Problems in Math with 3Blue1Brown,other
combined,The Best Games from GMTK Game Jam 2024,gaming-other
combined,The Emerald Tablet Of Hermes Trismegistus  EXPLAINED,other
combined,The Man Who Almost Broke Math And Himself,other
combined,The Power of Incentives  How Games Help Us Examine Our World  Extra Credits,gaming-other
combined,The Puzzle Game With 1000 Plot Twists,gaming-puzzle
combined,The State of Puyo Puyo in 2024,gaming-other
combined,The Truman Show,other
combined,The Ultimate Guide To Absolutely Everything In The Universe,other
combined,The World Design of Hollow Knight  Boss Keys,gaming-other
combined,These Memes Are Funny,other
combined,They added gravity to Chess,gaming-puzzle
combined,Twilight with a Cat Behind the Scenes,other
combined,Uncovering the Secrets of the Windmill,gaming-puzzle
combined,Who was the first video game boss And why do we call them that,gaming-other
combined,Why Are Controller Buttons Like That,gaming-other
combined,Why are classic Tetris pros slower than modern Tetris pros,gaming-puzzle
combined,creative vs inventive,other
combined,iPhone and Android Games Thatll Actually Engage Your Brain,gaming-other
combined,251 HOW TO PICK BEST SFIC CORES,other
combined,A Beginners Guide to Puyo Puyo Part 1 The Blocking Method,gaming-puzzle
combined,A Big Bold Beautiful Journey  Official Trailer 2025 Margot Robbie Colin Farrell,other
combined,A Programmer Plays Wonder Boy The Dragons Trap Episode 6,gaming-other
combined,A free game SHOULD NOT be this good,gaming-other
combined,ASMR Fantasy  Town Crier Tells You the News  Helps You Find Your Way  Journey to Eshon Part IV,other
combined,Absurd Trolley Problems in Baba is You,gaming-puzzle
combined,Arvi Teikari Baba is You What now  Games Now,gaming-other
combined,Best Fails of the Week  Mistakes Gone Wrong,other
combined,Bionic Recreation and Disaster,gaming-other
combined,Biped  WADDLE OUR ROBO FEET 2Player Coop Gameplay,gaming-other
combined,Boring History For Sleep  WEIRD Sleep Habits of Medieval People and more,other
combined,Botanist Explains All GrassType Pokemon,other
combined,Brain training 7 puzzles to challenge your mind,gaming-puzzle
combined,Buff So Hard Everything Explodes  Monster Train 2,gaming-other
combined,Bugsnax Developers React to 15 Minute Speedrun,gaming-other
combined,Building Glorious Bridges Made Entirely of Puzzles,gaming-puzzle
combined,Can we Improve Tutorials for Complex Games,gaming-other
combined,Can you solve the riddle of Pandoras box  Alex Rosenthal,gaming-puzzle
combined,Cicada 3301 An Internet Mystery,other
combined,Citizen Sleeper 2 Starward Vector  Fully Ramblomatic,gaming-other
combined,Conquering the Whole Island to Summon a Giant Laser Beam,gaming-other
combined,Crime Scene Cleaner  Fully Ramblomatic,gaming-other
combined,Cryptmaster  Fully Ramblomatic,gaming-other
combined,Dead End Job  Nintendo Switch Review,gaming-other
combined,Death Becomes Her,other
combined,Dominos App feat Hatsune Miku The ad that vanished from YouTube,other
combined,EPIC is the Most Exciting Musical in Years,other
combined,Early Preview of Years of Division A New FElike Indie SRPG,gaming-other
combined,Every Autism Type Explained In 16 Minutes,other
combined,Every Fully Ramblomatic 2023  2024,other
combined,Exploiting the game to make myself smarter,gaming-other
combined,Exploring Natures Secrets with David Attenborough 4K Documentary,other
combined,Exploring the Back Side of the Mountain,other
combined,Factorio  Wordle  A word game for engineers,gaming-puzzle
combined,Flat Heroes  1  Its Hip to be Square 4 Player Gameplay,gaming-other
combined,GET THE BLOCK OUT OF MY WAY  Block Em 4 player demo gameplay,gaming-other
combined,Giant Puzzles That Require Giant Brainpower  Taiji,gaming-puzzle
combined,God Of War A Bedtime Story  Ragnarök Lore  Ambience To Fall Asleep  ASMR Norse Myth Sleep Story,gaming-other
combined,Grindstone  One Furiously Beefy Dad On A Match Three Slashing Spree,gaming-puzzle
combined,Guilty as Sock  Six One Indie Showcase 2025 Trailer,gaming-other
combined,Hawk Rescued From Backyard Pool During Intense Heat Wave  The Dodo,other
combined,He gave her a ZWEIHANDER but the lesson was WRONG,gaming-other
combined,Heads of State  Official Final Trailer 2025 John Cena Idris Elba Priyanka Chopra Jonas,other
combined,Helldivers 2  Fully Ramblomatic,gaming-other
combined,Highway Engineer COMPLETES road building game,gaming-other
combined,How Balatro Was Made and Why The Creator Expected to Sell Only 6 Copies,gaming-other
combined,How Can You Spice Up A Time Limit,gaming-other
combined,How Isometric Coordinates Work in 2D games,gaming-other
combined,How Jonathan Blow Designs a Puzzle,gaming-puzzle
combined,How Return of the Obra Dinn Turns You Into a Detective,gaming-other
combined,How Snake Pass Became a Platformer Without Jumping,gaming-other
combined,How The Legend of Zelda Theme Works,gaming-other
combined,How The Legend of Zelda Theme Works,gaming-other
combined,How To Get Back Into A Game According to Science,gaming-other
combined,How to Design a Puzzle Game In 5 Steps,gaming-puzzle
combined,How to play Monopoly Longest Game Ever,gaming-other
combined,How to play Puyo Puyo  Lesson 1 Concept of making chains,gaming-puzzle
combined,How to play Puyo Puyo Tetris Tetris Basics,gaming-puzzle
combined,I Made An Infinite Loop When Optimizing My Factory  Manufactoria 2022,gaming-other
combined,I Made An Infinite Loop When Optimizing My Factory  Manufactoria 2022,gaming-other
combined,I Made an Evolution Simulator with silly little guys,gaming-other
combined,I Used 657 Keys to Unlock Giant Puzzle Doors  I Wanna Lockpick,gaming-puzzle
combined,I competed in the biggest puzzle contest in America And my new strategy worked,gaming-puzzle
combined,I made a big three headed wolf,other
combined,Ill give you testicular cancer Plate Up ft Kingspirits,other
combined,If Inception was a puzzle game,gaming-puzzle
combined,Is Jotun Worth It  Video Game Review,gaming-other
combined,Its a Tetrio TUESDAY,gaming-puzzle
combined,Jade Order Nintendo Switch Review  Strategy Adventure Game Thats Trying Something Different,gaming-other
combined,Jonathan Blow on his programming language jai,other
combined,Just Shapes  Beats  MUSICAL BULLET HELL 4 Player Gameplay,gaming-other
combined,Lady Charlottes proposal by tea ASMR Roleplay,other
combined,Learning Crossword Week 55  NYT Crossword Tuesday May 27th 2025,gaming-puzzle
combined,Lets Play Drop Duchy  You play well Simple Mistakes,gaming-other
combined,Lets Play Kirby  the Amazing Mirror Part 1,gaming-other
combined,Lets Play While True Learn  PC Gameplay Part 1  Machine Learning Is Hard,gaming-other
combined,Lets Talk About Tamagotchi Paradise and Why Im So Hyped,gaming-other
combined,Like a Dragon Infinite Wealth  Fully Ramblomatic,gaming-other
combined,Marathon Art Style Breakdown,other
combined,Mars Power Industries  Nintendo Switch Gameplay Review,gaming-other
combined,Massive Game Where the ENTIRE HOUSE is a Puzzle  The Room 4,gaming-puzzle
combined,Max and the Book of Chaos Nintendo Switch Gameplay,gaming-other
combined,Minesweeper  Hexagons  My Dream Video Game  Hexcells,gaming-puzzle
combined,Mini Puyo Lesson Vertical Chaining Fundamentals,gaming-puzzle
combined,Monty Python And The Holy Grail,other
combined,My Assistant became my Boss for the Day  AMD 5000 Ultimate Tech Upgrade,other
combined,My highways are so efficient they BREAK REALITY,gaming-other
combined,Nintendo Releases 60fps Footage of Pokemon Scarlet  Violet for Switch 2  IGN Daily Fix,gaming-other
combined,Opus Magnum  Pions Primal Perception,gaming-puzzle
combined,Opus Magnum Makes My Brain Melt Through my Ears,gaming-puzzle
combined,Opus Magnum is One of the Best Puzzle Games and Ive Never Played It,gaming-puzzle
combined,Overcooked All You Can Eat  1  WE RETURN 4Player Gameplay,gaming-other
combined,PURRRFECT PARTY GAME  Jumping Jazz Cats PC Gameplay,gaming-other
combined,Point and Click Puzzle Design,gaming-puzzle
combined,Puyo Lesson Breaking Down Stairs,gaming-puzzle
combined,Puyo Tutorials Part 2 Introduction to Chaining  The Blocking Method,gaming-puzzle
combined,ROLL THE DICE  Rounds,gaming-other
combined,Ratopia Gameplay No Commentary,gaming-other
combined,Rejecting cookies now costs money Is this even legal,other
combined,S2EP45 Working in Unity Pixel Art Roguelite Fantasy Team Builder TurnBase RPG,gaming-other
combined,San Francisco to Seattle by Public Transit ONLY  Day 3,other
combined,Saving Athena,gaming-other
combined,Sea Of Stars Throes Of The Watchmaker  Facing The Narcis King  Feral Queens Ticket  Episode 8,gaming-other
combined,Shattered Pixel Dungeon  Pacifist Ascent Badge GRIND,gaming-puzzle
combined,Some good old fashioned PaperandPencil Games from 3M 50 years ago,gaming-puzzle
combined,Sports Betting Last Week Tonight with John Oliver HBO,other
combined,State of Unreal  Unreal Fest Orlando 2025,gaming-other
combined,Sudoku Expert Plays The Witness,gaming-puzzle
combined,Taskmaster Season 19 Episode 2  An invisible jump rope  Full Episode,other
combined,Taskmaster Season 19 Episode 3  My presumably stum  Full Episode,other
combined,The 10Year Hunt for the Lost McDonalds DS Game,gaming-other
combined,The 100 Games That Taught Me Game Design,gaming-other
combined,The Answer to These Puzzles is Hiding in the Shadows,gaming-puzzle
combined,The BEST Nintendo Handheld Facts on YouTube GB GBA DS 3DS  more,gaming-other
combined,The Best Games from GMTK Game Jam 2020,gaming-other
combined,The Book Im Still Trapped In  Maze  Video Essay,gaming-puzzle
combined,The Book of Life,other
combined,The Book of Life,other
combined,The Book of Life,other
combined,The Cauldron Finale,other
combined,The Dumbest Things EV Owners Do,other
combined,The Fantastic Four First Steps  Official Teaser Trailer 2025 Pedro Pascal Joseph Quinn,other
combined,The Forgotten Easter Eggs of Portal,gaming-puzzle
combined,The Gardens Between REVIEW Nintendo Switch PS4 PC,gaming-puzzle
combined,The Gardens Between Switch Review  NEVER SEEN THIS BEFORE,gaming-puzzle
combined,The History of 120 Stars Early Era 2004  2014,gaming-other
combined,The History of Fantasy Maps,other
combined,The Hitchhikers Guide to the Galaxy,other
combined,The Life of Chuck  Official Trailer 2 2025 Tom Hiddleston Chiwetel Ejiofor Karen Gillan,other
combined,The Most Complex Game Ever Made,gaming-other
combined,The Myth of the Alpha Male,other
combined,The Nintendo Switch App Is Almost Perfect After Update,gaming-other
combined,The Nintendo character with zero Google results,gaming-other
combined,The Sudoku With Only 10 Words Of Rules,gaming-puzzle
combined,The Two Types of Random in Game Design,gaming-other
combined,The Two Types of Random in Game Design,gaming-other
combined,The UNSCAMMABLE PC  Feat Kitboga,gaming-other
combined,The World of Myst  The Full Saga  Complete Chronologies,gaming-puzzle
combined,The secret economics of Escape Rooms,other
combined,Theres no straight stacker  Insane Factory EP01  Shapez 2  Dimensions Update,gaming-other
combined,These Desert Puzzles are the Bane of my Existence,gaming-puzzle
combined,They Turned YouTube Itself Into A Puzzle Game,gaming-puzzle
combined,They made rejecting the terms and conditions x1000 harder,other
combined,Thinky Direct 2025  Exclusive trailers and announcements for puzzle fans,gaming-puzzle
combined,This Fantastic Woodpunk Automation Sim Is Finally Out In 10  Oddsparks An Automation Adventure,gaming-other
combined,This Game Looks Like Luck But Its All Skill  Sol Cesto,gaming-other
combined,This Opus Magnum machine scores higher than Grahams number,gaming-other
combined,This Psychological Trick Makes Rewards Backfire,other
combined,This Puzzle Game Is the Definition of a Masterpiece,gaming-puzzle
combined,This Puzzle Game Took EIGHT YEARS To Make  Taiji,gaming-puzzle
combined,This Reverse Puzzle Takes THREE Players to Solve,gaming-puzzle
combined,This Video Took Us 8 Years To Make,other
combined,This game SHOULD BE ILLEGAL,gaming-other
combined,This game gives you one hour to live,gaming-other
combined,This game outsmarted a professional engineer Baba Is You,gaming-puzzle
combined,Thrive The Evolution of a Game,gaming-other
combined,Tour de Force  Star Wars Games w Cameron Monaghan,gaming-other
combined,True Facts Beetles That Took Things Too Far,other
combined,True Wireless Power is FINALLY here building a TRULY wirefree setup,other
combined,Trump  The Press Last Week Tonight with John Oliver HBO,other
combined,Trump Orders Ban on Trans Military  Plans Lavish Military Parade All in 5 Months  The Daily Show,other
combined,Twitch Chat Makes It Impossible to Solve These Puzzles,gaming-puzzle
combined,Using Giant Hedge Mazes to Solve Confusing Puzzles,gaming-puzzle
combined,Using Incredible Improvisation to Beat Quarry Puzzles,gaming-puzzle
combined,VFX Artists React to Bad and Great CGi 178 Ft Adam Savage,other
combined,Welcome to the ASMR Library  Whispering Page Flipping Typing Etc,other
combined,Welcome to the ASMR Library  Whispering Page Flipping Typing Etc,other
combined,Whats Under The Sudoku Fog,gaming-puzzle
combined,Whats Under The Sudoku Fog,gaming-puzzle
combined,When a game makes your academic success worthless,gaming-other
combined,Why Is The US Dropping Billions Of Mutant Flies From The Sky,other
combined,Why Is The US Dropping Billions Of Mutant Flies From The Sky,other
combined,Why Its SO Hard to Find a Game You ACTUALLY Like,gaming-other
combined,Why The SCP Foundation Works and The Backrooms Failed,gaming-other
combined,Why are classic Tetris pros slower than modern Tetris pros,gaming-puzzle
combined,Wicked For Good  Official Trailer 2025 Cynthia Erivo Ariana Grande,other
combined,Windows Was The Problem All Along,other
combined,You Must Press Every Button,gaming-puzzle
combined,First Try Lumines II 2006 PSP  More Musical Squares 1080p60,gaming-puzzle
combined,Puyo Puyo Tetris 2 how to get murdered in under 30 seconds,gaming-puzzle
combined,bro they had to know they were giving us one of the greatest characters in movie history,other
combined,creative vs inventive,other
combined,over 3 hours of disturbing unsolved mysteries,other
